0_chr1	chr1	630882	630991	5712	5820
1_chr1	chr1	632565	632736	7394	7565
10_chr1	chr1	16777289	16777289	2264	-1
11_chr1	chr1	17697474	17697476	13997	14075
12_chr1	chr1	18468104	18468110	6991	7105
13_chr1	chr1	22805120	22805119	3550	3690
14_chr1	chr1	30312716	30312713	7815	7902
15_chr1	chr1	34043804	34043804	1501	1561
16_chr1	chr1	37611748	37611748	8933	9007
17_chr1	chr1	37878062	37878047	12091	12160
18_chr1	chr1	37964896	37964898	1947	2181
19_chr1	chr1	45512023	45512023	3071	-1
2_chr1	chr1	633991	633764	8822	8595
20_chr1	chr1	47577821	47577821	16455	-1
21_chr1	chr1	48194707	48194706	3568	3739
22_chr1	chr1	48441882	48441868	9781	11776
23_chr1	chr1	50714138	50714133	14195	16491
24_chr1	chr1	52979128	52979127	14860	14952
25_chr1	chr1	59195879	59195881	15420	15478
26_chr1	chr1	60662500	60662502	12698	12772
27_chr1	chr1	60745303	60745305	9771	9905
28_chr1	chr1	60828104	60828105	865	1253
29_chr1	chr1	62803798	62803800	9288	9538
3_chr1	chr1	1656201	1656212	433	501
30_chr1	chr1	63432586	63432575	466	577
32_chr1	chr1	67106853	67106853	13450	-1
33_chr1	chr1	73818966	73818965	1584	1659
34_chr1	chr1	75587548	75587549	10652	10816
35_chr1	chr1	75855371	75855369	12250	12382
36_chr1	chr1	78738220	78738194	3591	3793
37_chr1	chr1	82377239	82377224	5528	5831
38_chr1	chr1	85292006	85292006	9914	10071
39_chr1	chr1	86343240	86343239	12082	12188
4_chr1	chr1	4219640	4219621	12537	12627
40_chr1	chr1	86355209	86355210	2811	2882
41_chr1	chr1	87807864	87807861	13885	14016
42_chr1	chr1	92367989	92367985	8963	9034
43_chr1	chr1	97559467	97559467	14320	14391
44_chr1	chr1	101936948	101936940	-1	13052
45_chr1	chr1	103166189	103166192	12017	12200
46_chr1	chr1	105862911	105862912	12735	12818
47_chr1	chr1	109841389	109841389	3844	-1
48_chr1	chr1	118142056	118142050	2583	2652
49_chr1	chr1	125180142	125180212	8497	10301
53_chr1	chr1	147997141	147997141	1597	-1
54_chr1	chr1	152512409	152512412	5236	5382
55_chr1	chr1	152812311	152812311	6864	6960
56_chr1	chr1	155525795	155525795	5737	-1
57_chr1	chr1	157913738	157913738	16287	16460
58_chr1	chr1	160776432	160776431	12480	12555
59_chr1	chr1	167182477	167182477	1359	1488
6_chr1	chr1	8070356	8070356	6141	-1
60_chr1	chr1	167444555	167444534	13359	13438
61_chr1	chr1	167825568	167825569	313	9328
62_chr1	chr1	180632990	180632991	1286	1376
63_chr1	chr1	191651180	191651179	16105	16214
65_chr1	chr1	197920803	197920800	9023	9195
66_chr1	chr1	203322340	203322335	6391	6458
67_chr1	chr1	203882756	203882751	1250	1399
68_chr1	chr1	209990189	209990189	6511	-1
69_chr1	chr1	215086118	215086123	16188	16308
70_chr1	chr1	218311918	218311915	15203	165
71_chr1	chr1	225427299	225427270	4526	4716
72_chr1	chr1	227220810	227220809	10848	12955
73_chr1	chr1	231279452	231279458	10967	11136
74_chr1	chr1	231384677	231384678	12819	13054
75_chr1	chr1	233632219	233632218	15573	15700
76_chr1	chr1	238331185	238331180	2671	2749
77_chr1	chr1	238990896	238990897	5732	5868
78_chr1	chr1	240393351	240393350	3012	3165
79_chr1	chr1	241597173	241597171	4559	4718
8_chr1	chr1	14619065	14619073	5372	5450
9_chr1	chr1	16282037	16282038	341	499
0_chr10	chr10	2318533	2318533	-1	8849
1_chr10	chr10	4495912	4495912	-1	1183
10_chr10	chr10	29785497	29785492	715	824
11_chr10	chr10	31827945	31827944	15677	15836
13_chr10	chr10	37606009	37606009	-1	7836
15_chr10	chr10	42079430	42079949	-1	12018
16_chr10	chr10	45190150	45190148	802	953
17_chr10	chr10	51219557	51219557	-1	7304
18_chr10	chr10	55256358	55256358	-1	15801
19_chr10	chr10	56098226	56098227	14255	14337
2_chr10	chr10	10256610	10256611	11138	14161
20_chr10	chr10	58194702	58194701	15288	15546
21_chr10	chr10	69177241	69177242	6780	6847
22_chr10	chr10	74652186	74652183	13836	13965
23_chr10	chr10	77351186	77351187	2928	3057
24_chr10	chr10	78769261	78769260	6798	6904
25_chr10	chr10	88379200	88379201	14946	15161
26_chr10	chr10	88498852	88498849	4512	-1
28_chr10	chr10	90373860	90373860	1103	1280
29_chr10	chr10	111943999	111943998	8997	9198
3_chr10	chr10	11017716	11017716	11962	-1
30_chr10	chr10	115154183	115154183	13263	13370
31_chr10	chr10	118511165	118511164	11657	11786
32_chr10	chr10	120836863	120836862	3713	3782
33_chr10	chr10	131645821	131645823	13024	13160
34_chr10	chr10	132020024	132020023	10352	10994
5_chr10	chr10	18481208	18481208	11745	-1
6_chr10	chr10	20909079	20909078	15496	15579
7_chr10	chr10	20998050	20998050	-1	1322
8_chr10	chr10	22850282	22850286	2956	3078
9_chr10	chr10	28347234	28347232	14280	14423
0_chr11	chr11	793798	793798	7924	-1
1_chr11	chr11	877324	877328	6263	6328
10_chr11	chr11	45493319	45493317	4103	4187
11_chr11	chr11	45964398	45964398	13810	13927
12_chr11	chr11	46664658	46664657	11556	11800
13_chr11	chr11	49862019	49862017	16088	-1
14_chr11	chr11	60774158	60774118	15881	9649
15_chr11	chr11	65854682	65854682	10981	-1
16_chr11	chr11	67338867	67338870	12775	12865
17_chr11	chr11	69319152	69319154	11510	11706
19_chr11	chr11	75341605	75341603	12210	12302
2_chr11	chr11	4229778	4229779	3847	3993
20_chr11	chr11	77680972	77680958	13286	13451
21_chr11	chr11	79749491	79749491	16428	16569
22_chr11	chr11	95253824	95253820	5106	6042
23_chr11	chr11	100145004	100145018	11498	11557
24_chr11	chr11	101574721	101574721	-1	7918
25_chr11	chr11	102865606	102865607	7237	7349
26_chr11	chr11	103133618	103133617	10726	10974
27_chr11	chr11	109827128	109827128	-1	10117
28_chr11	chr11	109828511	109828511	9815	-1
29_chr11	chr11	115094800	115094801	12208	12282
3_chr11	chr11	10541593	10541592	11485	11753
30_chr11	chr11	117629515	117629515	5387	5451
31_chr11	chr11	123464053	123464056	875	1016
32_chr11	chr11	124094028	124094027	1320	1388
4_chr11	chr11	12746294	12746292	16333	16458
5_chr11	chr11	19573027	19573024	8397	8473
6_chr11	chr11	29246089	29246089	14454	14522
7_chr11	chr11	29687384	29687386	8941	6576
8_chr11	chr11	42233434	42233423	12982	13059
9_chr11	chr11	42463633	42463624	2809	2882
0_chr12	chr12	3801779	3801775	7658	7729
1_chr12	chr12	6247321	6247322	12157	12225
10_chr12	chr12	46597058	46597059	2998	3065
11_chr12	chr12	46766085	46766059	12811	12875
13_chr12	chr12	61501307	61501307	-1	4473
14_chr12	chr12	62174097	62174097	1295	1466
15_chr12	chr12	65161138	65161138	15644	15878
17_chr12	chr12	67861433	67861433	3096	-1
18_chr12	chr12	67873396	67873396	12298	2739
19_chr12	chr12	68125867	68125866	13943	14094
2_chr12	chr12	12092410	12092410	15033	15116
20_chr12	chr12	69644339	69644336	12811	12975
21_chr12	chr12	70403591	70403589	4786	4977
22_chr12	chr12	76517869	76517862	9380	9553
23_chr12	chr12	80125249	80125249	11784	-1
24_chr12	chr12	83507049	83507048	3221	3325
25_chr12	chr12	85928029	85928031	9837	9916
26_chr12	chr12	87694425	87694425	10367	10426
27_chr12	chr12	96223530	96223532	2056	2206
28_chr12	chr12	97734560	97734556	2472	-1
29_chr12	chr12	105854655	105854655	1374	1469
3_chr12	chr12	16925925	16925929	1415	1532
30_chr12	chr12	108960407	108960404	1094	1171
31_chr12	chr12	109107870	109107869	9154	9248
32_chr12	chr12	113475109	113475112	3315	3459
4_chr12	chr12	23558643	23558642	2641	2818
5_chr12	chr12	24906701	24906702	11972	12045
6_chr12	chr12	25663634	25663634	5331	-1
7_chr12	chr12	27043619	27043620	8871	8999
8_chr12	chr12	30974932	30974929	2009	2204
1_chr13	chr13	17032467	17032467	-1	13766
10_chr13	chr13	32707645	32707656	9220	9555
11_chr13	chr13	33063566	33063566	16475	-1
12_chr13	chr13	40974055	40974049	5822	5891
13_chr13	chr13	43472475	43472477	3536	3716
14_chr13	chr13	53888064	53888065	526	727
15_chr13	chr13	59025541	59025541	-1	14159
16_chr13	chr13	63429522	63429521	7495	7663
17_chr13	chr13	63837902	63837902	-1	808
18_chr13	chr13	69386166	69386166	-1	10919
19_chr13	chr13	70732607	70732541	16093	2818
20_chr13	chr13	70982173	70982177	1983	2061
21_chr13	chr13	74303991	74303990	2733	2807
22_chr13	chr13	77647947	77647947	3441	3547
23_chr13	chr13	82142024	82142027	10364	10450
24_chr13	chr13	82787814	82787814	954	1252
25_chr13	chr13	89944680	89944677	4477	4624
26_chr13	chr13	90379115	90379116	1985	2059
27_chr13	chr13	94109895	94109892	7591	7780
28_chr13	chr13	98742469	98742462	3418	3566
29_chr13	chr13	101263450	101263450	-1	2818
30_chr13	chr13	101267401	101267401	2749	-1
31_chr13	chr13	104245619	104245618	10660	10734
32_chr13	chr13	105496342	105496271	14862	14952
33_chr13	chr13	105974206	105974206	NA	NA
34_chr13	chr13	106325638	106325639	14642	8389
5_chr13	chr13	18726473	18726474	1325	1437
6_chr13	chr13	22404644	22404644	10748	11042
7_chr13	chr13	23500732	23500732	1743	1815
8_chr13	chr13	24160115	24160116	15985	16110
9_chr13	chr13	31690566	31690575	744	817
0_chr14	chr14	20565035	20565041	3667	3741
1_chr14	chr14	21440491	21440491	NA	NA
10_chr14	chr14	37237060	37237062	10470	10543
11_chr14	chr14	38655701	38655712	3912	3985
12_chr14	chr14	39276213	39276210	10093	10271
13_chr14	chr14	40321642	40321640	3588	3743
14_chr14	chr14	42236546	42236545	6002	6152
15_chr14	chr14	44768124	44768118	2729	2907
16_chr14	chr14	50633942	50633947	15676	15799
17_chr14	chr14	53238703	53238703	11975	12042
18_chr14	chr14	57282870	57282868	3549	3661
2_chr14	chr14	22020499	22020505	3665	3741
20_chr14	chr14	63566845	63566858	4602	4700
21_chr14	chr14	67408581	67408580	1837	1946
22_chr14	chr14	74793194	74793188	3467	3534
23_chr14	chr14	76359063	76359068	-1	14073
25_chr14	chr14	89386685	89386686	963	1465
26_chr14	chr14	93349248	93349248	-1	10422
27_chr14	chr14	94561439	94561439	NA	NA
28_chr14	chr14	97563752	97563755	10330	10426
29_chr14	chr14	99348843	99348826	2080	2275
3_chr14	chr14	23387890	23387889	2680	2770
31_chr14	chr14	99442112	99442112	12970	13045
32_chr14	chr14	100810155	100810155	10974	-1
33_chr14	chr14	105028261	105028260	2320	2427
34_chr14	chr14	105153911	105153906	16470	16538
4_chr14	chr14	29349659	29349659	10530	-1
5_chr14	chr14	31285675	31285673	13935	14005
6_chr14	chr14	31367714	31367715	9561	9628
7_chr14	chr14	32189814	32189803	14052	14233
8_chr14	chr14	33672822	33672823	6021	6307
9_chr14	chr14	36454094	36454088	14101	14243
0_chr15	chr15	24354554	24354549	1298	297
1_chr15	chr15	36821677	36821673	3709	3777
10_chr15	chr15	54342020	54342023	4571	4717
12_chr15	chr15	63350559	63350560	16034	16150
13_chr15	chr15	69226983	69226988	11889	-1
14_chr15	chr15	71873937	71873937	-1	6142
15_chr15	chr15	80153028	80153029	-1	2529
16_chr15	chr15	83421459	83421454	-1	8769
17_chr15	chr15	86101385	86101385	-1	14689
18_chr15	chr15	86114829	86114829	8443	8656
19_chr15	chr15	89833356	89833356	11270	-1
2_chr15	chr15	41486206	41486206	-1	11328
20_chr15	chr15	92216713	92216763	16217	-1
22_chr15	chr15	97196469	97196468	9486	9563
3_chr15	chr15	41493156	41493156	11344	-1
4_chr15	chr15	41892699	41892699	12281	12360
5_chr15	chr15	42046797	42046802	12642	12763
6_chr15	chr15	42484566	42484569	13642	13708
7_chr15	chr15	46974481	46974483	8988	9062
8_chr15	chr15	52288953	52288952	13323	13510
9_chr15	chr15	52915153	52915145	7897	8013
0_chr16	chr16	9689442	9689428	15995	220
1_chr16	chr16	20302669	20302614	4867	1686
10_chr16	chr16	35256000	35256000	-1	12702
11_chr16	chr16	35308947	35308947	9553	-1
12_chr16	chr16	46390884	46390970	7846	564
13_chr16	chr16	46394635	46395037	15260	2676
14_chr16	chr16	46400611	46401248	12238	14768
15_chr16	chr16	48591301	48591300	4562	4815
16_chr16	chr16	49471340	49471338	12351	12482
18_chr16	chr16	59718572	59718566	15705	15772
19_chr16	chr16	59910960	59910956	11584	11699
2_chr16	chr16	23889470	23889463	16481	16569
20_chr16	chr16	62085852	62085854	13578	13648
21_chr16	chr16	69091118	69091118	13788	13937
22_chr16	chr16	76772310	76772313	795	949
23_chr16	chr16	78191493	78191491	10154	10270
25_chr16	chr16	88176901	88176897	315	416
26_chr16	chr16	89297022	89297024	6162	6225
3_chr16	chr16	25757973	25757978	344	411
4_chr16	chr16	28261740	28261740	1246	1351
5_chr16	chr16	28300528	28300523	13170	13245
6_chr16	chr16	30931003	30931002	1555	1632
7_chr16	chr16	34583026	34583270	16476	7969
0_chr17	chr17	735464	735479	7975	8097
1_chr17	chr17	957330	957331	14038	14113
11_chr17	chr17	30225002	30225003	954	2717
12_chr17	chr17	38927718	38927717	106	14982
13_chr17	chr17	43501046	43501047	11450	11513
14_chr17	chr17	43618345	43618346	2626	2699
15_chr17	chr17	44311886	44311887	6464	6532
16_chr17	chr17	48638492	48638498	1592	1739
17_chr17	chr17	56090812	56090812	-1	14092
18_chr17	chr17	56725613	56725611	11390	11479
19_chr17	chr17	62502899	62502896	4575	4651
2_chr17	chr17	7532814	7532820	1271	1467
20_chr17	chr17	72049401	72049406	8387	8486
21_chr17	chr17	74213893	74213894	3368	3540
22_chr17	chr17	74297576	74297575	3591	3702
23_chr17	chr17	75623692	75623741	16493	500
24_chr17	chr17	76995146	76995146	12120	12211
3_chr17	chr17	7864797	7864799	9326	9523
4_chr17	chr17	16711875	16711875	3020	-1
5_chr17	chr17	17479795	17479799	11327	11461
6_chr17	chr17	19440399	19440403	15635	15702
7_chr17	chr17	22521425	22521425	-1	16569
0_chr18	chr18	1013610	1013609	4141	4215
1_chr18	chr18	4879212	4879209	12754	12967
10_chr18	chr18	34251455	34251456	7814	7892
11_chr18	chr18	47430757	47430762	11684	11877
12_chr18	chr18	48386403	48386400	1344	1528
14_chr18	chr18	58406634	58406634	1178	1286
15_chr18	chr18	58720701	58720702	13993	14069
16_chr18	chr18	59053963	59053963	-1	8250
17_chr18	chr18	59055786	59055786	8107	-1
18_chr18	chr18	59087203	59087183	10463	10542
19_chr18	chr18	64020428	64020428	2718	2847
2_chr18	chr18	8257973	8257972	6260	6330
21_chr18	chr18	77113653	77113655	3451	3572
3_chr18	chr18	11681980	11681966	741	806
4_chr18	chr18	11797476	11797476	-1	14782
5_chr18	chr18	11807151	11807151	13955	-1
6_chr18	chr18	26030692	26030699	4537	4628
7_chr18	chr18	29637249	29637249	9736	9892
8_chr18	chr18	30430466	30430470	10196	10270
9_chr18	chr18	32049097	32049102	13576	13635
0_chr19	chr19	4160100	4160101	3879	3961
1_chr19	chr19	7483756	7483755	1346	1467
10_chr19	chr19	44084861	44084865	15040	15171
11_chr19	chr19	45563680	45563677	3219	3288
2_chr19	chr19	15630049	15630047	5736	5849
3_chr19	chr19	17551389	17551389	16393	-1
4_chr19	chr19	21378003	21378000	7497	7572
5_chr19	chr19	22566480	22566480	12732	12859
6_chr19	chr19	30379834	30379834	6239	941
7_chr19	chr19	31452430	31452429	7833	7970
8_chr19	chr19	35520722	35520721	3126	3193
9_chr19	chr19	42908959	42908962	1311	1462
0_chr2	chr2	1917929	1917924	12791	12892
1_chr2	chr2	4160858	4160858	15731	15933
11_chr2	chr2	32916214	32916334	16088	299
12_chr2	chr2	33667411	33667415	14776	15022
13_chr2	chr2	35299309	35299310	2534	2705
14_chr2	chr2	38343101	38343101	6580	-1
15_chr2	chr2	52647946	52647941	5998	7363
16_chr2	chr2	59474316	59474312	11226	11293
17_chr2	chr2	61714761	61714763	1410	1480
18_chr2	chr2	64370012	64370016	-1	7430
19_chr2	chr2	68089388	68089389	9257	9334
2_chr2	chr2	9380476	9380475	8287	8359
20_chr2	chr2	68529837	68529812	6807	6968
21_chr2	chr2	72151470	72151461	8963	9146
22_chr2	chr2	79621405	79621411	3368	3479
23_chr2	chr2	80048345	80048360	16293	-1
24_chr2	chr2	85586684	85586682	6356	6445
25_chr2	chr2	88527455	88527454	4775	4879
26_chr2	chr2	88984116	88984116	6907	-1
27_chr2	chr2	89122971	89122970	2303	2506
28_chr2	chr2	99198218	99198217	13955	14048
29_chr2	chr2	101504097	101504097	1615	-1
3_chr2	chr2	10388724	10388724	-1	7443
30_chr2	chr2	103532877	103532883	6621	6775
31_chr2	chr2	104835776	104835775	1286	1356
32_chr2	chr2	107736826	107736829	8643	9189
33_chr2	chr2	123447603	123447610	1618	1688
34_chr2	chr2	128624367	128624381	9813	9972
35_chr2	chr2	130292730	130292732	6258	6325
36_chr2	chr2	133061844	133061844	5737	5826
37_chr2	chr2	140709195	140709172	566	634
38_chr2	chr2	141135080	141135079	4480	5747
39_chr2	chr2	141208192	141208192	-1	15266
4_chr2	chr2	22947577	22947580	16362	16459
40_chr2	chr2	142731761	142731762	5606	5875
41_chr2	chr2	146476047	146476048	13941	14012
42_chr2	chr2	146907072	146907066	7610	7680
44_chr2	chr2	155781620	155781613	4883	5055
45_chr2	chr2	160001118	160001120	325	435
46_chr2	chr2	169666223	169666292	-1	5804
47_chr2	chr2	170871501	170871491	5912	6106
48_chr2	chr2	172668683	172668683	8606	-1
49_chr2	chr2	176452001	176451996	14065	14340
5_chr2	chr2	23381416	23381416	15906	16054
50_chr2	chr2	178414484	178414485	3732	3799
51_chr2	chr2	181417209	181417199	12516	12692
52_chr2	chr2	190752703	190752671	15031	15030
53_chr2	chr2	191564584	191564584	-1	8147
54_chr2	chr2	197698162	197698166	12467	12558
55_chr2	chr2	198494481	198494486	7972	8191
56_chr2	chr2	205843305	205843304	12300	12392
57_chr2	chr2	208836675	208836681	15552	15619
58_chr2	chr2	219380766	219380771	9576	9692
59_chr2	chr2	219395885	219395880	15503	15661
6_chr2	chr2	24041334	24041333	8437	10398
7_chr2	chr2	28567134	28567130	6566	6671
8_chr2	chr2	32469176	32469176	6185	6253
9_chr2	chr2	32740627	32740627	12822	-1
0_chr20	chr20	9301934	9301932	13732	3936
1_chr20	chr20	14754146	14754146	14240	-1
10_chr20	chr20	24071976	24071968	13334	13581
11_chr20	chr20	25233797	25233791	306	929
12_chr20	chr20	32604871	32604871	889	957
13_chr20	chr20	35737496	35737495	7586	7720
14_chr20	chr20	42305481	42305481	11513	11576
15_chr20	chr20	42800618	42800618	NA	NA
16_chr20	chr20	44023677	44023679	3428	3543
17_chr20	chr20	46934716	46934402	6845	7035
18_chr20	chr20	49282289	49282289	-1	10593
19_chr20	chr20	51496398	51496398	-1	11197
2_chr20	chr20	14755587	14755653	-1	184
20_chr20	chr20	62012586	62012587	2252	2407
3_chr20	chr20	16381195	16381195	4783	-1
4_chr20	chr20	19229887	19229888	2411	2545
5_chr20	chr20	21474598	21474595	12314	9526
6_chr20	chr20	22815052	22815052	8391	-1
7_chr20	chr20	22817234	22817234	-1	13428
9_chr20	chr20	22949906	22949907	3334	3411
0_chr21	chr21	9676568	9676808	12360	13227
10_chr21	chr21	38324895	38324897	11105	16046
11_chr21	chr21	39582802	39582802	13978	-1
12_chr21	chr21	41150499	41150499	2706	-1
2_chr21	chr21	14376880	14376881	12918	13033
3_chr21	chr21	14612574	14612566	12978	13128
4_chr21	chr21	15135693	15135695	14242	14315
5_chr21	chr21	16545389	16545390	7117	7225
6_chr21	chr21	21708297	21708298	5712	5820
7_chr21	chr21	23207458	23207464	5975	6186
8_chr21	chr21	34534558	34534558	1410	1495
9_chr21	chr21	35789395	35789399	11536	11669
0_chr22	chr22	17271284	17271278	2595	2699
1_chr22	chr22	20344980	20344980	5361	-1
10_chr22	chr22	42787960	42787960	15343	15523
11_chr22	chr22	43334838	43334839	10793	10907
12_chr22	chr22	44177565	44177566	13214	13361
13_chr22	chr22	44903555	44903555	-1	12013
14_chr22	chr22	45481828	45481828	16101	-1
15_chr22	chr22	47789221	47789224	6022	6170
16_chr22	chr22	48629728	48629728	1583	1712
17_chr22	chr22	50053866	50053855	10106	11867
3_chr22	chr22	26742744	26742742	16011	16206
4_chr22	chr22	27051912	27051912	8670	8796
5_chr22	chr22	29157467	29157467	15079	-1
6_chr22	chr22	30625338	30625342	13330	13513
7_chr22	chr22	33446542	33446547	7670	7834
8_chr22	chr22	35107043	35107045	-1	11718
9_chr22	chr22	37330441	37330441	718	861
0_chr3	chr3	1219989	1219990	527	670
1_chr3	chr3	6325609	6325610	11445	11513
10_chr3	chr3	23748210	23748206	15573	15729
11_chr3	chr3	24997186	24997188	7933	8003
12_chr3	chr3	34278508	34278503	6253	6369
13_chr3	chr3	34808721	34808721	696	803
14_chr3	chr3	37140494	37140490	14845	15006
15_chr3	chr3	50152160	50152154	-1	1270
16_chr3	chr3	51857578	51857578	-1	9500
17_chr3	chr3	51971011	51971013	14006	14142
18_chr3	chr3	53357249	53357239	13196	13376
19_chr3	chr3	56113192	56113193	11220	11331
2_chr3	chr3	10191005	10191005	10196	10271
20_chr3	chr3	60743952	60743946	6403	6681
21_chr3	chr3	68732365	68732362	11689	11780
22_chr3	chr3	68870790	68870790	4477	-1
23_chr3	chr3	69071048	69071049	15138	15205
24_chr3	chr3	71473281	71473282	6502	6571
25_chr3	chr3	76597815	76597809	928	1018
26_chr3	chr3	82779104	82779109	6847	6912
27_chr3	chr3	88700048	88700035	6509	6620
28_chr3	chr3	93470361	93470770	9205	7089
29_chr3	chr3	93892482	93892482	13913	-1
3_chr3	chr3	11241516	11241528	15538	15741
30_chr3	chr3	96686638	96686638	3708	3791
31_chr3	chr3	96699904	96699906	7588	7763
32_chr3	chr3	97846933	97846939	2659	2767
33_chr3	chr3	98092666	98092664	12892	12967
34_chr3	chr3	104185404	104185407	2211	2835
35_chr3	chr3	105752525	105752527	693	816
36_chr3	chr3	109213063	109213065	13968	14046
37_chr3	chr3	118014259	118014262	7492	7561
38_chr3	chr3	121414750	121414744	9023	9089
39_chr3	chr3	142815571	142815572	1378	1688
4_chr3	chr3	12737599	12737599	6133	6390
40_chr3	chr3	147918080	147918074	5616	5743
41_chr3	chr3	152712896	152712885	11972	12037
42_chr3	chr3	155976913	155976912	12816	12917
43_chr3	chr3	163552601	163552600	15819	-1
44_chr3	chr3	167853113	167853109	14361	14505
45_chr3	chr3	169348516	169348481	-1	11110
46_chr3	chr3	171489896	171489896	12195	12430
47_chr3	chr3	171638075	171638075	14846	-1
48_chr3	chr3	178123628	178123630	14957	15031
49_chr3	chr3	180265240	180265241	10360	10478
5_chr3	chr3	15026233	15026232	12565	13089
50_chr3	chr3	181745921	181745921	3162	-1
51_chr3	chr3	185626965	185626965	8208	-1
52_chr3	chr3	187675350	187675352	750	869
54_chr3	chr3	198083798	198083798	-1	9512
6_chr3	chr3	17495128	17495129	7919	7982
7_chr3	chr3	17999761	17999761	12288	13613
8_chr3	chr3	19817636	19817637	761	909
9_chr3	chr3	22189159	22189152	7819	8041
0_chr4	chr4	7252650	7252655	11680	11745
1_chr4	chr4	8271545	8271545	-1	604
10_chr4	chr4	47387261	47387267	6027	6170
12_chr4	chr4	49113874	49113876	14370	14530
15_chr4	chr4	52859795	52859795	-1	6038
16_chr4	chr4	56448593	56448597	15733	15894
17_chr4	chr4	67851158	67851159	14949	15030
18_chr4	chr4	72281341	72281339	10846	10975
19_chr4	chr4	77443927	77444016	16246	166
20_chr4	chr4	81002218	81002225	5539	5613
21_chr4	chr4	82695012	82695010	11022	11188
22_chr4	chr4	86138999	86138985	6147	6217
23_chr4	chr4	87515576	87515576	-1	12320
24_chr4	chr4	96011892	96011891	1149	1294
25_chr4	chr4	99318948	99318940	11059	11130
26_chr4	chr4	104523233	104523233	14519	-1
27_chr4	chr4	104527045	104527045	12007	-1
28_chr4	chr4	109944452	109944452	-1	4486
29_chr4	chr4	113389248	113389247	14850	14933
3_chr4	chr4	20959733	20959736	6131	6268
30_chr4	chr4	114712279	114712290	4064	-1
31_chr4	chr4	117109783	117109784	4361	4476
32_chr4	chr4	120089877	120089871	9106	9175
33_chr4	chr4	125395720	125395715	13785	13936
34_chr4	chr4	126419043	126419044	14030	14098
35_chr4	chr4	128914141	128914141	8434	8656
36_chr4	chr4	129051044	129051043	4535	4718
37_chr4	chr4	129056530	129056530	-1	10872
39_chr4	chr4	130549338	130549336	3626	3738
4_chr4	chr4	27409317	27409317	6243	-1
40_chr4	chr4	130704932	130704932	15312	15525
41_chr4	chr4	134635257	134635253	13484	13724
42_chr4	chr4	135408112	135408112	12762	-1
43_chr4	chr4	141819560	141819566	12286	12350
44_chr4	chr4	146200468	146200467	3184	3254
45_chr4	chr4	146929387	146929389	3247	6931
46_chr4	chr4	148742233	148742230	5727	5751
47_chr4	chr4	157631209	157631208	7497	7567
48_chr4	chr4	162691901	162691877	8919	9005
49_chr4	chr4	164475786	164475789	10989	11199
5_chr4	chr4	29439625	29439625	12834	12997
50_chr4	chr4	178496733	178496733	-1	6018
51_chr4	chr4	180616168	180616168	-1	4985
52_chr4	chr4	180618561	180618561	2544	-1
6_chr4	chr4	36561841	36561840	14846	14947
7_chr4	chr4	36703510	36703493	16404	16379
8_chr4	chr4	43684979	43684968	11972	12110
9_chr4	chr4	45144666	45144666	6975	7217
0_chr5	chr5	942637	942639	14400	14504
1_chr5	chr5	3825900	3825906	3589	3737
10_chr5	chr5	29766209	29766200	9136	9210
11_chr5	chr5	32338477	32338477	12714	-1
12_chr5	chr5	34297605	34297609	8085	8235
13_chr5	chr5	38402673	38402670	10208	-1
14_chr5	chr5	44555191	44555190	13698	13844
19_chr5	chr5	51895309	51895029	2052	16242
2_chr5	chr5	12438417	12438417	7830	-1
20_chr5	chr5	56619883	56619885	11574	11692
21_chr5	chr5	59066875	59066864	302	203
22_chr5	chr5	59860375	59860376	5617	5811
23_chr5	chr5	88847457	88847453	3904	3988
24_chr5	chr5	106291803	106291803	16500	-1
25_chr5	chr5	106292609	106292609	-1	2227
26_chr5	chr5	107620364	107620368	6429	6515
27_chr5	chr5	114288731	114288727	2002	2073
28_chr5	chr5	115307239	115307237	5629	5836
29_chr5	chr5	115316577	115316569	2836	2913
3_chr5	chr5	12526711	12526710	12397	10203
30_chr5	chr5	120621725	120621727	8488	8605
31_chr5	chr5	123785789	123785792	818	896
32_chr5	chr5	123983398	123983399	4509	4698
33_chr5	chr5	128291779	128291780	15637	15783
34_chr5	chr5	128797680	128797680	-1	8194
35_chr5	chr5	128800895	128800895	12313	-1
36_chr5	chr5	134648604	134648604	10565	-1
37_chr5	chr5	134927713	134927815	10980	10914
38_chr5	chr5	137311747	137311747	-1	189
39_chr5	chr5	137621828	137621824	11660	11770
4_chr5	chr5	14795818	14795816	9317	9383
40_chr5	chr5	142097678	142097674	2002	2136
41_chr5	chr5	144790244	144790240	15177	15510
42_chr5	chr5	146538398	146538398	2035	2157
43_chr5	chr5	159076841	159076839	12812	12946
44_chr5	chr5	163402713	163402717	10358	-1
45_chr5	chr5	169097508	169097512	11975	12114
46_chr5	chr5	170435825	170435816	3606	3706
47_chr5	chr5	172117096	172117097	12928	12998
48_chr5	chr5	172872506	172872509	8608	8687
49_chr5	chr5	173726879	173726877	14240	14346
5_chr5	chr5	18740199	18740200	12381	12569
50_chr5	chr5	180235583	180235581	3665	3747
6_chr5	chr5	20702535	20702535	-1	3473
8_chr5	chr5	26813361	26813361	-1	2464
9_chr5	chr5	28004248	28004250	2824	2917
0_chr6	chr6	7937908	7937904	7634	7713
1_chr6	chr6	8276788	8276781	8298	8369
11_chr6	chr6	34998766	34998767	3410	3488
12_chr6	chr6	37251568	37251572	345	420
13_chr6	chr6	41370948	41370947	7700	7827
14_chr6	chr6	63050145	63050150	9589	9794
15_chr6	chr6	66782687	66782687	-1	12636
16_chr6	chr6	67215628	67215627	3844	3935
17_chr6	chr6	67624841	67624841	6278	-1
18_chr6	chr6	67768120	67768120	4793	-1
19_chr6	chr6	71248730	71248728	7064	7230
2_chr6	chr6	9415634	9415635	1678	1770
20_chr6	chr6	76463398	76463399	12766	12837
21_chr6	chr6	76723370	76723369	1440	1790
22_chr6	chr6	78791739	78791738	11741	11959
23_chr6	chr6	79213519	79213519	11403	11485
24_chr6	chr6	92216526	92216528	16501	1725
25_chr6	chr6	92362291	92362292	15669	15734
26_chr6	chr6	93711086	93711086	15040	15195
27_chr6	chr6	100157772	100157772	-1	9457
28_chr6	chr6	100158804	100158804	16509	9486
29_chr6	chr6	102005767	102005770	1351	1418
3_chr6	chr6	14364571	14364571	237	-1
30_chr6	chr6	102877812	102877808	14641	14844
31_chr6	chr6	103512050	103512047	5741	5915
32_chr6	chr6	105039588	105039586	3700	3782
33_chr6	chr6	106433342	106433340	13178	13244
34_chr6	chr6	116395919	116395903	9466	9553
35_chr6	chr6	117985332	117985335	-1	14982
36_chr6	chr6	123066711	123066700	12974	13213
37_chr6	chr6	125379148	125379150	5929	6057
38_chr6	chr6	137387592	137387566	14787	14864
39_chr6	chr6	144696636	144696638	9851	9927
4_chr6	chr6	14980480	14980480	7700	-1
40_chr6	chr6	144975713	144975713	7936	8150
41_chr6	chr6	145980486	145980485	3564	2381
42_chr6	chr6	148102036	148102041	-1	10946
43_chr6	chr6	155655780	155655778	4523	4731
44_chr6	chr6	157370086	157370071	14549	14693
45_chr6	chr6	157691307	157691306	4508	4661
5_chr6	chr6	17748411	17748405	3759	3837
6_chr6	chr6	21705533	21705904	11578	11675
7_chr6	chr6	23315766	23315771	9690	9810
8_chr6	chr6	31392228	31392228	3574	3652
9_chr6	chr6	31746588	31746588	7961	-1
0_chr7	chr7	9073255	9073255	872	-1
1_chr7	chr7	11561116	11561113	5968	6132
11_chr7	chr7	35744593	35744593	11904	-1
12_chr7	chr7	39108647	39108642	12813	16563
13_chr7	chr7	39153622	39153610	2840	2908
14_chr7	chr7	46164246	46164246	4799	4918
15_chr7	chr7	47619159	47619161	3172	15990
16_chr7	chr7	56619194	56619190	12125	12191
17_chr7	chr7	57345973	57345974	5975	6171
18_chr7	chr7	60964578	60964579	5738	5850
19_chr7	chr7	67933491	67933491	11558	-1
2_chr7	chr7	12235316	12235300	15551	-1
20_chr7	chr7	67943622	67943621	16318	16460
21_chr7	chr7	78111059	78111055	4313	4439
22_chr7	chr7	87028418	87028407	11243	15628
24_chr7	chr7	92937698	92937698	-1	9312
25_chr7	chr7	92939907	92939907	5596	-1
26_chr7	chr7	100079418	100079418	-1	15231
28_chr7	chr7	109994993	109994993	11386	11459
29_chr7	chr7	115030581	115030581	3217	-1
3_chr7	chr7	13136058	13136058	-1	10582
30_chr7	chr7	116380901	116380904	6844	6925
31_chr7	chr7	117302475	117302475	-1	3963
32_chr7	chr7	117452063	117452063	9930	-1
33_chr7	chr7	124109965	124109965	5138	5219
34_chr7	chr7	128252472	128252472	14984	15058
35_chr7	chr7	148331303	148331292	13517	13678
36_chr7	chr7	157458482	157458481	10196	10273
37_chr7	chr7	158595337	158595337	NA	NA
4_chr7	chr7	13161796	13161796	10618	-1
5_chr7	chr7	14093711	14093709	745	820
6_chr7	chr7	19159064	19159064	7760	7856
7_chr7	chr7	19956139	19956138	6188	6362
8_chr7	chr7	20009269	20009262	2733	2811
9_chr7	chr7	27391207	27391206	4792	4940
0_chr8	chr8	9879373	9879372	6977	7058
1_chr8	chr8	17645852	17645847	15187	13201
10_chr8	chr8	52160179	52160169	4813	4928
11_chr8	chr8	55020046	55020046	3176	-1
12_chr8	chr8	55026884	55026884	-1	4195
13_chr8	chr8	55354893	55354893	12360	12638
14_chr8	chr8	62102863	62102872	7083	8553
15_chr8	chr8	64275626	64275628	3886	3985
16_chr8	chr8	64383673	64383670	3194	3388
17_chr8	chr8	68884971	68884969	15287	15361
18_chr8	chr8	70648175	70648175	NA	-1
19_chr8	chr8	81347330	81347319	959	1034
2_chr8	chr8	23575503	23575502	6441	6453
20_chr8	chr8	83843624	83843623	9182	9248
21_chr8	chr8	84378293	84378234	2816	3021
22_chr8	chr8	89502267	89502254	14831	15030
23_chr8	chr8	91237672	91237672	15582	-1
24_chr8	chr8	92261147	92261165	4592	4799
25_chr8	chr8	93230969	93230953	7209	7383
26_chr8	chr8	94854718	94854725	15741	15811
27_chr8	chr8	99144075	99144069	6874	10017
28_chr8	chr8	103572749	103572748	16388	16501
29_chr8	chr8	104885619	104885631	831	899
3_chr8	chr8	28860853	28860847	13413	13587
30_chr8	chr8	106328310	106328308	3730	8946
31_chr8	chr8	110170732	110170731	6255	6374
32_chr8	chr8	120057826	120057826	13715	-1
33_chr8	chr8	121369422	121369422	-1	241
34_chr8	chr8	124554977	124554975	13968	14131
35_chr8	chr8	125218370	125218360	10646	10765
36_chr8	chr8	125623896	125623894	13936	14009
37_chr8	chr8	131830536	131830535	11710	11856
38_chr8	chr8	132934646	132934643	15679	16553
39_chr8	chr8	134797163	134797158	15618	15733
4_chr8	chr8	31912608	31912603	7900	8117
40_chr8	chr8	137539013	137539007	2815	2892
6_chr8	chr8	37103528	37103527	14077	14294
7_chr8	chr8	41002671	41002671	-1	8883
8_chr8	chr8	41513047	41513048	12932	13105
9_chr8	chr8	50122191	50122190	5190	5263
0_chr9	chr9	129766	129775	6224	6420
1_chr9	chr9	5961866	5961882	4510	4712
10_chr9	chr9	30395919	30395919	13849	13987
11_chr9	chr9	34340852	34340848	9861	9964
12_chr9	chr9	36343828	36343828	16467	-1
13_chr9	chr9	79124625	79124624	10721	10933
14_chr9	chr9	80164990	80164967	16361	15894
15_chr9	chr9	84745559	84745558	6929	7228
16_chr9	chr9	86240290	86240289	12475	12536
17_chr9	chr9	87232068	87232068	11913	-1
19_chr9	chr9	89062044	89062046	2809	2877
2_chr9	chr9	12855791	12855769	13217	-1
20_chr9	chr9	90271623	90271626	3159	3231
21_chr9	chr9	91280650	91280654	1368	1478
22_chr9	chr9	91775895	91775897	14905	15159
23_chr9	chr9	92263395	92263394	11679	11837
24_chr9	chr9	92860964	92860966	846	932
25_chr9	chr9	95626807	95626807	-1	3544
26_chr9	chr9	95628231	95628231	3383	-1
27_chr9	chr9	96490697	96490686	13769	13938
28_chr9	chr9	100776508	100776508	13127	13245
29_chr9	chr9	110244270	110244297	7923	8027
3_chr9	chr9	13845550	13845550	9090	-1
30_chr9	chr9	115404522	115404572	6439	6542
31_chr9	chr9	125751872	125751871	12818	12893
32_chr9	chr9	127011125	127011125	14919	-1
33_chr9	chr9	127335180	127335181	-1	13613
34_chr9	chr9	128007530	128007529	6913	6998
35_chr9	chr9	128040051	128040051	3634	3900
4_chr9	chr9	15435477	15435478	-1	9147
5_chr9	chr9	15991799	15991805	8607	8734
6_chr9	chr9	21110072	21110071	1552	1721
7_chr9	chr9	23597648	23597650	1930	2008
8_chr9	chr9	25147087	25147088	7805	8041
9_chr9	chr9	30360501	30360506	15601	13307
0_chrX	chrX	5782857	5782864	1601	1683
1_chrX	chrX	8949137	8949137	16112	16178
10_chrX	chrX	46487737	46487738	911	1204
11_chrX	chrX	51730714	51730714	-1	15825
12_chrX	chrX	65095529	65095529	1635	-1
13_chrX	chrX	65096774	65096774	-1	1770
15_chrX	chrX	80021749	80021753	3409	3545
16_chrX	chrX	83249120	83249121	16071	16187
17_chrX	chrX	88719568	88719564	13969	14034
18_chrX	chrX	93645291	93645285	9265	9337
19_chrX	chrX	95188889	95188889	12463	12596
2_chrX	chrX	15739023	15739026	11617	11689
20_chrX	chrX	101315796	101315792	10469	10622
21_chrX	chrX	121593019	121593019	-1	6687
24_chrX	chrX	127368351	127368342	516	658
25_chrX	chrX	129649905	129649907	11547	11782
26_chrX	chrX	147873717	147873719	1712	1779
27_chrX	chrX	152192104	152192104	-1	8097
3_chrX	chrX	16960562	16960559	6180	6252
4_chrX	chrX	19630505	19630505	15823	-1
6_chrX	chrX	45545259	45545259	8181	-1
7_chrX	chrX	45552213	45552213	-1	306
8_chrX	chrX	46177915	46177914	11531	11589
9_chrX	chrX	46200746	46200746	3621	3706