ID	质控状态
10171809196077	PASS
10181809195884	PASS
10861809199391	PASS
10861811591143	PASS
11711809196049	PASS
11881810065229	PASS
12001809291229	PASS
12631811590582	PASS
13021811591239	PASS
13041809199054	PASS
13241811591188	PASS
13491809184276	PASS
13851809199389	PASS
13881809199195	PASS
14481809290742	PASS
14601811591716	PASS
15471811593385	PASS
15661809195916	PASS
15671809292771	PASS
15781809295696	PASS
16061809198711	PASS
16261809198714	PASS
16421809291286	PASS
16601809195885	PASS
1674180816507W	PASS
17011809291291	PASS
1803180816020W	PASS
18071809196110	PASS
18971809195657	PASS
19661809199612	PASS
19751811590329	PASS
20141809196084	PASS
20161809295225	PASS
20261809291348	PASS
21021809195908	PASS
21281809195614	PASS
23151809198834	PASS
2393180816655W	PASS
24231809195543	PASS
24571809291303	PASS
24831811591770	PASS
25141810065244	PASS
25481809292815	PASS
2596180816616W	PASS
26301809196026	PASS
26721809291177	PASS
26961809198943	PASS
27121811590748	PASS
27291809199217	PASS
27621810065314	PASS
27891809195242	PASS
27991809182035	PASS
28171809195881	PASS
28281809198649	PASS
28841809195660	PASS
29091811590745	PASS
29151811590502	PASS
2BD20220300001	PASS
2BD20220300002	PASS
2BD20220300003	PASS
2BD20220300004	PASS
2BD20220300005	PASS
2BD20220300006	PASS
2BD20220300007	PASS
2BD20220300008	PASS
2BD20220300010	PASS
2BD20220300011	PASS
2BD20220300012	PASS
2BD20220300014	PASS
2BD20220300016	PASS
2BD20220300018	PASS
2BD20220300020	PASS
2BD20220300022	PASS
2BD20220300024	PASS
2BD20220300026	PASS
2BD20220300030	PASS
2BD20220300031	PASS
2BD20220300033	PASS
2BD20220300034	PASS
2BD20220300035	PASS
2BD20220300038	PASS
2BD20220300040	PASS
2BD20220300041	PASS
2BD20220300042	PASS
2BD20220300044	PASS
2BD20220300045	PASS
2BD20220300046	PASS
2BD20220300047	PASS
2BD20220300048	PASS
2BD20220300049	PASS
2BD20220300051	PASS
2BD20220300052	PASS
2BD20220300053	PASS
2BD20220300055	PASS
2BD20220300056	PASS
2BD20220300057	PASS
2BD20220300058	PASS
2BD20220300060	PASS
2BD20220300064	PASS
2BD20220300065	PASS
2BD20220300066	PASS
2BD20220300067	PASS
2BD20220300068	PASS
2BD20220300070	PASS
2BD20220300071	PASS
2BD20220300073	PASS
2BD20220300074	PASS
2BD20220300080	PASS
2BD20220300081	PASS
2BD20220300083	PASS
2BD20220300084	PASS
2BD20220300085	PASS
2BD20220300086	PASS
2BD20220300087	PASS
2BD20220300089	PASS
2BD20220300091	PASS
2BD20220300092	PASS
2BD20220300093	PASS
2BD20220300094	PASS
2BD20220300096	PASS
2BD20220300098	PASS
2BD20220400001	PASS
2BD20220400002	PASS
2BD20220400003	PASS
2BD20220400004	PASS
2BD20220400006	PASS
2BD20220400007	PASS
2BD20220400009	PASS
2BD20220400011	PASS
2BD20220400017	PASS
2BD20220400019	PASS
2BD20220400020	PASS
2BD20220400021	PASS
2BD20220400023	PASS
2BT20080100003	PASS
2BT20080100007	PASS
2BT20080100008	PASS
2BT20080100009	PASS
2BT20080100011	PASS
2BT20080100012	PASS
2BT20080100014	PASS
2BT20080100015	PASS
2BT20080100016	PASS
2BT20080100018	PASS
2BT20080100019	PASS
2BT20080100020	PASS
2BT20080100021	PASS
2BT20080100022	PASS
2BT20080100024	PASS
2BT20080100026	PASS
2BT20080100028	PASS
2BT20080100029	PASS
2BT20080100030	PASS
2BT20080100035	PASS
2BT20080100037	PASS
2BT20080100038	PASS
2BT20080100039	PASS
2BT20080100040	PASS
2BT20080100041	PASS
2BT20080100042	PASS
2BT20080100044	PASS
2BT20080100046	PASS
2BT20080100048	PASS
2BT20080100049	PASS
2BT20080100050	PASS
2BT20080100052	PASS
2BT20080100054	PASS
2BT20080100056	PASS
2BT20080100058	PASS
2BT20080100059	PASS
2BT20080100060	PASS
2BT20080100062	PASS
2BT20080100063	PASS
2BT20080100069	PASS
2BT20080100075	PASS
2BT20080100077	PASS
2BT20080100078	PASS
2BT20080100079	PASS
2BT20080100080	PASS
2BT20080100081	PASS
2BT20080100084	PASS
2BT20080100085	PASS
2BT20080100089	PASS
2BT20080100090	PASS
2BT20080100096	PASS
2BT20080100113	PASS
2BT20080100114	PASS
2BT20080100116	PASS
2BT20080100117	PASS
2BT20080100118	PASS
2BT20080100119	PASS
2BT20080100120	PASS
2BT20080100121	PASS
2BT20080100124	PASS
2BT20080100126	PASS
2BT20080100127	PASS
2BT20080100128	PASS
2BT20080100129	PASS
2BT20080100132	PASS
2BT20080100133	PASS
2BT20080100136	PASS
2BT20080100138	PASS
2BT20080100139	PASS
2BT20080100140	PASS
2BT20080100142	PASS
2BT20080100143	PASS
2BT20080100144	PASS
2BT20080100145	PASS
2BT20080100147	PASS
2BT20080100148	PASS
2BT20080100150	PASS
2BT20080200018	PASS
2BT20080200019	PASS
2BT20080200020	PASS
2BT20080200026	PASS
2BT20080200028	PASS
2BT20080200030	PASS
2BT20080200043	PASS
2BT20080300007	PASS
2BT20080300011	PASS
2BT20080300014	PASS
2BT20080300015	PASS
2BT20220100001	PASS
2BT20220100002	PASS
2BT20220100003	PASS
2BT20220100004	PASS
2BT20220100005	PASS
2BT20220100006	PASS
2BT20220100007	PASS
2BT20220100009	PASS
2BT20220100012	PASS
2BT20220100016	PASS
2BT20220100017	PASS
2BT20220100019	PASS
2BT20220100020	PASS
2BT20220100021	PASS
2BT20220100023	PASS
2BT20220100026	PASS
2BT20220100027	PASS
2BT20220100030	PASS
2BT20220100031	PASS
2BT20220100033	PASS
2BT20220100034	PASS
2BT20220100035	PASS
2BT20220100037	PASS
2BT20220100038	PASS
2BT20220100039	PASS
2BT20220100041	PASS
2BT20220100042	PASS
2BT20220100043	PASS
2BT20220100044	PASS
2BT20220100045	PASS
2BT20220100046	PASS
2BT20220100049	PASS
2BT20220200001	PASS
2BT20220200006	PASS
2BT20220200007	PASS
2BT20220200008	PASS
2BT20220200010	PASS
2BT20220200013	PASS
2BT20220200017	PASS
2BT20220200018	PASS
2BT20220200021	PASS
2BT20220200023	PASS
2BT20220200024	PASS
2BT20220200026	PASS
2BT20220200028	PASS
2BT20220200030	PASS
2BT20220200031	PASS
2BT20220200033	PASS
2BT20220200034	PASS
2BT20220200039	PASS
2BT20220200041	PASS
2BT20220200043	PASS
2BT20220200044	PASS
2BT20220200046	PASS
2BT20220200048	PASS
2BT20220200050	PASS
2BT20220200051	PASS
2BT20220200052	PASS
2STC1204160022	PASS
2STC1204160043	PASS
2STC1204160067	PASS
2STC1204160090	PASS
2STC1204160106	PASS
2STC1204160142	PASS
2STC1204160162	PASS
2STC1204160164	PASS
2STC1204169650	PASS
2STC1204169672	PASS
2W001811571341	PASS
2W001811580212	PASS
2W011709240419	PASS
2W021709222193	PASS
2W021811571499	PASS
2W031808160321	PASS
2W051709224252	PASS
2W051709229263	PASS
2W081709222177	PASS
2W111811585128	PASS
2W131809208729	PASS
2W131811571457	PASS
2W131811573195	PASS
2W141811570903	PASS
2W161709222468	PASS
2W161808197987	PASS
2W161811573172	PASS
2W161811580220	PASS
2W171811571452	PASS
2W191709240487	PASS
2W191808160145	PASS
2W201709241831	PASS
2W201809194823	PASS
2W211709229083	PASS
2W211811573187	PASS
2W221811572079	PASS
2W221811581507	PASS
2W231811571511	PASS
2W231811571899	PASS
2W241808160133	PASS
2W261709240049	PASS
2W261709241932	PASS
2W261811583155	PASS
2W271811571504	PASS
2W271811571879	PASS
2W301808190197	PASS
2W301811573188	PASS
2W311808197463	PASS
2W311811571347	PASS
2W311811571793	PASS
2W311811572117	PASS
2W318091937220	PASS
2W321809192752	PASS
2W321811571571	PASS
2W331810055158	PASS
2W331811580223	PASS
2W331811583044	PASS
2W341709229143	PASS
2W351808160131	PASS
2W351811583947	PASS
2W391709221278	PASS
2W391709241701	PASS
2W391808190054	PASS
2W391811572127	PASS
2W391811580140	PASS
2W401709222976	PASS
2W401811572780	PASS
2W401811573239	PASS
2W411810050788	PASS
2W411811571429	PASS
2W421709240105	PASS
2W441709229267	PASS
2W441809191692	PASS
2W441811571565	PASS
2W461811571507	PASS
2W461811572832	PASS
2W501709222338	PASS
2W511811572813	PASS
2W521709229257	PASS
2W541709222293	PASS
2W541811571689	PASS
2W541811580088	PASS
2W551810050511	PASS
2W561709221482	PASS
2W581811571503	PASS
2W581811580910	PASS
2W601709240113	PASS
2W601808160154	PASS
2W601811571693	PASS
2W601811580166	PASS
2W621709241844	PASS
2W621808190049	PASS
2W621811583057	PASS
2W641709240440	PASS
2W641811573171	PASS
2W651811583059	PASS
2W661808190064	PASS
2W671809208949	PASS
2W691709221736	PASS
2W691709222283	PASS
2W701811573176	PASS
2W711810055058	PASS
2W711810055144	PASS
2W711811573178	PASS
2W731811571444	PASS
2W761808198132	PASS
2W771709222127	PASS
2W771809208723	PASS
2W771810050819	PASS
2W791709222232	PASS
2W791709241491	PASS
2W791709241848	PASS
2W811709228995	PASS
2W811811581926	PASS
2W821808196514	PASS
2W821808198142	PASS
2W841709222247	PASS
2W841811583117	PASS
2W871808160336	PASS
2W901709222373	PASS
2W911709240519	PASS
2W931811571427	PASS
2W931811571688	PASS
2W931811573106	PASS
2W941808211805	PASS
2W941811571476	PASS
2W941811580115	PASS
2W941811583932	PASS
2W951709222764	PASS
2W961709240139	PASS
2W961811571505	PASS
2WC12001020MM1	PASS
2WC12001020MM2	PASS
2WC1200102KLD1	PASS
2WC1200102KLD3	PASS
2WC1200102KLD7	PASS
2WC1200102MM11	PASS
2WC120010GL299	PASS
2WC120010GL300	PASS
2WC120010GL301	PASS
2WC120010GL305	PASS
2WC120010GL308	PASS
2WC120010GL309	PASS
2WC120010GL314	PASS
2WC120010GL316	PASS
2WC120010GL317	PASS
2WC120010KLD12	PASS
2WC120010KLD22	PASS
2WC12001YHT246	PASS
2WC12001YHT249	PASS
2WC12001YHT273	PASS
2WC12001YHT274	PASS
2WC12001YHT277	PASS
2WJ1190618001T	PASS
2WJ1190618004T	PASS
2WJ1190618006T	PASS
2WJ1190618008T	PASS
2WJ1190618009M	PASS
2WJ1190618009T	PASS
2WJ1190618012T	PASS
2WJ1190618014M	PASS
2WJ1190618015M	PASS
2WJ1190618015T	PASS
2WJ1190618016T	PASS
2WJ1190618017M	PASS
2WJ1190618018M	PASS
2WJ1190618018T	PASS
2WJ1190618019T	PASS
2WJ1190618020T	PASS
2WJ1190618021T	PASS
2WJ1190618023T	PASS
2WJ1190618025T	PASS
2WJ1190618029M	PASS
30271811590728	PASS
30301809292720	PASS
30651809199114	PASS
31751809291191	PASS
31871809291155	PASS
32931809199445	PASS
33141809291307	PASS
33361809290783	PASS
33421811591258	PASS
33631810063430	PASS
33671809184403	PASS
35611809291147	PASS
36171811591723	PASS
36661809195990	PASS
36841811592397	PASS
40081809199067	PASS
40331811590540	PASS
40521809196067	PASS
40631811591211	PASS
40831811590474	PASS
41421811591187	PASS
41521809183261	PASS
41811809199678	PASS
42211809195255	PASS
42631811590642	PASS
43051811592473	PASS
43141811590568	PASS
43191809198958	PASS
43451809199285	PASS
43571811593362	PASS
43791809291206	PASS
43871809182034	PASS
43901809195726	PASS
44111809199723	PASS
44191809198715	PASS
44321809291222	PASS
45701809199044	PASS
45851809199888	PASS
45971809196042	PASS
46021809291201	PASS
46291809199360	PASS
46781809196093	PASS
46911809196131	PASS
47231809196035	PASS
47341809195883	PASS
47421809198721	PASS
47531811591213	PASS
47801811591153	PASS
48331811590350	PASS
48391809195882	PASS
48441809195924	PASS
48511809196126	PASS
48701810065232	PASS
49271809199367	PASS
5161180816626W	PASS
5491180816518W	PASS
5765180816624W	PASS
60621809195693	PASS
60731809199199	PASS
61191809199230	PASS
61261809291179	PASS
61421809199029	PASS
61531809199905	PASS
61751809199657	PASS
6192180816018W	PASS
61951811591204	PASS
61981811590401	PASS
62011810062972	PASS
62251809195969	PASS
6228180816892W	PASS
62511809199155	PASS
62541810066150	PASS
64651809199375	PASS
65451811593477	PASS
65791811590935	PASS
66771809199143	PASS
67011811591089	PASS
67061809290952	PASS
67061809291202	PASS
67551809291156	PASS
68471811591176	PASS
68561811592942	PASS
68691809199792	PASS
68911809199743	PASS
69781809197348	PASS
69791811591150	PASS
69861809291332	PASS
70151809199768	PASS
70201809195745	PASS
70311811593450	PASS
70411811592361	PASS
70441811590737	PASS
71451809198991	PASS
71501811591180	PASS
71711809199151	PASS
72141809196090	PASS
72631811593305	PASS
72741811591072	PASS
72981809291313	PASS
73031811590085	PASS
73131809291254	PASS
73451811590387	PASS
73911809291232	PASS
74271809199166	PASS
79291809190102	PASS
81351809190272	PASS
81451809190398	PASS
85961809190477	PASS
86801809190302	PASS
88021809190224	PASS
88661809190032	PASS
89031809190043	PASS
91851809190088	PASS
97611809190428	PASS
98581809190431	PASS
98711809190466	PASS
99761809190256	PASS
BDC11907090007	PASS
BDC11907090014	PASS
BDC11907090021	PASS
BDC11907090027	PASS
BDC11907090032	PASS
BDC11907090038	PASS
BDC11907090041	PASS
BDC11907090165	PASS
BDC11907090166	PASS
BDC11907090199	PASS
WDC11804190005	PASS
WDC11804190006	PASS
WDC11804190008	PASS
WDC11804190009	PASS
WDC11804190010	PASS
WDC11804190012	PASS
WDC11804190020	PASS
WDC11804190034	PASS
WDC11804190042	PASS
WDC11804190044	PASS
WDC11804190056	PASS
WDC11804190058	PASS
WDC11804190061	PASS
WDC11804190064	PASS
WDC11804190076	PASS
WDC11804190079	PASS
WDC11804190082	PASS
WDC11804190088	PASS
WDC11804190116	PASS
WDC11804190117	PASS
WDC11806290001	PASS
WDC11806290002	PASS
WDC11806290012	PASS
WDC11806290016	PASS
WDC11806290047	PASS
WDC11806290049	PASS
WDC11806290051	PASS
WDC11806290059	PASS
WDC11806290067	PASS
WDC11806290077	PASS
WDC11806290086	PASS
WDC11806290089	PASS
WDC11806290093	PASS
WDC11806290094	PASS
WDC11806290095	PASS
WDC11806290096	PASS
WDC11806290098	PASS
WDC11806290100	PASS
WDC11806290102	PASS
WDC11806290113	PASS
WDC11806290114	PASS
WDC11806290115	PASS
WDC11806290120	PASS
WDC11806290122	PASS
WDC11806290123	PASS
WDC11806290124	PASS
WDC11806290128	PASS
WDC11806290129	PASS
WDC11806290132	PASS
WDC11806290135	PASS
WDC11806290161	PASS
WDC11806290166	PASS
WDC11806290185	PASS
WDC11806290186	PASS
WDC11806290189	PASS
WDC11806290190	PASS
WDC11806290193	PASS
WDC11806290201	PASS
WDC11806290207	PASS
WDC11806290212	PASS
WDC11806290214	PASS
Y21100000492476	PASS
Y21100000492477	PASS
Y21100000492478	PASS
Y21100000492479	PASS
Y21100000492480	PASS
Y21100000492481	PASS
Y21100000492482	PASS
Y21100000492483	PASS
Y21100000492484	PASS
Y21100000492485	PASS
Y21100000492486	PASS
Y21100000492487	PASS
Y21100000492489	PASS
Y21100000492492	PASS
Y21100000492495	PASS
Y21100000492496	PASS
Y21100000492497	PASS
Y21100000492498	PASS
Y21100000492499	PASS
Y21100000492500	PASS
Y21100000492501	PASS
Y21100000492502	PASS
Y21100000492503	PASS
Y21100000492508	PASS
Y21100000492510	PASS
Y21100000492514	PASS
Y21100000492515	PASS
Y21100000492517	PASS
Y21100000492518	PASS
Y21100000492519	PASS
Y21100000492520	PASS
Y21100000492521	PASS
Y21100000492523	PASS
Y21100000492529	PASS
Y21100000492531	PASS
Y21100000492532	PASS
Y21100000492533	PASS
Y21100000492534	PASS
Y21100000492537	PASS
Y21100000492539	PASS
Y21100000492540	PASS
Y21100000492541	PASS
Y21100000492544	PASS
Y21100000492546	PASS
Y21100000492551	PASS
Y21100000492552	PASS
Y21100000492554	PASS
Y21100000492558	PASS
Y21100000492560	PASS
Y21100000492563	PASS
Y21100000492564	PASS
Y21100000492565	PASS
Y21100000492569	PASS
Y21100000492570	PASS
Y21100000492572	PASS
Y21100000492573	PASS
Y21100000492574	PASS
Y21100000492577	PASS
Y21100000492579	PASS
Y21100000492581	PASS
Y21100000492582	PASS
Y21100000492583	PASS
Y21100000492587	PASS
Y21100000492588	PASS
Y21100000492590	PASS
Y21100000492591	PASS
Y21100000492592	PASS
Y21100000492593	PASS
Y21100000492595	PASS
Y21100000492596	PASS
Y21100000492598	PASS
Y21100000492599	PASS
Y21100000492600	PASS
Y21100000492601	PASS
Y21100000492602	PASS
Y21100000492603	PASS
Y21100000492604	PASS
Y21100000492605	PASS
Y21100000492606	PASS
Y21100000492607	PASS
Y21100000492608	PASS
Y21100000492609	PASS
Y21100000492610	PASS
Y21100000492612	PASS
Y21100000492614	PASS
Y21100000492616	PASS
Y21100000492619	PASS
Y21100000492622	PASS
Y21100000492623	PASS
Y21100000492626	PASS
Y21100000492628	PASS
Y21100000492632	PASS
Y21100000492636	PASS
Y21100000492638	PASS
Y21100000492639	PASS
Y21100000492640	PASS
1053180816471W	PASS
11481811592871	PASS
11641809199794	PASS
11811809182576	PASS
12081809195141	PASS
13011809195733	PASS
13031809291175	PASS
13071811593547	PASS
13431803628589	PASS
13431809291301	PASS
13681809292691	PASS
13751811580260	PASS
13911809199158	PASS
14121809196060	PASS
15791811592574	PASS
17591809196066	PASS
18691811593468	PASS
18961811593662	PASS
19811809199633	PASS
21011811591252	PASS
21261811590578	PASS
21321811591160	PASS
21361811592619	PASS
22191809196095	PASS
23721809195902	PASS
24391809199397	PASS
25451811590734	PASS
25591809295865	PASS
25601811591152	PASS
26091811592889	PASS
26461811590560	PASS
26581809291226	PASS
26871809291172	PASS
27431809195987	PASS
27771809199051	PASS
28361809199063	PASS
28731809183293	PASS
28761809195989	PASS
28771811590986	PASS
28971811580252	PASS
29261809199388	PASS
29711810065856	PASS
29821809199019	PASS
2BD20220300009	PASS
2BD20220300013	PASS
2BD20220300015	PASS
2BD20220300017	PASS
2BD20220300019	PASS
2BD20220300021	PASS
2BD20220300023	PASS
2BD20220300025	PASS
2BD20220300027	PASS
2BD20220300028	PASS
2BD20220300029	PASS
2BD20220300032	PASS
2BD20220300036	PASS
2BD20220300037	PASS
2BD20220300039	PASS
2BD20220300043	PASS
2BD20220300050	PASS
2BD20220300054	PASS
2BD20220300059	PASS
2BD20220300061	PASS
2BD20220300062	PASS
2BD20220300063	PASS
2BD20220300069	PASS
2BD20220300072	PASS
2BD20220300075	PASS
2BD20220300076	PASS
2BD20220300077	PASS
2BD20220300078	PASS
2BD20220300079	PASS
2BD20220300082	PASS
2BD20220300088	PASS
2BD20220300090	PASS
2BD20220300095	PASS
2BD20220300099	PASS
2BD20220300100	PASS
2BD20220400005	PASS
2BD20220400008	PASS
2BD20220400010	PASS
2BD20220400012	PASS
2BD20220400013	PASS
2BD20220400014	PASS
2BD20220400015	PASS
2BD20220400016	PASS
2BD20220400018	PASS
2BD20220400022	PASS
2BT20080100001	PASS
2BT20080100002	PASS
2BT20080100004	PASS
2BT20080100005	PASS
2BT20080100006	PASS
2BT20080100010	PASS
2BT20080100013	PASS
2BT20080100017	PASS
2BT20080100023	PASS
2BT20080100025	PASS
2BT20080100027	PASS
2BT20080100034	PASS
2BT20080100036	PASS
2BT20080100043	PASS
2BT20080100045	PASS
2BT20080100047	PASS
2BT20080100051	PASS
2BT20080100053	PASS
2BT20080100055	PASS
2BT20080100065	PASS
2BT20080100068	PASS
2BT20080100083	PASS
2BT20080100108	PASS
2BT20080100112	PASS
2BT20080100115	PASS
2BT20080100122	PASS
2BT20080100123	PASS
2BT20080100125	PASS
2BT20080100130	PASS
2BT20080100131	PASS
2BT20080100134	PASS
2BT20080100135	PASS
2BT20080100149	PASS
2BT20080200027	PASS
2BT20080200029	PASS
2BT20080200048	PASS
2BT20080300001	PASS
2BT20080300006	PASS
2BT20220100008	PASS
2BT20220100010	PASS
2BT20220100011	PASS
2BT20220100013	PASS
2BT20220100014	PASS
2BT20220100015	PASS
2BT20220100018	PASS
2BT20220100022	PASS
2BT20220100024	PASS
2BT20220100025	PASS
2BT20220100028	PASS
2BT20220100029	PASS
2BT20220100032	PASS
2BT20220100036	PASS
2BT20220100040	PASS
2BT20220100047	PASS
2BT20220100048	PASS
2BT20220100050	PASS
2BT20220200002	PASS
2BT20220200003	PASS
2BT20220200004	PASS
2BT20220200005	PASS
2BT20220200009	PASS
2BT20220200011	PASS
2BT20220200012	PASS
2BT20220200014	PASS
2BT20220200015	PASS
2BT20220200016	PASS
2BT20220200019	PASS
2BT20220200020	PASS
2BT20220200022	PASS
2BT20220200025	PASS
2BT20220200027	PASS
2BT20220200032	PASS
2BT20220200035	PASS
2BT20220200036	PASS
2BT20220200037	PASS
2BT20220200038	PASS
2BT20220200040	PASS
2BT20220200042	PASS
2BT20220200045	PASS
2BT20220200047	PASS
2BT20220200049	PASS
2STC1204160032	PASS
2STC1204160042	PASS
2STC1204160056	PASS
2STC1204160098	PASS
2STC1204160149	PASS
2STC1204160150	PASS
2STC1204169647	PASS
2STC1204169660	PASS
2W111808160083	PASS
2W111808212730	PASS
2W111811583169	PASS
2W121808165387	PASS
2W151709221358	PASS
2W171811582233	PASS
2W181811581501	PASS
2W191809208890	PASS
2W211811573242	PASS
2W271811571835	PASS
2W281808198052	PASS
2W281811571781	PASS
2W291811573243	PASS
2W301811571558	PASS
2W311811580087	PASS
2W321811580207	PASS
2W331811581857	PASS
2W341811581922	PASS
2W351709241811	PASS
2W351811580069	PASS
2W381811583081	PASS
2W401811580186	PASS
2W411811583093	PASS
2W421811571286	PASS
2W451808160032	PASS
2W531810056723	PASS
2W531811581436	PASS
2W541808211818	PASS
2W551811571492	PASS
2W561811572824	PASS
2W581811571521	PASS
2W601808195980	PASS
2W611811580279	PASS
2W611811582625	PASS
2W621811571512	PASS
2W651709241968	PASS
2W651811582234	PASS
2W671811573282	PASS
2W681811571456	PASS
2W681811573174	PASS
2W681811585168	PASS
2W691811580296	PASS
2W701811583171	PASS
2W731811583317	PASS
2W741810055081	PASS
2W761811581182	PASS
2W771811571360	PASS
2W801810053552	PASS
2W801811571855	PASS
2W811808198136	PASS
2W861810055130	PASS
2W871808198054	PASS
2W891811582182	PASS
2W891811583150	PASS
2W901811571675	PASS
2W918115821350	PASS
2W931811573241	PASS
2W941811573181	PASS
2W951808198103	PASS
2W961811580512	PASS
2W981811583094	PASS
2WC12001020MM3	PASS
2WC12001020MM4	PASS
2WC12001020MM6	PASS
2WC12001020MM7	PASS
2WC12001020MM9	PASS
2WC1200102KLD5	PASS
2WC1200102MM13	PASS
2WC120010GL298	PASS
2WC120010GL302	PASS
2WC120010GL304	PASS
2WC120010GL306	PASS
2WC120010GL313	PASS
2WC120010GL319	PASS
2WC120010GL320	PASS
2WC120010KLD16	PASS
2WC12001YHT257	PASS
2WC12001YHT279	PASS
2WC12001YHT280	PASS
2WC12001YHT288	PASS
2WC12001YHT293	PASS
2WJ1190618001M	PASS
2WJ1190618002M	PASS
2WJ1190618003T	PASS
2WJ1190618005M	PASS
2WJ1190618007M	PASS
2WJ1190618010M	PASS
2WJ1190618011M	PASS
2WJ1190618011T	PASS
2WJ1190618012M	PASS
2WJ1190618013M	PASS
2WJ1190618019M	PASS
2WJ1190618021M	PASS
2WJ1190618027M	PASS
2WJ1190618027T	PASS
2WJ1190618030M	PASS
2WJ1190618030T	PASS
30331809199225	PASS
31421809199369	PASS
31591810065191	PASS
31881809291170	PASS
32001809291341	PASS
32341809291294	PASS
32831809198949	PASS
32851811590668	PASS
33391811591018	PASS
33811809291143	PASS
35041809181949	PASS
35061809195667	PASS
35861811590763	PASS
36311809291231	PASS
36581809291228	PASS
37511809291158	PASS
37881809196107	PASS
38481809196061	PASS
39641809182567	PASS
40131809195978	PASS
40921809195525	PASS
41881809199773	PASS
44141809290867	PASS
44451809196096	PASS
44541809195673	PASS
45561810065173	PASS
45761809291253	PASS
46201809195887	PASS
46961809199798	PASS
48471809199786	PASS
48661809199614	PASS
48931809198733	PASS
49171803627571	PASS
61201811590718	PASS
61631809291171	PASS
62241809196054	PASS
62661809195909	PASS
62861809195514	PASS
62861809295598	PASS
62991809195668	PASS
63391809199052	PASS
64651811580012	PASS
65411809199072	PASS
65431811593335	PASS
66681809291160	PASS
67091809181952	PASS
67941809291241	PASS
6806180816034W	PASS
68681809182544	PASS
70131809290730	PASS
70311809195932	PASS
71251809295272	PASS
71541809199601	PASS
71681811590645	PASS
72151809199622	PASS
72591809198654	PASS
72921809290888	PASS
73151809195743	PASS
73201809196053	PASS
73351809291235	PASS
7340180816668W	PASS
73741809198852	PASS
73811811593251	PASS
73821809195746	PASS
74321809199395	PASS
74381809291144	PASS
74381809292821	PASS
75261809190254	PASS
80181809190197	PASS
8279180819080W	PASS
84171809190317	PASS
87911809190418	PASS
89181809190148	PASS
9647180819081W	PASS
BDC11907090003	PASS
BDC11907090016	PASS
BDC11907090050	PASS
BDC11907090103	PASS
BDC11907090106	PASS
BDC11907090125	PASS
BDC11907090132	PASS
BDC11907090164	PASS
BDC11907090245	PASS
BDC11907090282	PASS
WDC11804190007	PASS
WDC11804190015	PASS
WDC11804190026	PASS
WDC11804190060	PASS
WDC11804190063	PASS
WDC11804190080	PASS
WDC11806290005	PASS
WDC11806290048	PASS
WDC11806290052	PASS
WDC11806290061	PASS
WDC11806290062	PASS
WDC11806290079	PASS
WDC11806290091	PASS
WDC11806290092	PASS
WDC11806290099	PASS
WDC11806290107	PASS
WDC11806290116	PASS
WDC11806290119	PASS
WDC11806290157	PASS
WDC11806290177	PASS
WDC11806290184	PASS
WDC11806290247	PASS
Y21100000492488	PASS
Y21100000492490	PASS
Y21100000492491	PASS
Y21100000492493	PASS
Y21100000492494	PASS
Y21100000492504	PASS
Y21100000492505	PASS
Y21100000492506	PASS
Y21100000492507	PASS
Y21100000492509	PASS
Y21100000492511	PASS
Y21100000492512	PASS
Y21100000492513	PASS
Y21100000492516	PASS
Y21100000492522	PASS
Y21100000492525	PASS
Y21100000492526	PASS
Y21100000492527	PASS
Y21100000492528	PASS
Y21100000492530	PASS
Y21100000492535	PASS
Y21100000492536	PASS
Y21100000492538	PASS
Y21100000492542	PASS
Y21100000492543	PASS
Y21100000492545	PASS
Y21100000492547	PASS
Y21100000492548	PASS
Y21100000492549	PASS
Y21100000492550	PASS
Y21100000492553	PASS
Y21100000492555	PASS
Y21100000492556	PASS
Y21100000492557	PASS
Y21100000492559	PASS
Y21100000492561	PASS
Y21100000492562	PASS
Y21100000492566	PASS
Y21100000492567	PASS
Y21100000492568	PASS
Y21100000492571	PASS
Y21100000492575	PASS
Y21100000492576	PASS
Y21100000492578	PASS
Y21100000492580	PASS
Y21100000492584	PASS
Y21100000492585	PASS
Y21100000492586	PASS
Y21100000492589	PASS
Y21100000492594	PASS
Y21100000492597	PASS
Y21100000492611	PASS
Y21100000492613	PASS
Y21100000492615	PASS
Y21100000492617	PASS
Y21100000492618	PASS
Y21100000492620	PASS
Y21100000492621	PASS
Y21100000492624	PASS
Y21100000492625	PASS
Y21100000492627	PASS
Y21100000492629	PASS
Y21100000492630	PASS
Y21100000492631	PASS
Y21100000492633	PASS
Y21100000492634	PASS
Y21100000492635	PASS
Y21100000492637	PASS
Y21100000492641	PASS
Y21100000492642	PASS
