chr	start	end	refStart_noChr	refEnd_noChr
chr1	764571	766103	764571	766103
chr1	4191052	4192415	4191052	4192415
chr1	4675868	4677451	4675868	4677451
chr1	5385632	5387452	5385632	5387452
chr1	7083256	7084292	7083256	7084292
chr1	8856679	8857929	8856679	8857929
chr1	11394216	11395591	11394216	11395591
chr1	16292969	16294254	16292969	16294254
chr1	17130458	17132033	17130458	17132033
chr1	17170556	17172055	17170556	17172055
chr1	17727587	17728105	17727587	17728105
chr1	23848960	23850578	23848960	23850578
chr1	25398721	25399847	25398721	25399847
chr1	31925559	31927106	31925559	31927106
chr1	36203256	36204537	36203256	36204537
chr1	39997147	39998402	39997147	39998402
chr1	43499905	43501887	43499905	43501887
chr1	46880364	46881745	46880364	46881745
chr1	55958760	55959509	55958760	55959509
chr1	56237733	56238752	56237733	56238752
chr1	58936012	58936806	58936012	58936806
chr1	62387909	62389372	62387909	62389372
chr1	63851031	63852093	63851031	63852093
chr1	67612811	67613863	67612811	67613863
chr1	78579623	78580582	78579623	78580582
chr1	79056406	79057688	79056406	79057688
chr1	80332447	80333572	80332447	80333572
chr1	80744562	80745662	80744562	80745662
chr1	84007503	84009370	84007503	84009370
chr1	97874235	97874757	97874235	97874757
chr1	98101736	98102368	98101736	98102368
chr1	100625852	100627849	100625852	100627849
chr1	105372259	105372806	105372259	105372806
chr1	112370223	112370896	112370223	112370896
chr1	112451610	112452389	112451610	112452389
chr1	119007582	119008419	119007582	119008419
chr1	119633153	119633831	119633153	119633831
chr1	132353619	132354904	132353619	132354904
chr1	132747725	132749686	132747725	132749686
chr1	136073336	136074557	136073336	136074557
chr1	138630401	138631668	138630401	138631668
chr1	142777460	142779279	142777460	142779279
chr1	149061274	149062958	149061274	149062958
chr1	149295147	149296342	149295147	149296342
chr1	149734971	149736575	149734971	149736575
chr1	150559193	150559877	150559193	150559877
chr1	151290735	151292365	151290735	151292365
chr1	161395669	161397410	161395669	161397410
chr1	163877324	163879125	163877324	163879125
chr1	166317416	166318589	166317416	166318589
chr1	166349680	166351425	166349680	166351425
chr1	169919741	169921484	169919741	169921484
chr1	170815606	170816603	170815606	170816603
chr1	177841964	177843541	177841964	177843541
chr1	177899339	177900812	177899339	177900812
chr1	180572586	180574103	180572586	180574103
chr1	182780338	182780922	182780338	182780922
chr1	182958327	182958882	182958327	182958882
chr1	184680722	184682125	184680722	184682125
chr1	189604584	189605488	189604584	189605488
chr1	191727401	191728368	191727401	191728368
chr1	194173782	194174895	194173782	194174895
chr1	195046980	195048800	195046980	195048800
chr1	204685700	204686706	204685700	204686706
chr1	205790582	205791472	205790582	205791472
chr1	208029213	208029781	208029213	208029781
chr1	215765924	215767392	215765924	215767392
chr1	217634437	217636040	217634437	217636040
chr1	217648532	217649915	217648532	217649915
chr1	219571562	219572587	219571562	219572587
chr1	219986926	219988475	219986926	219988475
chr1	224035123	224035676	224035123	224035676
chr1	228468059	228470019	228468059	228470019
chr1	237057533	237058427	237057533	237058427
chr1	237336317	237337451	237336317	237337451
chr1	238253367	238255116	238253367	238255116
chr1	243329379	243329996	243329379	243329996
chr1	247394825	247396810	247394825	247396810
chr1	248604524	248605707	248604524	248605707
chr2	1271314	1271834	231752435	231752955
chr2	2241092	2241661	232722213	232722782
chr2	2781422	2782493	233262543	233263614
chr2	4085340	4087263	234566461	234568384
chr2	10549646	10550582	241030767	241031703
chr2	11298833	11300018	241779954	241781139
chr2	17570177	17571190	248051298	248052311
chr2	18262963	18264366	248744084	248745487
chr2	19063686	19065529	249544807	249546650
chr2	21413538	21414069	251894659	251895190
chr2	22249081	22250282	252730202	252731403
chr2	23785943	23787446	254267064	254268567
chr2	27471327	27472491	257952448	257953612
chr2	30692861	30694657	261173982	261175778
chr2	31114368	31115254	261595489	261596375
chr2	31681093	31682437	262162214	262163558
chr2	38315208	38316955	268796329	268798076
chr2	50495835	50497729	280976956	280978850
chr2	61930436	61932295	292411557	292413416
chr2	70841353	70842321	301322474	301323442
chr2	74441724	74443621	304922845	304924742
chr2	75838700	75839549	306319821	306320670
chr2	76025975	76026625	306507096	306507746
chr2	80412087	80413610	310893208	310894731
chr2	86609342	86610304	317090463	317091425
chr2	88894870	88896405	319375991	319377526
chr2	91849349	91850987	322330470	322332108
chr2	98262592	98263767	328743713	328744888
chr2	98576360	98578157	329057481	329059278
chr2	99295694	99296235	329776815	329777356
chr2	99661827	99662771	330142948	330143892
chr2	107420108	107421698	337901229	337902819
chr2	110138887	110139667	340620008	340620788
chr2	110636705	110637992	341117826	341119113
chr2	114210634	114211290	344691755	344692411
chr2	116708833	116709915	347189954	347191036
chr2	118768686	118769722	349249807	349250843
chr2	119500500	119502466	349981621	349983587
chr2	120317831	120318770	350798952	350799891
chr2	120688333	120690250	351169454	351171371
chr2	120812175	120812910	351293296	351294031
chr2	121835428	121836536	352316549	352317657
chr2	125508289	125510202	355989410	355991323
chr2	128459514	128460632	358940635	358941753
chr2	128522990	128524679	359004111	359005800
chr2	130260650	130261202	360741771	360742323
chr2	134664263	134666169	365145384	365147290
chr2	143846106	143847684	374327227	374328805
chr2	152090885	152092144	382572006	382573265
chr2	154169037	154170148	384650158	384651269
chr2	159740879	159742855	390222000	390223976
chr2	165938413	165939701	396419534	396420822
chr2	166354153	166355783	396835274	396836904
chr2	166696986	166697997	397178107	397179118
chr2	166903026	166904203	397384147	397385324
chr2	176862180	176863872	407343301	407344993
chr2	182134357	182135632	412615478	412616753
chr2	184809643	184810508	415290764	415291629
chr2	185437826	185438342	415918947	415919463
chr2	194247177	194248052	424728298	424729173
chr2	201176605	201178301	431657726	431659422
chr2	201989208	201991121	432470329	432472242
chr2	214056598	214057759	444537719	444538880
chr2	215032972	215034402	445514093	445515523
chr2	216830980	216832340	447312101	447313461
chr2	217889191	217890519	448370312	448371640
chr2	223714192	223715482	454195313	454196603
chr2	228654477	228655594	459135598	459136715
chr2	234645796	234646458	465126917	465127579
chr2	237130311	237131401	467611432	467612522
chr2	237717819	237718831	468198940	468199952
chr2	240260258	240261602	470741379	470742723
chr3	198661	200514	471228023	471229876
chr3	1059614	1061259	472088976	472090621
chr3	3966753	3968345	474996115	474997707
chr3	7940438	7942274	478969800	478971636
chr3	12863277	12864168	483892639	483893530
chr3	12973594	12975114	484002956	484004476
chr3	17572147	17573016	488601509	488602378
chr3	17592144	17593080	488621506	488622442
chr3	19189699	19190400	490219061	490219762
chr3	21058778	21060125	492088140	492089487
chr3	22027307	22028946	493056669	493058308
chr3	23138497	23139460	494167859	494168822
chr3	24457022	24458631	495486384	495487993
chr3	24787167	24788452	495816529	495817814
chr3	28095637	28097225	499124999	499126587
chr3	29625414	29626416	500654776	500655778
chr3	33368574	33369186	504397936	504398548
chr3	39393177	39394342	510422539	510423704
chr3	43897477	43898646	514926839	514928008
chr3	44743366	44744249	515772728	515773611
chr3	45724838	45726631	516754200	516755993
chr3	49799860	49800544	520829222	520829906
chr3	51643565	51645349	522672927	522674711
chr3	53478772	53480232	524508134	524509594
chr3	53809091	53810615	524838453	524839977
chr3	54772678	54773671	525802040	525803033
chr3	56695136	56696199	527724498	527725561
chr3	65625336	65626476	536654698	536655838
chr3	74198920	74200644	545228282	545230006
chr3	80344031	80345186	551373393	551374548
chr3	84195304	84196987	555224666	555226349
chr3	89006245	89008096	560035607	560037458
chr3	90846977	90848343	561876339	561877705
chr3	91838687	91839353	562868049	562868715
chr3	101909159	101909765	572938521	572939127
chr3	101922719	101924602	572952081	572953964
chr3	103249114	103250377	574278476	574279739
chr3	104213816	104214769	575243178	575244131
chr3	104538489	104540183	575567851	575569545
chr3	110926263	110928184	581955625	581957546
chr3	113133162	113134855	584162524	584164217
chr3	114018045	114019442	585047407	585048804
chr3	115909907	115910705	586939269	586940067
chr3	118305346	118307066	589334708	589336428
chr3	119235383	119237177	590264745	590266539
chr3	127344827	127345332	598374189	598374694
chr3	128033930	128035334	599063292	599064696
chr3	129312614	129314534	600341976	600343896
chr3	131449960	131451004	602479322	602480366
chr3	138598186	138598821	609627548	609628183
chr3	139775390	139776006	610804752	610805368
chr3	140029330	140030804	611058692	611060166
chr3	140087795	140089525	611117157	611118887
chr3	140268594	140270244	611297956	611299606
chr3	143139921	143141049	614169283	614170411
chr3	143824797	143826508	614854159	614855870
chr3	148463243	148464261	619492605	619493623
chr3	153096180	153097478	624125542	624126840
chr3	155531735	155533513	626561097	626562875
chr3	155604757	155606529	626634119	626635891
chr3	156190766	156192415	627220128	627221777
chr3	160168362	160169372	631197724	631198734
chr3	160599896	160601010	631629258	631630372
chr3	161001742	161002664	632031104	632032026
chr3	166358102	166359768	637387464	637389130
chr3	173789813	173790413	644819175	644819775
chr3	180241768	180243614	651271130	651272976
chr3	184061624	184062547	655090986	655091909
chr3	193211988	193213212	664241350	664242574
chr4	5390964	5392201	674520470	674521707
chr4	9827150	9828451	678956656	678957957
chr4	10143694	10145013	679273200	679274519
chr4	11293387	11294328	680422893	680423834
chr4	12879095	12880331	682008601	682009837
chr4	14062407	14064165	683191913	683193671
chr4	19761861	19763714	688891367	688893220
chr4	31259289	31261194	700388795	700390700
chr4	36666822	36667945	705796328	705797451
chr4	40753284	40753828	709882790	709883334
chr4	45573052	45575042	714702558	714704548
chr4	45754134	45755535	714883640	714885041
chr4	48017234	48018359	717146740	717147865
chr4	49438614	49440308	718568120	718569814
chr4	52861652	52863204	721991158	721992710
chr4	56944679	56946071	726074185	726075577
chr4	63512702	63513680	732642208	732643186
chr4	63781791	63782407	732911297	732911913
chr4	64085772	64087302	733215278	733216808
chr4	68242963	68244734	737372469	737374240
chr4	68368362	68368939	737497868	737498445
chr4	71750321	71751051	740879827	740880557
chr4	73365760	73367166	742495266	742496672
chr4	73469248	73470971	742598754	742600477
chr4	78780617	78781308	747910123	747910814
chr4	80279039	80279967	749408545	749409473
chr4	86912187	86912745	756041693	756042251
chr4	87121704	87123444	756251210	756252950
chr4	88867769	88868531	757997275	757998037
chr4	90266387	90266951	759395893	759396457
chr4	95667414	95668263	764796920	764797769
chr4	96734536	96735136	765864042	765864642
chr4	97255896	97256888	766385402	766386394
chr4	97327683	97329636	766457189	766459142
chr4	110951497	110953203	780081003	780082709
chr4	111355319	111356333	780484825	780485839
chr4	112666598	112668251	781796104	781797757
chr4	114408619	114410124	783538125	783539630
chr4	114985067	114986295	784114573	784115801
chr4	115366846	115368759	784496352	784498265
chr4	116028418	116029474	785157924	785158980
chr4	118661794	118662407	787791300	787791913
chr4	118705976	118706831	787835482	787836337
chr4	119489925	119490828	788619431	788620334
chr4	123242682	123244098	792372188	792373604
chr4	126059466	126060954	795188972	795190460
chr4	128655946	128657700	797785452	797787206
chr4	130256373	130257854	799385879	799387360
chr4	130276663	130278525	799406169	799408031
chr4	131566535	131567051	800696041	800696557
chr4	137796046	137796786	806925552	806926292
chr4	138935188	138935784	808064694	808065290
chr4	141682079	141683081	810811585	810812587
chr4	147463823	147465229	816593329	816594735
chr4	150407953	150409130	819537459	819538636
chr4	161502660	161503818	830632166	830633324
chr4	165172588	165174471	834302094	834303977
chr4	168397027	168398009	837526533	837527515
chr4	171808539	171809709	840938045	840939215
chr4	176861848	176863456	845991354	845992962
chr4	177947097	177948446	847076603	847077952
chr4	183692383	183694190	852821889	852823696
chr4	186628101	186629522	855757607	855759028
chr4	188260296	188262233	857389802	857391739
chr5	5160911	5161883	864043084	864044056
chr5	7168713	7169782	866050886	866051955
chr5	10383057	10383899	869265230	869266072
chr5	15666862	15667911	874549035	874550084
chr5	16262462	16263259	875144635	875145432
chr5	18341745	18342784	877223918	877224957
chr5	19531997	19533729	878414170	878415902
chr5	23838899	23840099	882721072	882722272
chr5	23919536	23920852	882801709	882803025
chr5	24127851	24128652	883010024	883010825
chr5	25660279	25661437	884542452	884543610
chr5	27322057	27323628	886204230	886205801
chr5	27906095	27907301	886788268	886789474
chr5	30971529	30972660	889853702	889854833
chr5	33490895	33492086	892373068	892374259
chr5	33545329	33546087	892427502	892428260
chr5	40240854	40241962	899123027	899124135
chr5	40359511	40361198	899241684	899243371
chr5	42909257	42910909	901791430	901793082
chr5	42936173	42937972	901818346	901820145
chr5	44837400	44838845	903719573	903721018
chr5	49310336	49311132	908192509	908193305
chr5	49917828	49919759	908800001	908801932
chr5	54808700	54809612	913690873	913691785
chr5	56601398	56602740	915483571	915484913
chr5	58745961	58747263	917628134	917629436
chr5	63265194	63266648	922147367	922148821
chr5	63755732	63756233	922637905	922638406
chr5	68016809	68018402	926898982	926900575
chr5	69130791	69131820	928012964	928013993
chr5	72899476	72900649	931781649	931782822
chr5	74855269	74856870	933737442	933739043
chr5	88069643	88070330	946951816	946952503
chr5	95891006	95892108	954773179	954774281
chr5	109956100	109956776	968838273	968838949
chr5	110423954	110425188	969306127	969307361
chr5	110529432	110530133	969411605	969412306
chr5	121213825	121215586	980095998	980097759
chr5	125010350	125012097	983892523	983894270
chr5	126637442	126639185	985519615	985521358
chr5	131198077	131199192	990080250	990081365
chr5	135447458	135448271	994329631	994330444
chr5	141219234	141220186	1000101407	1000102359
chr5	146595212	146596191	1005477385	1005478364
chr5	152352211	152353718	1011234384	1011235891
chr5	152866626	152867704	1011748799	1011749877
chr5	169727121	169728106	1028609294	1028610279
chr5	170217727	170219489	1029099900	1029101662
chr6	4407906	4408447	1044555457	1044555998
chr6	8386217	8387812	1048533768	1048535363
chr6	9532816	9533392	1049680367	1049680943
chr6	14763440	14764913	1054910991	1054912464
chr6	22853918	22854735	1063001469	1063002286
chr6	26420131	26421540	1066567682	1066569091
chr6	27932198	27933923	1068079749	1068081474
chr6	31151520	31153277	1071299071	1071300828
chr6	35690378	35691306	1075837929	1075838857
chr6	43554767	43555899	1083702318	1083703450
chr6	43796238	43798100	1083943789	1083945651
chr6	49472806	49473524	1089620357	1089621075
chr6	49636356	49637595	1089783907	1089785146
chr6	53232943	53233604	1093380494	1093381155
chr6	65070533	65072039	1105218084	1105219590
chr6	66529754	66531102	1106677305	1106678653
chr6	67181062	67182700	1107328613	1107330251
chr6	68383633	68384444	1108531184	1108531995
chr6	72812387	72813818	1112959938	1112961369
chr6	75420585	75421366	1115568136	1115568917
chr6	91061003	91062643	1131208554	1131210194
chr6	93271902	93273738	1133419453	1133421289
chr6	96152642	96153768	1136300193	1136301319
chr6	98280393	98281338	1138427944	1138428889
chr6	98454481	98455049	1138602032	1138602600
chr6	104874266	104876019	1145021817	1145023570
chr6	105940640	105941944	1146088191	1146089495
chr6	108382919	108383466	1148530470	1148531017
chr6	112788901	112790186	1152936452	1152937737
chr6	116719049	116720167	1156866600	1156867718
chr6	117115762	117116585	1157263313	1157264136
chr6	118997036	118998746	1159144587	1159146297
chr6	119273146	119274494	1159420697	1159422045
chr6	123813409	123815071	1163960960	1163962622
chr6	136716021	136716820	1176863572	1176864371
chr6	137283927	137285084	1177431478	1177432635
chr6	141873725	141874991	1182021276	1182022542
chr6	145968821	145969674	1186116372	1186117225
chr6	146643242	146644531	1186790793	1186792082
chr6	148273297	148274385	1188420848	1188421936
chr6	152159122	152159764	1192306673	1192307315
chr6	156267582	156268724	1196415133	1196416275
chr6	157412767	157413392	1197560318	1197560943
chr6	158465176	158466681	1198612727	1198614232
chr6	160039499	160040272	1200187050	1200187823
chr6	161545293	161546497	1201692844	1201694048
chr6	163591436	163592572	1203738987	1203740123
chr6	165642268	165643023	1205789819	1205790574
chr7	2869228	2870321	1213095303	1213096396
chr7	3972669	3973321	1214198744	1214199396
chr7	4209333	4210633	1214435408	1214436708
chr7	10424433	10425126	1220650508	1220651201
chr7	10947434	10948445	1221173509	1221174520
chr7	16116162	16117397	1226342237	1226343472
chr7	16888128	16888709	1227114203	1227114784
chr7	21741229	21742114	1231967304	1231968189
chr7	21967069	21968350	1232193144	1232194425
chr7	24246333	24248197	1234472408	1234474272
chr7	24250205	24251684	1234476280	1234477759
chr7	25691440	25692335	1235917515	1235918410
chr7	26950536	26951334	1237176611	1237177409
chr7	28458709	28460369	1238684784	1238686444
chr7	30000733	30002027	1240226808	1240228102
chr7	30025168	30026175	1240251243	1240252250
chr7	30259959	30260961	1240486034	1240487036
chr7	34533136	34534657	1244759211	1244760732
chr7	36382193	36382984	1246608268	1246609059
chr7	37228203	37229810	1247454278	1247455885
chr7	40421167	40422017	1250647242	1250648092
chr7	42018519	42020248	1252244594	1252246323
chr7	45245490	45246020	1255471565	1255472095
chr7	46334020	46335947	1256560095	1256562022
chr7	50975206	50976008	1261201281	1261202083
chr7	55195771	55196502	1265421846	1265422577
chr7	56414514	56416030	1266640589	1266642105
chr7	56595138	56596344	1266821213	1266822419
chr7	57699771	57700680	1267925846	1267926755
chr7	63408942	63410718	1273635017	1273636793
chr7	64189777	64191347	1274415852	1274417422
chr7	67224935	67225566	1277451010	1277451641
chr7	70272292	70272963	1280498367	1280499038
chr7	70781550	70782587	1281007625	1281008662
chr7	81255664	81256354	1291481739	1291482429
chr7	84855367	84857022	1295081442	1295083097
chr7	85265574	85266235	1295491649	1295492310
chr7	85643685	85645364	1295869760	1295871439
chr7	87978790	87979812	1298204865	1298205887
chr7	97251954	97253631	1307478029	1307479706
chr7	101175661	101176576	1311401736	1311402651
chr7	107574142	107575964	1317800217	1317802039
chr7	109761147	109762979	1319987222	1319989054
chr7	110421760	110422677	1320647835	1320648752
chr7	111334024	111335799	1321560099	1321561874
chr7	111758657	111759992	1321984732	1321986067
chr7	114609995	114611398	1324836070	1324837473
chr7	114737882	114739081	1324963957	1324965156
chr7	116045809	116047768	1326271884	1326273843
chr7	118937186	118938368	1329163261	1329164443
chr7	119809114	119809698	1330035189	1330035773
chr7	123669562	123670954	1333895637	1333897029
chr7	124302506	124304224	1334528581	1334530299
chr7	124630523	124631835	1334856598	1334857910
chr7	125873246	125874567	1336099321	1336100642
chr7	127238365	127239878	1337464440	1337465953
chr7	130585517	130586827	1340811592	1340812902
chr7	131101522	131102691	1341327597	1341328766
chr7	132021369	132022241	1342247444	1342248316
chr7	132662174	132663030	1342888249	1342889105
chr7	135484738	135486128	1345710813	1345712203
chr7	136435173	136436491	1346661248	1346662566
chr7	143429600	143430484	1353655675	1353656559
chr7	144330707	144331497	1354556782	1354557572
chr7	150247621	150248525	1360473696	1360474600
chr7	153683869	153685344	1363909944	1363911419
chr7	155462890	155463975	1365688965	1365690050
chr7	158023738	158024740	1368249813	1368250815
chr8	4533073	4534467	1373729283	1373730677
chr8	4738520	4739240	1373934730	1373935450
chr8	8035018	8036018	1377231228	1377232228
chr8	9078774	9080043	1378274984	1378276253
chr8	9775006	9776275	1378971216	1378972485
chr8	10097141	10098410	1379293351	1379294620
chr8	10222570	10224351	1379418780	1379420561
chr8	11663545	11665455	1380859755	1380861665
chr8	14147999	14148780	1383344209	1383344990
chr8	18142092	18143908	1387338302	1387340118
chr8	20327120	20328419	1389523330	1389524629
chr8	24348342	24349876	1393544552	1393546086
chr8	27725402	27726957	1396921612	1396923167
chr8	42428805	42429949	1411625015	1411626159
chr8	43392099	43393626	1412588309	1412589836
chr8	44693066	44694635	1413889276	1413890845
chr8	44696357	44697090	1413892567	1413893300
chr8	46685387	46686674	1415881597	1415882884
chr8	48632395	48634330	1417828605	1417830540
chr8	51130906	51132703	1420327116	1420328913
chr8	56029918	56030437	1425226128	1425226647
chr8	56905531	56906386	1426101741	1426102596
chr8	56951516	56953013	1426147726	1426149223
chr8	57898046	57898910	1427094256	1427095120
chr8	58691862	58693307	1427888072	1427889517
chr8	61111444	61112443	1430307654	1430308653
chr8	63237805	63238353	1432434015	1432434563
chr8	64598971	64599682	1433795181	1433795892
chr8	67074474	67075999	1436270684	1436272209
chr8	68357598	68359530	1437553808	1437555740
chr8	73912781	73914525	1443108991	1443110735
chr8	76437264	76438305	1445633474	1445634515
chr8	76875977	76877348	1446072187	1446073558
chr8	80422713	80423299	1449618923	1449619509
chr8	87042348	87044180	1456238558	1456240390
chr8	88621059	88622723	1457817269	1457818933
chr8	92721033	92722696	1461917243	1461918906
chr8	102606860	102607507	1471803070	1471803717
chr8	107058133	107060133	1476254343	1476256343
chr8	110330203	110331935	1479526413	1479528145
chr8	112671029	112673007	1481867239	1481869217
chr8	115695653	115696191	1484891863	1484892401
chr8	116394493	116395217	1485590703	1485591427
chr8	122013507	122014298	1491209717	1491210508
chr8	122262556	122264155	1491458766	1491460365
chr8	125176524	125178001	1494372734	1494374211
chr8	130516822	130518399	1499713032	1499714609
chr8	132357810	132359168	1501554020	1501555378
chr8	136174873	136176810	1505371083	1505373020
chr8	136434090	136434879	1505630300	1505631089
chr8	139236315	139237411	1508432525	1508433621
chr8	143056666	143057605	1512252876	1512253815
chr9	10550801	10551373	1524515147	1524515719
chr9	14050136	14051084	1528014482	1528015430
chr9	14939754	14941454	1528904100	1528905800
chr9	18546616	18547551	1532510962	1532511897
chr9	19376834	19378186	1533341180	1533342532
chr9	21591537	21592181	1535555883	1535556527
chr9	28539572	28541197	1542503918	1542505543
chr9	29628853	29629526	1543593199	1543593872
chr9	33949814	33951171	1547914160	1547915517
chr9	38762417	38763546	1552726763	1552727892
chr9	38862090	38863537	1552826436	1552827883
chr9	40285956	40287718	1554250302	1554252064
chr9	40535752	40536836	1554500098	1554501182
chr9	56481421	56482439	1570445767	1570446785
chr9	61490080	61491082	1575454426	1575455428
chr9	62559367	62560772	1576523713	1576525118
chr9	62652587	62653982	1576616933	1576618328
chr9	71562227	71564210	1585526573	1585528556
chr9	71857986	71858825	1585822332	1585823171
chr9	72712578	72714291	1586676924	1586678637
chr9	77933797	77935675	1591898143	1591900021
chr9	80569982	80571301	1594534328	1594535647
chr9	82539030	82540939	1596503376	1596505285
chr9	84380420	84381309	1598344766	1598345655
chr9	88071704	88073155	1602036050	1602037501
chr9	91178690	91179302	1605143036	1605143648
chr9	96081890	96082736	1610046236	1610047082
chr9	98205900	98206682	1612170246	1612171028
chr9	99537253	99537933	1613501599	1613502279
chr9	99581190	99582881	1613545536	1613547227
chr9	107202638	107203162	1621166984	1621167508
chr9	113848970	113850676	1627813316	1627815022
chr9	114201868	114203375	1628166214	1628167721
chr9	119878326	119878932	1633842672	1633843278
chr9	122839573	122840322	1636803919	1636804668
chr9	132844887	132846125	1646809233	1646810471
chr9	135678294	135680028	1649642640	1649644374
chr9	136955401	136955982	1650919747	1650920328
chr10	3111302	3112742	1638866201	1638867641
chr10	5453370	5454758	1641208269	1641209657
chr10	8321500	8322374	1644076399	1644077273
chr10	8796610	8798164	1644551509	1644553063
chr10	11434705	11435225	1647189604	1647190124
chr10	15693799	15694655	1651448698	1651449554
chr10	17012477	17013946	1652767376	1652768845
chr10	25381790	25382983	1661136689	1661137882
chr10	25545797	25546834	1661300696	1661301733
chr10	25853122	25854382	1661608021	1661609281
chr10	30516920	30517734	1666271819	1666272633
chr10	38617655	38618582	1674372554	1674373481
chr10	39077324	39078590	1674832223	1674833489
chr10	39662798	39663523	1675417697	1675418422
chr10	40450503	40451818	1676205402	1676206717
chr10	40970381	40972285	1676725280	1676727184
chr10	43503115	43504419	1679258014	1679259318
chr10	43774814	43775772	1679529713	1679530671
chr10	57085075	57086399	1692839974	1692841298
chr10	57184636	57186552	1692939535	1692941451
chr10	58157037	58158341	1693911936	1693913240
chr10	60240505	60241309	1695995404	1695996208
chr10	61202103	61203214	1696957002	1696958113
chr10	64980006	64981124	1700734905	1700736023
chr10	66464048	66464926	1702218947	1702219825
chr10	66955401	66957199	1702710300	1702712098
chr10	68394961	68396711	1704149860	1704151610
chr10	69313156	69313719	1705068055	1705068618
chr10	74683762	74685125	1710438661	1710440024
chr10	79936547	79937405	1715691446	1715692304
chr10	80998126	81000090	1716753025	1716754989
chr10	82221997	82223215	1717976896	1717978114
chr10	82872830	82874260	1718627729	1718629159
chr10	94513079	94514701	1730267978	1730269600
chr10	97068377	97069996	1732823276	1732824895
chr10	97282410	97283347	1733037309	1733038246
chr10	100986387	100987520	1736741286	1736742419
chr10	103331751	103332691	1739086650	1739087590
chr10	108203256	108204654	1743958155	1743959553
chr10	112817457	112819181	1748572356	1748574080
chr10	113962009	113963665	1749716908	1749718564
chr10	116361200	116362385	1752116099	1752117284
chr10	116712447	116713762	1752467346	1752468661
chr10	117746340	117747195	1753501239	1753502094
chr10	118837451	118839205	1754592350	1754594104
chr10	119929503	119930404	1755684402	1755685303
chr10	123658980	123659937	1759413879	1759414836
chr10	124293234	124294150	1760048133	1760049049
chr10	131281706	131282678	1767036605	1767037577
chr10	131965951	131967238	1767720850	1767722137
chr10	133432758	133434191	1769187657	1769189090
chr11	9828605	9830335	1778846510	1778848240
chr11	12290137	12292013	1781308042	1781309918
chr11	15278800	15280204	1784296705	1784298109
chr11	17437763	17439491	1786455668	1786457396
chr11	22078505	22079147	1791096410	1791097052
chr11	22284961	22285508	1791302866	1791303413
chr11	23116576	23118555	1792134481	1792136460
chr11	23507724	23508307	1792525629	1792526212
chr11	23849951	23851276	1792867856	1792869181
chr11	30475608	30477282	1799493513	1799495187
chr11	30763263	30764325	1799781168	1799782230
chr11	32211340	32213015	1801229245	1801230920
chr11	34837255	34837812	1803855160	1803855717
chr11	35555966	35557942	1804573871	1804575847
chr11	41167084	41167599	1810184989	1810185504
chr11	42310047	42310601	1811327952	1811328506
chr11	42312137	42313180	1811330042	1811331085
chr11	45684260	45685956	1814702165	1814703861
chr11	52303381	52304741	1821321286	1821322646
chr11	54821408	54823018	1823839313	1823840923
chr11	55848723	55849867	1824866628	1824867772
chr11	57030862	57031844	1826048767	1826049749
chr11	61003093	61004895	1830020998	1830022800
chr11	65638849	65639859	1834656754	1834657764
chr11	68233137	68234091	1837251042	1837251996
chr11	68620008	68621183	1837637913	1837639088
chr11	85737073	85738231	1854754978	1854756136
chr11	86653876	86655152	1855671781	1855673057
chr11	92725012	92725703	1861742917	1861743608
chr11	97064675	97065341	1866082580	1866083246
chr11	100304989	100306656	1869322894	1869324561
chr11	101252843	101254242	1870270748	1870272147
chr11	104542873	104543537	1873560778	1873561442
chr11	105064185	105065192	1874082090	1874083097
chr11	114526319	114527413	1883544224	1883545318
chr11	114713966	114715698	1883731871	1883733603
chr11	114981960	114983331	1883999865	1884001236
chr11	116488896	116490828	1885506801	1885508733
chr11	118960712	118961309	1887978617	1887979214
chr11	123935006	123936999	1892952911	1892954904
chr11	127925255	127925862	1896943160	1896943767
chr11	131234580	131235484	1900252485	1900253389
chr11	133531051	133531617	1902548956	1902549522
chr11	134139391	134140578	1903157296	1903158483
chr12	276459	277425	1903828106	1903829072
chr12	541366	542804	1904093013	1904094451
chr12	765421	766535	1904317068	1904318182
chr12	3056358	3057560	1906608005	1906609207
chr12	4091687	4093194	1907643334	1907644841
chr12	8174926	8176396	1911726573	1911728043
chr12	8963301	8965185	1912514948	1912516832
chr12	9323017	9324162	1912874664	1912875809
chr12	14038018	14039718	1917589665	1917591365
chr12	15409918	15411172	1918961565	1918962819
chr12	16184544	16185610	1919736191	1919737257
chr12	16348768	16350223	1919900415	1919901870
chr12	18491286	18493227	1922042933	1922044874
chr12	28947086	28948577	1932498733	1932500224
chr12	32920536	32921195	1936472183	1936472842
chr12	39359855	39360612	1942911502	1942912259
chr12	40601299	40603207	1944152946	1944154854
chr12	44676882	44678232	1948228529	1948229879
chr12	47750280	47751030	1951301927	1951302677
chr12	49840225	49840725	1953391872	1953392372
chr12	53172857	53173741	1956724504	1956725388
chr12	54817390	54818887	1958369037	1958370534
chr12	64915039	64915710	1968466686	1968467357
chr12	69264096	69265822	1972815743	1972817469
chr12	74065422	74066705	1977617069	1977618352
chr12	80399012	80399936	1983950659	1983951583
chr12	81521359	81523300	1985073006	1985074947
chr12	84242658	84243364	1987794305	1987795011
chr12	84630638	84632252	1988182285	1988183899
chr12	85470195	85471493	1989021842	1989023140
chr12	86257620	86259274	1989809267	1989810921
chr12	92987459	92989097	1996539106	1996540744
chr12	96534244	96535876	2000085891	2000087523
chr12	98406204	98407820	2001957851	2001959467
chr12	98841784	98843207	2002393431	2002394854
chr12	102993306	102995037	2006544953	2006546684
chr12	104413785	104415393	2007965432	2007967040
chr12	106770784	106772175	2010322431	2010323822
chr12	109178336	109179608	2012729983	2012731255
chr12	110132064	110133053	2013683711	2013684700
chr12	110300737	110301921	2013852384	2013853568
chr12	110866498	110867780	2014418145	2014419427
chr12	111508219	111508986	2015059866	2015060633
chr12	112602521	112603787	2016154168	2016155434
chr12	115750463	115751046	2019302110	2019302693
chr12	119397323	119398994	2022948970	2022950641
chr12	123587234	123588952	2027138881	2027140599
chr12	129183059	129183623	2032734706	2032735270
chr12	132082290	132083533	2035633937	2035635180
chr13	1778882	1780358	2038468350	2038469826
chr13	2248985	2250959	2038938453	2038940427
chr13	4217715	4219224	2040907183	2040908692
chr13	7557150	7558082	2044246618	2044247550
chr13	18595619	18596263	2055285087	2055285731
chr13	24495561	24497086	2061185029	2061186554
chr13	31428908	31429432	2068118376	2068118900
chr13	33709030	33709616	2070398498	2070399084
chr13	36012756	36013956	2072702224	2072703424
chr13	38596922	38597884	2075286390	2075287352
chr13	48385119	48386648	2085074587	2085076116
chr13	57354732	57356463	2094044200	2094045931
chr13	63883628	63885221	2100573096	2100574689
chr13	68911792	68912304	2105601260	2105601772
chr13	70387905	70389661	2107077373	2107079129
chr13	75185571	75187016	2111875039	2111876484
chr13	78235432	78237219	2114924900	2114926687
chr13	81475322	81477199	2118164790	2118166667
chr13	86812532	86813854	2123502000	2123503322
chr13	87757800	87759682	2124447268	2124449150
chr13	101230103	101231151	2137919571	2137920619
chr13	106002322	106003380	2142691790	2142692848
chr13	106426824	106428649	2143116292	2143118117
chr13	107357292	107358873	2144046760	2144048341
chr13	109969691	109971115	2146659159	2146660583
chr13	112114552	112115700	2148804020	2148805168
chr14	1865777	1866837	2136538373	2136539433
chr14	3141074	3141747	2137813670	2137814343
chr14	5215630	5217339	2139888226	2139889935
chr14	6203272	6204712	2140875868	2140877308
chr14	6726368	6726951	2141398964	2141399547
chr14	7265059	7266923	2141937655	2141939519
chr14	12594315	12595954	2147266911	2147268550
chr14	13400163	13400904	2148072759	2148073500
chr14	17487173	17489027	2152159769	2152161623
chr14	18709586	18710327	2153382182	2153382923
chr14	23721072	23721664	2158393668	2158394260
chr14	27688034	27689478	2162360630	2162362074
chr14	28936675	28938369	2163609271	2163610965
chr14	32181358	32182007	2166853954	2166854603
chr14	32943906	32945418	2167616502	2167618014
chr14	33393496	33394781	2168066092	2168067377
chr14	33902132	33904078	2168574728	2168576674
chr14	35605410	35606933	2170278006	2170279529
chr14	36988549	36989392	2171661145	2171661988
chr14	37217186	37218493	2171889782	2171891089
chr14	37553538	37554222	2172226134	2172226818
chr14	39142026	39142638	2173814622	2173815234
chr14	44131924	44132458	2178804520	2178805054
chr14	48940217	48941903	2183612813	2183614499
chr14	49929275	49930579	2184601871	2184603175
chr14	51691259	51693044	2186363855	2186365640
chr14	60904423	60905534	2195577019	2195578130
chr14	61051071	61051725	2195723667	2195724321
chr14	63526505	63527905	2198199101	2198200501
chr14	63561093	63563016	2198233689	2198235612
chr14	63846054	63846563	2198518650	2198519159
chr14	67957818	67958734	2202630414	2202631330
chr14	70123975	70125808	2204796571	2204798404
chr14	71972913	71974472	2206645509	2206647068
chr14	78902619	78904441	2213575215	2213577037
chr14	85024464	85025267	2219697060	2219697863
chr14	85441585	85443061	2220114181	2220115657
chr14	87043639	87044780	2221716235	2221717376
chr14	88864309	88865414	2223536905	2223538010
chr14	91147444	91148383	2225820040	2225820979
chr14	95258277	95259917	2229930873	2229932513
chr14	99465907	99467621	2234138503	2234140217
chr15	918702	920289	2226159447	2226161034
chr15	2563634	2564770	2227804379	2227805515
chr15	2732965	2734184	2227973710	2227974929
chr15	7214171	7216114	2232454916	2232456859
chr15	8375012	8376893	2233615757	2233617638
chr15	10527803	10528986	2235768548	2235769731
chr15	16916821	16917783	2242157566	2242158528
chr15	23884059	23884990	2249124804	2249125735
chr15	24035786	24037151	2249276531	2249277896
chr15	29341723	29343192	2254582468	2254583937
chr15	33735008	33736769	2258975753	2258977514
chr15	35372642	35373535	2260613387	2260614280
chr15	37248463	37250429	2262489208	2262491174
chr15	40134960	40136764	2265375705	2265377509
chr15	45787863	45789854	2271028608	2271030599
chr15	46245527	46246226	2271486272	2271486971
chr15	47415305	47416854	2272656050	2272657599
chr15	47537829	47539188	2272778574	2272779933
chr15	50234945	50236213	2275475690	2275476958
chr15	57178176	57179652	2282418921	2282420397
chr15	61016748	61017405	2286257493	2286258150
chr15	62135557	62136843	2287376302	2287377588
chr15	62315781	62316701	2287556526	2287557446
chr15	64816906	64818151	2290057651	2290058896
chr15	66404109	66404701	2291644854	2291645446
chr15	67067043	67067741	2292307788	2292308486
chr15	70858160	70860100	2296098905	2296100845
chr15	77420846	77422785	2302661591	2302663530
chr15	80935213	80936011	2306175958	2306176756
chr15	81421078	81422987	2306661823	2306663732
chr15	83533624	83534445	2308774369	2308775190
chr15	86392889	86394551	2311633634	2311635296
chr15	87145760	87146704	2312386505	2312387449
chr15	88429487	88431008	2313670232	2313671753
chr15	95680255	95680760	2320921000	2320921505
chr15	97172187	97173712	2322412932	2322414457
chr15	99150494	99152331	2324391239	2324393076
chr16	213844	215677	2310095917	2310097750
chr16	2445805	2447546	2312327878	2312329619
chr16	10908598	10910216	2320790671	2320792289
chr16	14400682	14402480	2324282755	2324284553
chr16	19711951	19713116	2329594024	2329595189
chr16	22982565	22983111	2332864638	2332865184
chr16	24267898	24269377	2334149971	2334151450
chr16	28897296	28898013	2338779369	2338780086
chr16	29681905	29683675	2339563978	2339565748
chr16	31761497	31762112	2341643570	2341644185
chr16	36554575	36556009	2346436648	2346438082
chr16	37366462	37367173	2347248535	2347249246
chr16	50255403	50256192	2360137476	2360138265
chr16	56899924	56901740	2366781997	2366783813
chr16	57610766	57612467	2367492839	2367494540
chr16	60906917	60908822	2370788990	2370790895
chr16	61521400	61523384	2371403473	2371405457
chr16	64106499	64107913	2373988572	2373989986
chr16	64823111	64823843	2374705184	2374705916
chr16	66182380	66183374	2376064453	2376065447
chr16	74886084	74886847	2384768157	2384768920
chr16	79211339	79212171	2389093412	2389094244
chr16	80369213	80370271	2390251286	2390252344
chr16	80910690	80912324	2390792763	2390794397
chr16	84705274	84706117	2394587347	2394588190
chr16	88423343	88424791	2398305416	2398306864
chr17	405183	405807	2392093200	2392093824
chr17	4671813	4673365	2396359830	2396361382
chr17	7138831	7140089	2398826848	2398828106
chr17	8180518	8181655	2399868535	2399869672
chr17	16214023	16215668	2407902040	2407903685
chr17	19544391	19544914	2411232408	2411232931
chr17	20536449	20537601	2412224466	2412225618
chr17	25929979	25931480	2417617996	2417619497
chr17	27283257	27284769	2418971274	2418972786
chr17	34533929	34535489	2426221946	2426223506
chr17	35153498	35155034	2426841515	2426843051
chr17	39526746	39528021	2431214763	2431216038
chr17	40381163	40382015	2432069180	2432070032
chr17	61067608	61069076	2452755625	2452757093
chr17	63737674	63739032	2455425691	2455427049
chr17	64924504	64925287	2456612521	2456613304
chr17	65628153	65628874	2457316170	2457316891
chr17	67115837	67117074	2458803854	2458805091
chr17	70575629	70576943	2462263646	2462264960
chr17	71517328	71519016	2463205345	2463207033
chr17	74902495	74903155	2466590512	2466591172
chr17	77690738	77691999	2469378755	2469380016
chr17	80727629	80728540	2472415646	2472416557
chr18	5082469	5084058	2479690702	2479692291
chr18	5343604	5344549	2479951837	2479952782
chr18	23541653	23543274	2498149886	2498151507
chr18	24526621	24528170	2499134854	2499136403
chr18	25603624	25604508	2500211857	2500212741
chr18	28729713	28731271	2503337946	2503339504
chr18	28909543	28911489	2503517776	2503519722
chr18	35866672	35868463	2510474905	2510476696
chr18	37633326	37634674	2512241559	2512242907
chr18	38154407	38155291	2512762640	2512763524
chr18	46005952	46007152	2520614185	2520615385
chr18	54434579	54435907	2529042812	2529044140
chr18	56686853	56688599	2531295086	2531296832
chr18	56931242	56932999	2531539475	2531541232
chr18	63227705	63229135	2537835938	2537837368
chr18	63704516	63705831	2538312749	2538314064
chr18	68177906	68178485	2542786139	2542786718
chr18	72117745	72119290	2546725978	2546727523
chr18	73037136	73038203	2547645369	2547646436
chr18	74703739	74704696	2549311972	2549312929
chr19	697820	698650	2555395703	2555396533
chr19	3194183	3195906	2557892066	2557893789
chr19	6905633	6906284	2561603516	2561604167
chr19	10309874	10311556	2565007757	2565009439
chr19	13094435	13096027	2567792318	2567793910
chr19	17165439	17166875	2571863322	2571864758
chr19	22000526	22001144	2576698409	2576699027
chr19	23270584	23271964	2577968467	2577969847
chr19	23701705	23702704	2578399588	2578400587
chr19	23889577	23891001	2578587460	2578588884
chr19	29133164	29134300	2583831047	2583832183
chr19	30541127	30542866	2585239010	2585240749
chr19	31607755	31609626	2586305638	2586307509
chr19	32532941	32533625	2587230824	2587231508
chr19	35902628	35903237	2590600511	2590601120
chr19	38215825	38217732	2592913708	2592915615
chr19	39351894	39353345	2594049777	2594051228
chr19	41143855	41144723	2595841738	2595842606
chr19	47959215	47960753	2602657098	2602658636
chr19	49249410	49251264	2603947293	2603949147
chr19	53264959	53266885	2607962842	2607964768
chr19	56923830	56924947	2611621713	2611622830
chr19	58276359	58278166	2612974242	2612976049
chr20	4308758	4310138	2617447399	2617448779
chr20	4549649	4550719	2617688290	2617689360
chr20	6782022	6783618	2619920663	2619922259
chr20	8421184	8422261	2621559825	2621560902
chr20	11258619	11259761	2624397260	2624398402
chr20	19770083	19771935	2632908724	2632910576
chr20	21265726	21266845	2634404367	2634405486
chr20	25201048	25202944	2638339689	2638341585
chr20	27475728	27476900	2640614369	2640615541
chr20	32818896	32819606	2645957537	2645958247
chr20	34024956	34025584	2647163597	2647164225
chr20	34458532	34459370	2647597173	2647598011
chr20	41507848	41508785	2654646489	2654647426
chr20	46431616	46432308	2659570257	2659570949
chr20	51879069	51880762	2665017710	2665019403
chr20	53042614	53043266	2666181255	2666181907
chr20	53259407	53260590	2666398048	2666399231
chr20	53321332	53322963	2666459973	2666461604
chr20	58315353	58315961	2671453994	2671454602
chr20	62061963	62063350	2675200604	2675201991
chr21	12542	13624	2677095451	2677096533
chr21	2569357	2570831	2679652266	2679653740
chr21	3031557	3032603	2680114466	2680115512
chr21	5950582	5951877	2683033491	2683034786
chr21	7483764	7485076	2684566673	2684567985
chr21	7955065	7956187	2685037974	2685039096
chr21	8610765	8611302	2685693674	2685694211
chr21	10600298	10601931	2687683207	2687684840
chr21	18568852	18569400	2695651761	2695652309
chr21	22712162	22714062	2699795071	2699796971
chr21	34296478	34297395	2711379387	2711380304
chr21	35272510	35274347	2712355419	2712357256
chr21	41378710	41380343	2718461619	2718463252
chr21	42668267	42669171	2719751176	2719752080
chr22	3566743	3568086	2720738275	2720739618
chr22	8082213	8082763	2725253745	2725254295
chr22	13235922	13236426	2730407454	2730407958
chr22	16562564	16563676	2733734096	2733735208
chr22	19460838	19461364	2736632370	2736632896
chr22	19982909	19984524	2737154441	2737156056
chr22	23907492	23909111	2741079024	2741080643
chr22	25328260	25329148	2742499792	2742500680
chr22	28359845	28360983	2745531377	2745532515
chr22	34419197	34420909	2751590729	2751592441
chr22	34884497	34885480	2752056029	2752057012
chr22	35999807	36000978	2753171339	2753172510
chr22	37842883	37844128	2755014415	2755015660
chr22	38523429	38524484	2755694961	2755696016
chr22	48553740	48554493	2765725272	2765726025
chrX	5701150	5701907	2762032464	2762033221
chrX	9224325	9225309	2765555639	2765556623
chrX	23319065	23320106	2779650379	2779651420
chrX	26604788	26605822	2782936102	2782937136
chrX	28051908	28053337	2784383222	2784384651
chrX	28872337	28873163	2785203651	2785204477
chrX	41670442	41671156	2798001756	2798002470
chrX	43263378	43264792	2799594692	2799596106
chrX	43771861	43773397	2800103175	2800104711
chrX	44492253	44494028	2800823567	2800825342
chrX	49312223	49313208	2805643537	2805644522
chrX	53048190	53049042	2809379504	2809380356
chrX	56269565	56271339	2812600879	2812602653
chrX	59390613	59392061	2815721927	2815723375
chrX	59397894	59399690	2815729208	2815731004
chrX	61631711	61632477	2817963025	2817963791
chrX	61787500	61788259	2818118814	2818119573
chrX	63811253	63812179	2820142567	2820143493
chrX	81857691	81858472	2838189005	2838189786
chrX	84080144	84080995	2840411458	2840412309
chrX	95663313	95663851	2851994627	2851995165
chrX	96422062	96423009	2852753376	2852754323
chrX	96472349	96472915	2852803663	2852804229
chrX	97201274	97201859	2853532588	2853533173
chrX	98024682	98026318	2854355996	2854357632
chrX	98419308	98420022	2854750622	2854751336
chrX	102581494	102583056	2858912808	2858914370
chrX	107186341	107188189	2863517655	2863519503
chrX	115198655	115200256	2871529969	2871531570
chrX	116351302	116352998	2872682616	2872684312
chrX	123254949	123256663	2879586263	2879587977
chrX	123766541	123768176	2880097855	2880099490
chrX	124599428	124601210	2880930742	2880932524
chrX	124901000	124902662	2881232314	2881233976
chrX	127950363	127950933	2884281677	2884282247
chrX	128018440	128019580	2884349754	2884350894
chrX	129666675	129668269	2885997989	2885999583
chrX	131244048	131245509	2887575362	2887576823
chrX	135120179	135121373	2891451493	2891452687
chrX	135638253	135639829	2891969567	2891971143
chrX	136258592	136259221	2892589906	2892590535
chrX	147195689	147197377	2903527003	2903528691
chrX	148836543	148838301	2905167857	2905169615
chrX	152317185	152317715	2908648499	2908649029
chrY	1101518	1102712	2912325866	2912327060
chrY	2758109	2758798	2913982457	2913983146
chrY	4641475	4642887	2915865823	2915867235
chrY	5743244	5744598	2916967592	2916968946
chrY	10383223	10384134	2921607571	2921608482
chrY	12477009	12478632	2923701357	2923702980
chrY	15136960	15138884	2926361308	2926363232
chrY	21051217	21052856	2932275565	2932277204
chrY	22399368	22400715	2933623716	2933625063
chrY	25811974	25812888	2937036322	2937037236
chrY	27457318	27458332	2938681666	2938682680
chrY	28586375	28587482	2939810723	2939811830
chrY	30858131	30859470	2942082479	2942083818
chrY	31006862	31008041	2942231210	2942232389
chrY	32554253	32555281	2943778601	2943779629
chrY	36243395	36244428	2947467743	2947468776
chrY	37017990	37019688	2948242338	2948244036
chrY	37885800	37886504	2949110148	2949110852
chrY	38070118	38070900	2949294466	2949295248
chrY	39939390	39941334	2951163738	2951165682
chrY	40222531	40223751	2951446879	2951448099
chrY	40708233	40709706	2951932581	2951934054
chrY	41889642	41891595	2953113990	2953115943
chrY	44498689	44499626	2955723037	2955723974
chrY	49107340	49109198	2960331688	2960333546
chrY	53238293	53238871	2964462641	2964463219
chrY	55154339	55156216	2966378687	2966380564
chrY	56467727	56468850	2967692075	2967693198
