numtID	sampleID	contigID	total	humanN	chimpN	pct_human	age
HG001_chr1.633396.634413|HWI-D00360:5:H814YADXX:2:1208:19606:98914	HG001_all_regions	HG001_chr1.633396.634413|HWI-D00360:5:H814YADXX:2:1208:19606:98914	12	9	3	0.75	1.5
HG001_chr1.633396.634413|HISEQ1:15:H9258ADXX:1:1212:16021:52150	HG001_all_regions	HG001_chr1.633396.634413|HISEQ1:15:H9258ADXX:1:1212:16021:52150	14	12	2	0.8571428571428571	0.8571428571428571
HG001_chr1.633396.634413|HISEQ1:9:H8962ADXX:1:2210:4803:58938	HG001_all_regions	HG001_chr1.633396.634413|HISEQ1:9:H8962ADXX:1:2210:4803:58938	14	13	1	0.9285714285714286	0.42857142857142855
HG001_chr1.633396.634413|HISEQ1:11:H8GV6ADXX:1:1211:20254:24767	HG001_all_regions	HG001_chr1.633396.634413|HISEQ1:11:H8GV6ADXX:1:1211:20254:24767	13	13	0	1.0	0.0
HG001_chr1.633396.634413|HISEQ1:13:H8G92ADXX:2:1110:19119:86978	HG001_all_regions	HG001_chr1.633396.634413|HISEQ1:13:H8G92ADXX:2:1110:19119:86978	9	9	0	1.0	0.0
HG001_chr1.633396.634413|HWI-D00360:8:H88U0ADXX:2:1107:11523:68955	HG001_all_regions	HG001_chr1.633396.634413|HWI-D00360:8:H88U0ADXX:2:1107:11523:68955	11	8	2	0.8	1.2000000000000002
HG001_chr1.633396.634413|HWI-D00360:5:H814YADXX:2:1208:19606:98914	HG001_all_regions	HG001_chr1.633396.634413|HWI-D00360:5:H814YADXX:2:1208:19606:98914	0	0	0	0.0	0.0
HG001_chr1.633396.634413|HISEQ1:9:H8962ADXX:1:1211:11808:66543	HG001_all_regions	HG001_chr1.633396.634413|HISEQ1:9:H8962ADXX:1:1211:11808:66543	0	0	0	0.0	0.0
HG001_chr1.633396.634413|HISEQ1:14:H8GGVADXX:2:1208:15065:61481	HG001_all_regions	HG001_chr1.633396.634413|HISEQ1:14:H8GGVADXX:2:1208:15065:61481	14	14	0	1.0	0.0
HG001_chr1.633396.634413|HWI-D00360:6:H81VLADXX:1:2106:14384:90066	HG001_all_regions	HG001_chr1.633396.634413|HWI-D00360:6:H81VLADXX:1:2106:14384:90066	0	0	0	0.0	0.0
HG001_chr1.633396.634413|HWI-D00360:5:H814YADXX:1:2207:17251:23562	HG001_all_regions	HG001_chr1.633396.634413|HWI-D00360:5:H814YADXX:1:2207:17251:23562	0	0	0	0.0	0.0
HG001_chr1.633396.634413|HISEQ1:14:H8GGVADXX:1:1114:21198:90198	HG001_all_regions	HG001_chr1.633396.634413|HISEQ1:14:H8GGVADXX:1:1114:21198:90198	0	0	0	0.0	0.0
HG001_chr1.633396.634413|HISEQ1:9:H8962ADXX:2:2204:17644:92392	HG001_all_regions	HG001_chr1.633396.634413|HISEQ1:9:H8962ADXX:2:2204:17644:92392	0	0	0	0.0	0.0
HG001_chr1.633396.634413|HWI-D00360:5:H814YADXX:1:1215:10468:92494	HG001_all_regions	HG001_chr1.633396.634413|HWI-D00360:5:H814YADXX:1:1215:10468:92494	0	0	0	0.0	0.0
HG001_chr1.633396.634413|HISEQ1:11:H8GV6ADXX:2:2102:11920:91644	HG001_all_regions	HG001_chr1.633396.634413|HISEQ1:11:H8GV6ADXX:2:2102:11920:91644	18	17	1	0.9444444444444444	0.3333333333333333
HG001_chr1.633396.634413|HISEQ1:11:H8GV6ADXX:2:2111:20074:17103	HG001_all_regions	HG001_chr1.633396.634413|HISEQ1:11:H8GV6ADXX:2:2111:20074:17103	17	16	1	0.9411764705882353	0.3529411764705882
HG001_chr1.633396.634413|HISEQ1:11:H8GV6ADXX:2:2111:20074:17103	HG001_all_regions	HG001_chr1.633396.634413|HISEQ1:11:H8GV6ADXX:2:2111:20074:17103	0	0	0	0.0	0.0
HG001_chr1.633396.634413|HISEQ1:9:H8962ADXX:1:2114:3215:52787	HG001_all_regions	HG001_chr1.633396.634413|HISEQ1:9:H8962ADXX:1:2114:3215:52787	0	0	0	0.0	0.0
HG001_chr1.633396.634413|HISEQ1:15:H9258ADXX:2:1111:5555:83121	HG001_all_regions	HG001_chr1.633396.634413|HISEQ1:15:H9258ADXX:2:1111:5555:83121	0	0	0	0.0	0.0
HG001_chr1.633396.634413|HWI-D00360:8:H88U0ADXX:2:2114:6317:39000	HG001_all_regions	HG001_chr1.633396.634413|HWI-D00360:8:H88U0ADXX:2:2114:6317:39000	0	0	0	0.0	0.0
HG001_chr1.633396.634413|HISEQ1:13:H8G92ADXX:2:1205:11888:45094	HG001_all_regions	HG001_chr1.633396.634413|HISEQ1:13:H8G92ADXX:2:1205:11888:45094	0	0	0	0.0	0.0
HG001_chr1.633396.634413|HISEQ1:12:H8GVUADXX:2:2202:17076:67367	HG001_all_regions	HG001_chr1.633396.634413|HISEQ1:12:H8GVUADXX:2:2202:17076:67367	0	0	0	0.0	0.0
HG001_chr1.633396.634413|HISEQ1:16:H948VADXX:1:1104:16286:24082	HG001_all_regions	HG001_chr1.633396.634413|HISEQ1:16:H948VADXX:1:1104:16286:24082	18	17	1	0.9444444444444444	0.3333333333333333
HG001_chr1.633396.634413|HISEQ1:16:H948VADXX:1:1104:16286:24082	HG001_all_regions	HG001_chr1.633396.634413|HISEQ1:16:H948VADXX:1:1104:16286:24082	18	17	1	0.9444444444444444	0.3333333333333333
HG001_chr1.633396.634413|HWI-D00360:8:H88U0ADXX:1:2214:11620:97344	HG001_all_regions	HG001_chr1.633396.634413|HWI-D00360:8:H88U0ADXX:1:2214:11620:97344	0	0	0	0.0	0.0
HG001_chr1.633396.634413|HISEQ1:9:H8962ADXX:2:1209:4476:72022	HG001_all_regions	HG001_chr1.633396.634413|HISEQ1:9:H8962ADXX:2:1209:4476:72022	0	0	0	0.0	0.0
HG001_chr1.633396.634413|HISEQ1:13:H8G92ADXX:1:2212:3744:90306	HG001_all_regions	HG001_chr1.633396.634413|HISEQ1:13:H8G92ADXX:1:2212:3744:90306	11	10	1	0.9090909090909091	0.5454545454545454
HG001_chr1.633396.634413|HISEQ1:9:H8962ADXX:2:2204:10740:56526	HG001_all_regions	HG001_chr1.633396.634413|HISEQ1:9:H8962ADXX:2:2204:10740:56526	11	10	1	0.9090909090909091	0.5454545454545454
HG001_chr1.633396.634413|HWI-D00360:6:H81VLADXX:2:1116:11751:85239	HG001_all_regions	HG001_chr1.633396.634413|HWI-D00360:6:H81VLADXX:2:1116:11751:85239	9	9	0	1.0	0.0
HG001_chr1.633396.634413|HISEQ1:14:H8GGVADXX:1:1214:18519:96631	HG001_all_regions	HG001_chr1.633396.634413|HISEQ1:14:H8GGVADXX:1:1214:18519:96631	9	9	0	1.0	0.0
HG001_chr1.633396.634413|HISEQ1:17:H947YADXX:1:2104:7466:67269	HG001_all_regions	HG001_chr1.633396.634413|HISEQ1:17:H947YADXX:1:2104:7466:67269	0	0	0	0.0	0.0
HG001_chr11.49861375.49862857|HISEQ1:15:H9258ADXX:1:2108:17160:23664	HG001_all_regions	HG001_chr11.49861375.49862857|HISEQ1:15:H9258ADXX:1:2108:17160:23664	0	0	0	0.0	0.0
HG001_chr11.49861375.49862857|HISEQ1:15:H9258ADXX:1:2108:17160:23664	HG001_all_regions	HG001_chr11.49861375.49862857|HISEQ1:15:H9258ADXX:1:2108:17160:23664	0	0	0	0.0	0.0
HG001_chr11.49861375.49862857|HISEQ1:17:H947YADXX:2:2203:20024:98659	HG001_all_regions	HG001_chr11.49861375.49862857|HISEQ1:17:H947YADXX:2:2203:20024:98659	11	10	1	0.9090909090909091	0.5454545454545454
HG001_chr11.49861375.49862857|HISEQ1:11:H8GV6ADXX:2:1202:20626:51321	HG001_all_regions	HG001_chr11.49861375.49862857|HISEQ1:11:H8GV6ADXX:2:1202:20626:51321	11	10	1	0.9090909090909091	0.5454545454545454
HG001_chr11.49861375.49862857|HISEQ1:13:H8G92ADXX:1:1116:10453:54552	HG001_all_regions	HG001_chr11.49861375.49862857|HISEQ1:13:H8G92ADXX:1:1116:10453:54552	0	0	0	0.0	0.0
HG001_chr11.49861375.49862857|HISEQ1:11:H8GV6ADXX:2:1103:13190:97369	HG001_all_regions	HG001_chr11.49861375.49862857|HISEQ1:11:H8GV6ADXX:2:1103:13190:97369	0	0	0	0.0	0.0
HG001_chr11.49861375.49862857|HWI-D00360:6:H81VLADXX:1:2211:17678:67136	HG001_all_regions	HG001_chr11.49861375.49862857|HWI-D00360:6:H81VLADXX:1:2211:17678:67136	0	0	0	0.0	0.0
HG001_chr11.49861375.49862857|HWI-D00360:7:H88WKADXX:1:1102:21133:54795	HG001_all_regions	HG001_chr11.49861375.49862857|HWI-D00360:7:H88WKADXX:1:1102:21133:54795	15	0	1	0.0	6.0
HG001_chr5.32337638.32339095|HISEQ1:9:H8962ADXX:2:1212:13880:62698	HG001_all_regions	HG001_chr5.32337638.32339095|HISEQ1:9:H8962ADXX:2:1212:13880:62698	0	0	0	0.0	0.0
HG001_chr5.32337638.32339095|HWI-D00360:8:H88U0ADXX:1:2107:15363:82618	HG001_all_regions	HG001_chr5.32337638.32339095|HWI-D00360:8:H88U0ADXX:1:2107:15363:82618	11	10	1	0.9090909090909091	0.5454545454545454
HG001_chr5.32337638.32339095|HWI-D00360:7:H88WKADXX:1:1214:17891:24868	HG001_all_regions	HG001_chr5.32337638.32339095|HWI-D00360:7:H88WKADXX:1:1214:17891:24868	10	9	0	1.0	0.0
HG001_chr5.32337638.32339095|HISEQ1:17:H947YADXX:1:1211:2916:62518	HG001_all_regions	HG001_chr5.32337638.32339095|HISEQ1:17:H947YADXX:1:1211:2916:62518	0	0	0	0.0	0.0
HG001_chr5.32337638.32339095|HISEQ1:11:H8GV6ADXX:2:1111:15683:78664	HG001_all_regions	HG001_chr5.32337638.32339095|HISEQ1:11:H8GV6ADXX:2:1111:15683:78664	0	0	0	0.0	0.0
HG001_chr5.32337638.32339095|HWI-D00360:7:H88WKADXX:1:1106:17710:95008	HG001_all_regions	HG001_chr5.32337638.32339095|HWI-D00360:7:H88WKADXX:1:1106:17710:95008	0	0	0	0.0	0.0
HG001_chr5.32337638.32339095|HWI-D00360:7:H88WKADXX:1:2204:11194:72153	HG001_all_regions	HG001_chr5.32337638.32339095|HWI-D00360:7:H88WKADXX:1:2204:11194:72153	0	0	0	0.0	0.0
HG001_chr5.32337638.32339095|HISEQ1:9:H8962ADXX:2:1111:2760:45275	HG001_all_regions	HG001_chr5.32337638.32339095|HISEQ1:9:H8962ADXX:2:1111:2760:45275	0	0	0	0.0	0.0
HG001_chr5.32337638.32339095|HWI-D00360:8:H88U0ADXX:2:2110:5891:4429	HG001_all_regions	HG001_chr5.32337638.32339095|HWI-D00360:8:H88U0ADXX:2:2110:5891:4429	0	0	0	0.0	0.0
HG001_chr5.32337638.32339095|HISEQ1:13:H8G92ADXX:2:1215:10179:65939	HG001_all_regions	HG001_chr5.32337638.32339095|HISEQ1:13:H8G92ADXX:2:1215:10179:65939	0	0	0	0.0	0.0
HG002_chr1.633402.634418|HISEQ1:19:H8VDAADXX:1:1116:12999:93335	HG002_all_regions	HG002_chr1.633402.634418|HISEQ1:19:H8VDAADXX:1:1116:12999:93335	11	5	6	0.45454545454545453	3.2727272727272725
HG002_chr1.633402.634418|HISEQ1:18:H8VC6ADXX:2:1105:2494:19158	HG002_all_regions	HG002_chr1.633402.634418|HISEQ1:18:H8VC6ADXX:2:1105:2494:19158	13	13	0	1.0	0.0
HG002_chr1.633402.634418|HISEQ1:19:H8VDAADXX:1:2104:10759:49439	HG002_all_regions	HG002_chr1.633402.634418|HISEQ1:19:H8VDAADXX:1:2104:10759:49439	11	11	0	1.0	0.0
HG002_chr1.633402.634418|HISEQ1:18:H8VC6ADXX:2:1204:14355:58861	HG002_all_regions	HG002_chr1.633402.634418|HISEQ1:18:H8VC6ADXX:2:1204:14355:58861	13	13	0	1.0	0.0
HG002_chr1.633402.634418|HISEQ1:20:H9V1RADXX:1:1210:19079:56421	HG002_all_regions	HG002_chr1.633402.634418|HISEQ1:20:H9V1RADXX:1:1210:19079:56421	0	0	0	0.0	0.0
HG002_chr1.633402.634418|HISEQ1:18:H8VC6ADXX:1:2104:8827:79327	HG002_all_regions	HG002_chr1.633402.634418|HISEQ1:18:H8VC6ADXX:1:2104:8827:79327	12	9	3	0.75	1.5
HG002_chr1.633402.634418|HISEQ1:18:H8VC6ADXX:2:2116:19073:26544	HG002_all_regions	HG002_chr1.633402.634418|HISEQ1:18:H8VC6ADXX:2:2116:19073:26544	14	14	0	1.0	0.0
HG002_chr1.633402.634418|HISEQ1:20:H9V1RADXX:2:1216:7826:33821	HG002_all_regions	HG002_chr1.633402.634418|HISEQ1:20:H9V1RADXX:2:1216:7826:33821	14	14	0	1.0	0.0
HG002_chr1.633402.634418|HISEQ1:18:H8VC6ADXX:2:1214:2078:90648	HG002_all_regions	HG002_chr1.633402.634418|HISEQ1:18:H8VC6ADXX:2:1214:2078:90648	0	0	0	0.0	0.0
HG002_chr1.633402.634418|HISEQ1:18:H8VC6ADXX:1:1114:1441:15297	HG002_all_regions	HG002_chr1.633402.634418|HISEQ1:18:H8VC6ADXX:1:1114:1441:15297	18	17	1	0.9444444444444444	0.3333333333333333
HG002_chr1.633402.634418|HISEQ1:19:H8VDAADXX:1:1113:4609:6159	HG002_all_regions	HG002_chr1.633402.634418|HISEQ1:19:H8VDAADXX:1:1113:4609:6159	13	13	0	1.0	0.0
HG002_chr1.633402.634418|HISEQ1:19:H8VDAADXX:1:1113:4609:6159	HG002_all_regions	HG002_chr1.633402.634418|HISEQ1:19:H8VDAADXX:1:1113:4609:6159	13	13	0	1.0	0.0
HG002_chr1.633402.634418|HISEQ1:20:H9V1RADXX:2:2204:6420:78882	HG002_all_regions	HG002_chr1.633402.634418|HISEQ1:20:H9V1RADXX:2:2204:6420:78882	0	0	0	0.0	0.0
HG002_chr1.633402.634418|HISEQ1:18:H8VC6ADXX:2:1102:11727:16881	HG002_all_regions	HG002_chr1.633402.634418|HISEQ1:18:H8VC6ADXX:2:1102:11727:16881	17	16	1	0.9411764705882353	0.3529411764705882
HG002_chr1.633402.634418|HISEQ1:18:H8VC6ADXX:2:1102:11727:16881	HG002_all_regions	HG002_chr1.633402.634418|HISEQ1:18:H8VC6ADXX:2:1102:11727:16881	17	0	0	0.0	0.0
HG002_chr1.633402.634418|HISEQ1:20:H9V1RADXX:1:1104:15011:85090	HG002_all_regions	HG002_chr1.633402.634418|HISEQ1:20:H9V1RADXX:1:1104:15011:85090	0	0	0	0.0	0.0
HG002_chr1.633402.634418|HISEQ1:18:H8VC6ADXX:1:1104:15794:89640	HG002_all_regions	HG002_chr1.633402.634418|HISEQ1:18:H8VC6ADXX:1:1104:15794:89640	19	17	1	0.9444444444444444	0.3333333333333333
HG002_chr1.633402.634418|HISEQ1:18:H8VC6ADXX:1:1112:16375:35548	HG002_all_regions	HG002_chr1.633402.634418|HISEQ1:18:H8VC6ADXX:1:1112:16375:35548	0	0	0	0.0	0.0
HG002_chr1.633402.634418|HISEQ1:18:H8VC6ADXX:1:2109:10122:52190	HG002_all_regions	HG002_chr1.633402.634418|HISEQ1:18:H8VC6ADXX:1:2109:10122:52190	0	0	0	0.0	0.0
HG002_chr1.633402.634418|HISEQ1:19:H8VDAADXX:1:2110:12069:31514	HG002_all_regions	HG002_chr1.633402.634418|HISEQ1:19:H8VDAADXX:1:2110:12069:31514	0	0	0	0.0	0.0
HG002_chr1.633402.634418|HISEQ1:18:H8VC6ADXX:2:2213:7352:58980	HG002_all_regions	HG002_chr1.633402.634418|HISEQ1:18:H8VC6ADXX:2:2213:7352:58980	18	17	1	0.9444444444444444	0.3333333333333333
HG002_chr1.633402.634418|HISEQ1:18:H8VC6ADXX:2:2213:7352:58980	HG002_all_regions	HG002_chr1.633402.634418|HISEQ1:18:H8VC6ADXX:2:2213:7352:58980	18	17	1	0.9444444444444444	0.3333333333333333
HG002_chr1.633402.634418|HISEQ1:19:H8VDAADXX:1:2102:11902:71218	HG002_all_regions	HG002_chr1.633402.634418|HISEQ1:19:H8VDAADXX:1:2102:11902:71218	0	0	0	0.0	0.0
HG002_chr1.633402.634418|HISEQ1:18:H8VC6ADXX:1:2208:17718:94694	HG002_all_regions	HG002_chr1.633402.634418|HISEQ1:18:H8VC6ADXX:1:2208:17718:94694	0	0	0	0.0	0.0
HG002_chr1.633402.634418|HISEQ1:18:H8VC6ADXX:2:2103:11635:74411	HG002_all_regions	HG002_chr1.633402.634418|HISEQ1:18:H8VC6ADXX:2:2103:11635:74411	0	0	0	0.0	0.0
HG002_chr1.633402.634418|HISEQ1:19:H8VDAADXX:2:1204:9997:98650	HG002_all_regions	HG002_chr1.633402.634418|HISEQ1:19:H8VDAADXX:2:1204:9997:98650	15	14	1	0.9333333333333333	0.4
HG002_chr1.633402.634418|HISEQ1:19:H8VDAADXX:2:1204:9997:98650	HG002_all_regions	HG002_chr1.633402.634418|HISEQ1:19:H8VDAADXX:2:1204:9997:98650	16	0	0	0.0	0.0
HG002_chr1.633402.634418|HISEQ1:18:H8VC6ADXX:2:1105:12218:22473	HG002_all_regions	HG002_chr1.633402.634418|HISEQ1:18:H8VC6ADXX:2:1105:12218:22473	14	13	1	0.9285714285714286	0.42857142857142855
HG002_chr1.633402.634418|HISEQ1:18:H8VC6ADXX:2:1105:12218:22473	HG002_all_regions	HG002_chr1.633402.634418|HISEQ1:18:H8VC6ADXX:2:1105:12218:22473	15	14	1	0.9333333333333333	0.4
HG002_chr1.633402.634418|HISEQ1:19:H8VDAADXX:1:1107:11271:70785	HG002_all_regions	HG002_chr1.633402.634418|HISEQ1:19:H8VDAADXX:1:1107:11271:70785	15	13	1	0.9285714285714286	0.42857142857142855
HG002_chr1.633402.634418|HISEQ1:19:H8VDAADXX:1:1107:11271:70785	HG002_all_regions	HG002_chr1.633402.634418|HISEQ1:19:H8VDAADXX:1:1107:11271:70785	14	13	1	0.9285714285714286	0.42857142857142855
HG002_chr1.633402.634418|HISEQ1:18:H8VC6ADXX:1:1104:2549:73737	HG002_all_regions	HG002_chr1.633402.634418|HISEQ1:18:H8VC6ADXX:1:1104:2549:73737	11	10	1	0.9090909090909091	0.5454545454545454
HG002_chr1.633402.634418|HISEQ1:18:H8VC6ADXX:2:2115:1797:98145	HG002_all_regions	HG002_chr1.633402.634418|HISEQ1:18:H8VC6ADXX:2:2115:1797:98145	11	10	1	0.9090909090909091	0.5454545454545454
HG002_chr1.633402.634418|HISEQ1:18:H8VC6ADXX:1:1212:4098:9854	HG002_all_regions	HG002_chr1.633402.634418|HISEQ1:18:H8VC6ADXX:1:1212:4098:9854	11	10	1	0.9090909090909091	0.5454545454545454
HG002_chr1.633402.634418|HISEQ1:20:H9V1RADXX:1:2209:18211:63719	HG002_all_regions	HG002_chr1.633402.634418|HISEQ1:20:H9V1RADXX:1:2209:18211:63719	0	0	0	0.0	0.0
HG002_chr1.633402.634418|HISEQ1:20:H9V1RADXX:1:1105:3791:65015	HG002_all_regions	HG002_chr1.633402.634418|HISEQ1:20:H9V1RADXX:1:1105:3791:65015	10	9	1	0.9	0.6000000000000001
HG002_chr1.633402.634418|HISEQ1:19:H8VDAADXX:1:1215:2731:71511	HG002_all_regions	HG002_chr1.633402.634418|HISEQ1:19:H8VDAADXX:1:1215:2731:71511	10	9	1	0.9	0.6000000000000001
HG002_chr1.633402.634418|HISEQ1:18:H8VC6ADXX:1:1113:3562:79280	HG002_all_regions	HG002_chr1.633402.634418|HISEQ1:18:H8VC6ADXX:1:1113:3562:79280	9	9	0	1.0	0.0
HG002_chr11.49861520.49862789|HISEQ1:20:H9V1RADXX:1:2204:3433:96046	HG002_all_regions	HG002_chr11.49861520.49862789|HISEQ1:20:H9V1RADXX:1:2204:3433:96046	0	0	0	0.0	0.0
HG002_chr11.49861520.49862789|HISEQ1:18:H8VC6ADXX:2:1108:3084:38596	HG002_all_regions	HG002_chr11.49861520.49862789|HISEQ1:18:H8VC6ADXX:2:1108:3084:38596	0	0	0	0.0	0.0
HG002_chr11.49861520.49862789|HISEQ1:18:H8VC6ADXX:2:2109:17282:26420	HG002_all_regions	HG002_chr11.49861520.49862789|HISEQ1:18:H8VC6ADXX:2:2109:17282:26420	0	0	0	0.0	0.0
HG002_chr11.49861520.49862789|HISEQ1:20:H9V1RADXX:2:1108:14052:68427	HG002_all_regions	HG002_chr11.49861520.49862789|HISEQ1:20:H9V1RADXX:2:1108:14052:68427	0	0	0	0.0	0.0
HG002_chr11.49861520.49862789|HISEQ1:19:H8VDAADXX:2:2103:6570:8204	HG002_all_regions	HG002_chr11.49861520.49862789|HISEQ1:19:H8VDAADXX:2:2103:6570:8204	0	0	0	0.0	0.0
HG002_chr11.49861520.49862789|HISEQ1:19:H8VDAADXX:2:1109:4515:18364	HG002_all_regions	HG002_chr11.49861520.49862789|HISEQ1:19:H8VDAADXX:2:1109:4515:18364	0	0	0	0.0	0.0
HG002_chr11.49861520.49862789|HISEQ1:19:H8VDAADXX:2:2212:2683:69342	HG002_all_regions	HG002_chr11.49861520.49862789|HISEQ1:19:H8VDAADXX:2:2212:2683:69342	2	0	1	0.0	6.0
HG002_chr11.49861520.49862789|HISEQ1:19:H8VDAADXX:2:2201:6106:14884	HG002_all_regions	HG002_chr11.49861520.49862789|HISEQ1:19:H8VDAADXX:2:2201:6106:14884	0	0	0	0.0	0.0
HG002_chr11.49861520.49862789|HISEQ1:18:H8VC6ADXX:1:1212:20638:47408	HG002_all_regions	HG002_chr11.49861520.49862789|HISEQ1:18:H8VC6ADXX:1:1212:20638:47408	29	0	0	0.0	0.0
HG002_chr11.49861520.49862789|HISEQ1:19:H8VDAADXX:1:2202:18834:87285	HG002_all_regions	HG002_chr11.49861520.49862789|HISEQ1:19:H8VDAADXX:1:2202:18834:87285	11	2	0	1.0	0.0
HG002_chr11.49861520.49862789|HISEQ1:18:H8VC6ADXX:2:1215:20989:64715	HG002_all_regions	HG002_chr11.49861520.49862789|HISEQ1:18:H8VC6ADXX:2:1215:20989:64715	0	0	0	0.0	0.0
HG002_chr11.49861520.49862789|HISEQ1:19:H8VDAADXX:1:2206:14821:79183	HG002_all_regions	HG002_chr11.49861520.49862789|HISEQ1:19:H8VDAADXX:1:2206:14821:79183	0	0	0	0.0	0.0
HG002_chr11.49861520.49862789|HISEQ1:20:H9V1RADXX:2:1108:3733:57635	HG002_all_regions	HG002_chr11.49861520.49862789|HISEQ1:20:H9V1RADXX:2:1108:3733:57635	0	0	0	0.0	0.0
HG002_chr21.9675697.9677286|HISEQ1:19:H8VDAADXX:1:2208:15573:55345	HG002_all_regions	HG002_chr21.9675697.9677286|HISEQ1:19:H8VDAADXX:1:2208:15573:55345	0	0	0	0.0	0.0
HG002_chr21.9675697.9677286|HISEQ1:19:H8VDAADXX:1:2212:12594:89411	HG002_all_regions	HG002_chr21.9675697.9677286|HISEQ1:19:H8VDAADXX:1:2212:12594:89411	0	0	0	0.0	0.0
HG002_chr21.9675697.9677286|HISEQ1:18:H8VC6ADXX:2:1214:20174:73789	HG002_all_regions	HG002_chr21.9675697.9677286|HISEQ1:18:H8VC6ADXX:2:1214:20174:73789	15	0	0	0.0	0.0
HG002_chr21.9675697.9677286|HISEQ1:18:H8VC6ADXX:1:1214:11545:34817	HG002_all_regions	HG002_chr21.9675697.9677286|HISEQ1:18:H8VC6ADXX:1:1214:11545:34817	0	0	0	0.0	0.0
HG002_chr21.9675697.9677286|HISEQ1:20:H9V1RADXX:2:1216:20659:33459	HG002_all_regions	HG002_chr21.9675697.9677286|HISEQ1:20:H9V1RADXX:2:1216:20659:33459	0	0	0	0.0	0.0
HG002_chr5.32337782.32339138|HISEQ1:20:H9V1RADXX:1:1105:5629:52755	HG002_all_regions	HG002_chr5.32337782.32339138|HISEQ1:20:H9V1RADXX:1:1105:5629:52755	0	0	0	0.0	0.0
HG002_chr5.32337782.32339138|HISEQ1:18:H8VC6ADXX:1:1209:17349:21695	HG002_all_regions	HG002_chr5.32337782.32339138|HISEQ1:18:H8VC6ADXX:1:1209:17349:21695	0	0	0	0.0	0.0
HG002_chr5.32337782.32339138|HISEQ1:20:H9V1RADXX:1:1208:8432:51333	HG002_all_regions	HG002_chr5.32337782.32339138|HISEQ1:20:H9V1RADXX:1:1208:8432:51333	0	0	0	0.0	0.0
HG002_chr5.32337782.32339138|HISEQ1:18:H8VC6ADXX:1:2216:21178:54998	HG002_all_regions	HG002_chr5.32337782.32339138|HISEQ1:18:H8VC6ADXX:1:2216:21178:54998	10	0	0	0.0	0.0
HG002_chr5.32337782.32339138|HISEQ1:19:H8VDAADXX:2:1106:8629:87903	HG002_all_regions	HG002_chr5.32337782.32339138|HISEQ1:19:H8VDAADXX:2:1106:8629:87903	0	0	0	0.0	0.0
HG002_chr5.32337782.32339138|HISEQ1:19:H8VDAADXX:1:1206:21120:19037	HG002_all_regions	HG002_chr5.32337782.32339138|HISEQ1:19:H8VDAADXX:1:1206:21120:19037	0	0	0	0.0	0.0
HG002_chr5.32337782.32339138|HISEQ1:18:H8VC6ADXX:2:2105:18389:73089	HG002_all_regions	HG002_chr5.32337782.32339138|HISEQ1:18:H8VC6ADXX:2:2105:18389:73089	0	0	0	0.0	0.0
HG002_chr5.32337782.32339138|HISEQ1:18:H8VC6ADXX:1:1101:2331:76461	HG002_all_regions	HG002_chr5.32337782.32339138|HISEQ1:18:H8VC6ADXX:1:1101:2331:76461	0	0	0	0.0	0.0
HG002_chr5.32337782.32339138|HISEQ1:19:H8VDAADXX:2:1113:18232:5072	HG002_all_regions	HG002_chr5.32337782.32339138|HISEQ1:19:H8VDAADXX:2:1113:18232:5072	0	0	0	0.0	0.0
HG002_chr5.32337782.32339138|HISEQ1:19:H8VDAADXX:2:1113:18232:5072	HG002_all_regions	HG002_chr5.32337782.32339138|HISEQ1:19:H8VDAADXX:2:1113:18232:5072	0	0	0	0.0	0.0
HG002_chr5.32337782.32339138|HISEQ1:19:H8VDAADXX:2:1212:20479:40868	HG002_all_regions	HG002_chr5.32337782.32339138|HISEQ1:19:H8VDAADXX:2:1212:20479:40868	0	0	0	0.0	0.0
HG002_chr5.32337782.32339138|HISEQ1:20:H9V1RADXX:1:2215:3622:36537	HG002_all_regions	HG002_chr5.32337782.32339138|HISEQ1:20:H9V1RADXX:1:2215:3622:36537	0	0	0	0.0	0.0
HG002_chr5.32337782.32339138|HISEQ1:18:H8VC6ADXX:1:2112:3675:52887	HG002_all_regions	HG002_chr5.32337782.32339138|HISEQ1:18:H8VC6ADXX:1:2112:3675:52887	0	0	0	0.0	0.0
HG002_chr5.32337782.32339138|HISEQ1:19:H8VDAADXX:1:2103:13960:67685	HG002_all_regions	HG002_chr5.32337782.32339138|HISEQ1:19:H8VDAADXX:1:2103:13960:67685	0	0	0	0.0	0.0
HG002_chr5.32337782.32339138|HISEQ1:18:H8VC6ADXX:1:1215:15360:29107	HG002_all_regions	HG002_chr5.32337782.32339138|HISEQ1:18:H8VC6ADXX:1:1215:15360:29107	0	0	0	0.0	0.0
HG002_chr5.32337782.32339138|HISEQ1:18:H8VC6ADXX:1:1215:15360:29107	HG002_all_regions	HG002_chr5.32337782.32339138|HISEQ1:18:H8VC6ADXX:1:1215:15360:29107	0	0	0	0.0	0.0
HG002_chr9.129055.130496|HISEQ1:20:H9V1RADXX:2:2212:16859:73075	HG002_all_regions	HG002_chr9.129055.130496|HISEQ1:20:H9V1RADXX:2:2212:16859:73075	0	0	0	0.0	0.0
HG002_chr9.129055.130496|HISEQ1:19:H8VDAADXX:2:1201:10089:77056	HG002_all_regions	HG002_chr9.129055.130496|HISEQ1:19:H8VDAADXX:2:1201:10089:77056	0	0	0	0.0	0.0
HG002_chr9.129055.130496|HISEQ1:19:H8VDAADXX:2:2206:8062:68186	HG002_all_regions	HG002_chr9.129055.130496|HISEQ1:19:H8VDAADXX:2:2206:8062:68186	12	0	0	0.0	0.0
HG002_chr9.129055.130496|HISEQ1:19:H8VDAADXX:2:2206:8062:68186	HG002_all_regions	HG002_chr9.129055.130496|HISEQ1:19:H8VDAADXX:2:2206:8062:68186	12	12	0	1.0	0.0
HG002_chr9.129055.130496|HISEQ1:18:H8VC6ADXX:1:1205:11161:100430	HG002_all_regions	HG002_chr9.129055.130496|HISEQ1:18:H8VC6ADXX:1:1205:11161:100430	0	0	0	0.0	0.0
HG002_chr9.129055.130496|HISEQ1:19:H8VDAADXX:2:2103:14157:67367	HG002_all_regions	HG002_chr9.129055.130496|HISEQ1:19:H8VDAADXX:2:2103:14157:67367	0	0	0	0.0	0.0
HG006_chr1.633434.634463|HISEQ1:60:HB6D7ADXX:2:1216:3298:100374	HG006_all_regions	HG006_chr1.633434.634463|HISEQ1:60:HB6D7ADXX:2:1216:3298:100374	14	14	0	1.0	0.0
HG006_chr1.633434.634463|HISEQ1:62:HB657ADXX:2:2203:13733:87900	HG006_all_regions	HG006_chr1.633434.634463|HISEQ1:62:HB657ADXX:2:2203:13733:87900	14	14	0	1.0	0.0
HG006_chr1.633434.634463|HISEQ1:65:HB7ACADXX:1:2115:7547:33934	HG006_all_regions	HG006_chr1.633434.634463|HISEQ1:65:HB7ACADXX:1:2115:7547:33934	14	14	0	1.0	0.0
HG006_chr1.633434.634463|HISEQ1:60:HB6D7ADXX:1:1102:14374:88800	HG006_all_regions	HG006_chr1.633434.634463|HISEQ1:60:HB6D7ADXX:1:1102:14374:88800	14	14	0	1.0	0.0
HG006_chr1.633434.634463|HISEQ1:58:HB675ADXX:1:1110:19511:96743	HG006_all_regions	HG006_chr1.633434.634463|HISEQ1:58:HB675ADXX:1:1110:19511:96743	13	13	0	1.0	0.0
HG006_chr1.633434.634463|HISEQ1:62:HB657ADXX:2:2109:18622:68328	HG006_all_regions	HG006_chr1.633434.634463|HISEQ1:62:HB657ADXX:2:2109:18622:68328	13	13	0	1.0	0.0
HG006_chr1.633434.634463|HISEQ1:58:HB675ADXX:2:1212:14901:95699	HG006_all_regions	HG006_chr1.633434.634463|HISEQ1:58:HB675ADXX:2:1212:14901:95699	13	13	0	1.0	0.0
HG006_chr1.633434.634463|HISEQ1:62:HB657ADXX:2:1112:4739:81332	HG006_all_regions	HG006_chr1.633434.634463|HISEQ1:62:HB657ADXX:2:1112:4739:81332	13	13	0	1.0	0.0
HG006_chr1.633434.634463|HISEQ1:62:HB657ADXX:1:2101:11046:90466	HG006_all_regions	HG006_chr1.633434.634463|HISEQ1:62:HB657ADXX:1:2101:11046:90466	13	13	0	1.0	0.0
HG006_chr1.633434.634463|HISEQ1:65:HB7ACADXX:1:1209:15932:14782	HG006_all_regions	HG006_chr1.633434.634463|HISEQ1:65:HB7ACADXX:1:1209:15932:14782	13	13	0	1.0	0.0
HG006_chr1.633434.634463|HISEQ1:62:HB657ADXX:2:1206:3030:66263	HG006_all_regions	HG006_chr1.633434.634463|HISEQ1:62:HB657ADXX:2:1206:3030:66263	13	13	0	1.0	0.0
HG006_chr1.633434.634463|HISEQ1:62:HB657ADXX:1:2211:9029:50175	HG006_all_regions	HG006_chr1.633434.634463|HISEQ1:62:HB657ADXX:1:2211:9029:50175	13	13	0	1.0	0.0
HG006_chr1.633434.634463|HISEQ1:65:HB7ACADXX:1:1214:2479:86416	HG006_all_regions	HG006_chr1.633434.634463|HISEQ1:65:HB7ACADXX:1:1214:2479:86416	13	13	0	1.0	0.0
HG006_chr1.633434.634463|HISEQ1:60:HB6D7ADXX:1:1108:2361:49384	HG006_all_regions	HG006_chr1.633434.634463|HISEQ1:60:HB6D7ADXX:1:1108:2361:49384	13	13	0	1.0	0.0
HG006_chr1.633434.634463|HISEQ1:65:HB7ACADXX:2:1111:19547:56316	HG006_all_regions	HG006_chr1.633434.634463|HISEQ1:65:HB7ACADXX:2:1111:19547:56316	13	13	0	1.0	0.0
HG006_chr1.633434.634463|HISEQ1:65:HB7ACADXX:2:1116:9984:89109	HG006_all_regions	HG006_chr1.633434.634463|HISEQ1:65:HB7ACADXX:2:1116:9984:89109	13	13	0	1.0	0.0
HG006_chr1.633434.634463|HISEQ1:65:HB7ACADXX:2:2103:9224:13806	HG006_all_regions	HG006_chr1.633434.634463|HISEQ1:65:HB7ACADXX:2:2103:9224:13806	13	13	0	1.0	0.0
HG006_chr1.633434.634463|HISEQ1:65:HB7ACADXX:1:2212:16654:16214	HG006_all_regions	HG006_chr1.633434.634463|HISEQ1:65:HB7ACADXX:1:2212:16654:16214	13	13	0	1.0	0.0
HG006_chr1.633434.634463|HISEQ1:65:HB7ACADXX:2:2113:1284:35260	HG006_all_regions	HG006_chr1.633434.634463|HISEQ1:65:HB7ACADXX:2:2113:1284:35260	0	0	0	0.0	0.0
HG006_chr1.633434.634463|HISEQ1:60:HB6D7ADXX:1:1104:16179:68324	HG006_all_regions	HG006_chr1.633434.634463|HISEQ1:60:HB6D7ADXX:1:1104:16179:68324	13	13	0	1.0	0.0
HG006_chr1.633434.634463|HISEQ1:65:HB7ACADXX:2:1102:5400:84803	HG006_all_regions	HG006_chr1.633434.634463|HISEQ1:65:HB7ACADXX:2:1102:5400:84803	13	13	0	1.0	0.0
HG006_chr1.633434.634463|HISEQ1:58:HB675ADXX:2:2101:4652:39612	HG006_all_regions	HG006_chr1.633434.634463|HISEQ1:58:HB675ADXX:2:2101:4652:39612	13	13	0	1.0	0.0
HG006_chr1.633434.634463|HISEQ1:58:HB675ADXX:1:1114:4670:84935	HG006_all_regions	HG006_chr1.633434.634463|HISEQ1:58:HB675ADXX:1:1114:4670:84935	13	13	0	1.0	0.0
HG006_chr1.633434.634463|HISEQ1:62:HB657ADXX:2:2208:4751:3047	HG006_all_regions	HG006_chr1.633434.634463|HISEQ1:62:HB657ADXX:2:2208:4751:3047	13	13	0	1.0	0.0
HG006_chr1.633434.634463|HISEQ1:65:HB7ACADXX:1:1113:4524:43966	HG006_all_regions	HG006_chr1.633434.634463|HISEQ1:65:HB7ACADXX:1:1113:4524:43966	13	13	0	1.0	0.0
HG006_chr1.633434.634463|HISEQ1:60:HB6D7ADXX:1:2215:12147:90242	HG006_all_regions	HG006_chr1.633434.634463|HISEQ1:60:HB6D7ADXX:1:2215:12147:90242	13	13	0	1.0	0.0
HG006_chr1.633434.634463|HISEQ1:62:HB657ADXX:2:1201:8315:92962	HG006_all_regions	HG006_chr1.633434.634463|HISEQ1:62:HB657ADXX:2:1201:8315:92962	12	12	0	1.0	0.0
HG006_chr1.633434.634463|HISEQ1:65:HB7ACADXX:2:2109:1693:100089	HG006_all_regions	HG006_chr1.633434.634463|HISEQ1:65:HB7ACADXX:2:2109:1693:100089	12	12	0	1.0	0.0
HG006_chr1.633434.634463|HISEQ1:62:HB657ADXX:1:2203:17291:3305	HG006_all_regions	HG006_chr1.633434.634463|HISEQ1:62:HB657ADXX:1:2203:17291:3305	11	11	0	1.0	0.0
HG006_chr1.633434.634463|HISEQ1:60:HB6D7ADXX:2:1105:9906:87325	HG006_all_regions	HG006_chr1.633434.634463|HISEQ1:60:HB6D7ADXX:2:1105:9906:87325	11	11	0	1.0	0.0
HG006_chr1.633434.634463|HISEQ1:60:HB6D7ADXX:2:2102:16973:12714	HG006_all_regions	HG006_chr1.633434.634463|HISEQ1:60:HB6D7ADXX:2:2102:16973:12714	13	11	0	1.0	0.0
HG006_chr1.633434.634463|HISEQ1:60:HB6D7ADXX:2:2108:7443:62520	HG006_all_regions	HG006_chr1.633434.634463|HISEQ1:60:HB6D7ADXX:2:2108:7443:62520	13	10	1	0.9090909090909091	0.5454545454545454
HG006_chr1.633434.634463|HISEQ1:58:HB675ADXX:2:1116:6617:42041	HG006_all_regions	HG006_chr1.633434.634463|HISEQ1:58:HB675ADXX:2:1116:6617:42041	11	9	1	0.9	0.6000000000000001
HG006_chr1.633434.634463|HISEQ1:58:HB675ADXX:2:2104:13728:46132	HG006_all_regions	HG006_chr1.633434.634463|HISEQ1:58:HB675ADXX:2:2104:13728:46132	9	9	0	1.0	0.0
HG006_chr1.633434.634463|HISEQ1:62:HB657ADXX:1:1205:9697:44594	HG006_all_regions	HG006_chr1.633434.634463|HISEQ1:62:HB657ADXX:1:1205:9697:44594	9	9	0	1.0	0.0
HG006_chr1.633434.634463|HISEQ1:58:HB675ADXX:2:1105:2846:26013	HG006_all_regions	HG006_chr1.633434.634463|HISEQ1:58:HB675ADXX:2:1105:2846:26013	2	1	1	0.5	3.0
HG006_chr1.633434.634463|HISEQ1:65:HB7ACADXX:2:1109:6611:29288	HG006_all_regions	HG006_chr1.633434.634463|HISEQ1:65:HB7ACADXX:2:1109:6611:29288	0	0	0	0.0	0.0
HG006_chr1.633434.634463|HISEQ1:60:HB6D7ADXX:1:2208:9050:85122	HG006_all_regions	HG006_chr1.633434.634463|HISEQ1:60:HB6D7ADXX:1:2208:9050:85122	0	0	0	0.0	0.0
HG006_chr1.633434.634463|HISEQ1:65:HB7ACADXX:1:1214:9892:30056	HG006_all_regions	HG006_chr1.633434.634463|HISEQ1:65:HB7ACADXX:1:1214:9892:30056	0	0	0	0.0	0.0
HG006_chr1.633434.634463|HISEQ1:58:HB675ADXX:2:2104:13728:46132	HG006_all_regions	HG006_chr1.633434.634463|HISEQ1:58:HB675ADXX:2:2104:13728:46132	0	0	0	0.0	0.0
HG006_chr1.633434.634463|HISEQ1:58:HB675ADXX:1:2207:20350:44795	HG006_all_regions	HG006_chr1.633434.634463|HISEQ1:58:HB675ADXX:1:2207:20350:44795	0	0	0	0.0	0.0
HG006_chr1.633434.634463|HISEQ1:60:HB6D7ADXX:1:2106:12694:50265	HG006_all_regions	HG006_chr1.633434.634463|HISEQ1:60:HB6D7ADXX:1:2106:12694:50265	0	0	0	0.0	0.0
HG006_chr1.633434.634463|HISEQ1:65:HB7ACADXX:2:1116:9984:89109	HG006_all_regions	HG006_chr1.633434.634463|HISEQ1:65:HB7ACADXX:2:1116:9984:89109	0	0	0	0.0	0.0
HG006_chr1.633434.634463|HISEQ1:65:HB7ACADXX:1:2112:7322:63700	HG006_all_regions	HG006_chr1.633434.634463|HISEQ1:65:HB7ACADXX:1:2112:7322:63700	0	0	0	0.0	0.0
HG006_chr1.633434.634463|HISEQ1:58:HB675ADXX:1:1213:6038:41193	HG006_all_regions	HG006_chr1.633434.634463|HISEQ1:58:HB675ADXX:1:1213:6038:41193	0	0	0	0.0	0.0
HG006_chr1.633434.634463|HISEQ1:58:HB675ADXX:1:1111:7067:47830	HG006_all_regions	HG006_chr1.633434.634463|HISEQ1:58:HB675ADXX:1:1111:7067:47830	0	0	0	0.0	0.0
HG006_chr1.633434.634463|HISEQ1:58:HB675ADXX:2:2111:6974:84039	HG006_all_regions	HG006_chr1.633434.634463|HISEQ1:58:HB675ADXX:2:2111:6974:84039	0	0	0	0.0	0.0
HG006_chr1.633434.634463|HISEQ1:65:HB7ACADXX:2:1202:4987:17265	HG006_all_regions	HG006_chr1.633434.634463|HISEQ1:65:HB7ACADXX:2:1202:4987:17265	19	17	2	0.8947368421052632	0.631578947368421
HG006_chr1.633434.634463|HISEQ1:65:HB7ACADXX:2:2113:1284:35260	HG006_all_regions	HG006_chr1.633434.634463|HISEQ1:65:HB7ACADXX:2:2113:1284:35260	16	14	1	0.9333333333333333	0.4
HG006_chr1.633434.634463|HISEQ1:60:HB6D7ADXX:2:1102:17481:66393	HG006_all_regions	HG006_chr1.633434.634463|HISEQ1:60:HB6D7ADXX:2:1102:17481:66393	0	0	0	0.0	0.0
HG006_chr1.633434.634463|HISEQ1:60:HB6D7ADXX:1:2111:8407:22098	HG006_all_regions	HG006_chr1.633434.634463|HISEQ1:60:HB6D7ADXX:1:2111:8407:22098	0	0	0	0.0	0.0
HG006_chr1.633434.634463|HISEQ1:62:HB657ADXX:2:1206:3030:66263	HG006_all_regions	HG006_chr1.633434.634463|HISEQ1:62:HB657ADXX:2:1206:3030:66263	0	0	0	0.0	0.0
HG006_chr1.633434.634463|HISEQ1:58:HB675ADXX:2:2105:21149:83947	HG006_all_regions	HG006_chr1.633434.634463|HISEQ1:58:HB675ADXX:2:2105:21149:83947	11	9	1	0.9	0.6000000000000001
HG006_chr1.633434.634463|HISEQ1:65:HB7ACADXX:2:1108:8441:84882	HG006_all_regions	HG006_chr1.633434.634463|HISEQ1:65:HB7ACADXX:2:1108:8441:84882	10	9	1	0.9	0.6000000000000001
HG006_chr1.633434.634463|HISEQ1:65:HB7ACADXX:2:1108:8441:84882	HG006_all_regions	HG006_chr1.633434.634463|HISEQ1:65:HB7ACADXX:2:1108:8441:84882	10	9	1	0.9	0.6000000000000001
HG006_chr1.633434.634463|HISEQ1:58:HB675ADXX:1:1215:9638:64708	HG006_all_regions	HG006_chr1.633434.634463|HISEQ1:58:HB675ADXX:1:1215:9638:64708	0	0	0	0.0	0.0
HG006_chr1.633434.634463|HISEQ1:65:HB7ACADXX:2:2105:7658:25058	HG006_all_regions	HG006_chr1.633434.634463|HISEQ1:65:HB7ACADXX:2:2105:7658:25058	7	7	0	1.0	0.0
HG006_chr1.633434.634463|HISEQ1:60:HB6D7ADXX:1:2105:15789:80683	HG006_all_regions	HG006_chr1.633434.634463|HISEQ1:60:HB6D7ADXX:1:2105:15789:80683	6	6	0	1.0	0.0
HG006_chr11.49861573.49862793|HISEQ1:60:HB6D7ADXX:2:1101:5223:72166	HG006_all_regions	HG006_chr11.49861573.49862793|HISEQ1:60:HB6D7ADXX:2:1101:5223:72166	40	40	0	1.0	0.0
HG006_chr11.49861573.49862793|HISEQ1:65:HB7ACADXX:2:2202:5531:46429	HG006_all_regions	HG006_chr11.49861573.49862793|HISEQ1:65:HB7ACADXX:2:2202:5531:46429	26	22	4	0.8461538461538461	0.9230769230769231
HG006_chr11.49861573.49862793|HISEQ1:58:HB675ADXX:1:1101:15245:47051	HG006_all_regions	HG006_chr11.49861573.49862793|HISEQ1:58:HB675ADXX:1:1101:15245:47051	0	0	0	0.0	0.0
HG006_chr11.49861573.49862793|HISEQ1:65:HB7ACADXX:2:2213:7934:88709	HG006_all_regions	HG006_chr11.49861573.49862793|HISEQ1:65:HB7ACADXX:2:2213:7934:88709	29	25	4	0.8620689655172413	0.8275862068965517
HG006_chr11.49861573.49862793|HISEQ1:60:HB6D7ADXX:2:1216:12899:80792	HG006_all_regions	HG006_chr11.49861573.49862793|HISEQ1:60:HB6D7ADXX:2:1216:12899:80792	0	0	0	0.0	0.0
HG006_chr11.49861573.49862793|HISEQ1:62:HB657ADXX:2:2104:9564:12842	HG006_all_regions	HG006_chr11.49861573.49862793|HISEQ1:62:HB657ADXX:2:2104:9564:12842	0	0	0	0.0	0.0
HG006_chr11.49861573.49862793|HISEQ1:65:HB7ACADXX:1:1105:12899:61945	HG006_all_regions	HG006_chr11.49861573.49862793|HISEQ1:65:HB7ACADXX:1:1105:12899:61945	0	0	0	0.0	0.0
HG006_chr11.49861573.49862793|HISEQ1:65:HB7ACADXX:1:2205:9152:8931	HG006_all_regions	HG006_chr11.49861573.49862793|HISEQ1:65:HB7ACADXX:1:2205:9152:8931	17	2	2	0.5	3.0
HG006_chr11.49861573.49862793|HISEQ1:58:HB675ADXX:2:1213:13228:37431	HG006_all_regions	HG006_chr11.49861573.49862793|HISEQ1:58:HB675ADXX:2:1213:13228:37431	0	0	0	0.0	0.0
HG006_chr11.49861573.49862793|HISEQ1:65:HB7ACADXX:1:2203:13744:13547	HG006_all_regions	HG006_chr11.49861573.49862793|HISEQ1:65:HB7ACADXX:1:2203:13744:13547	25	0	0	0.0	0.0
HG006_chr11.49861573.49862793|HISEQ1:65:HB7ACADXX:1:1214:2145:98986	HG006_all_regions	HG006_chr11.49861573.49862793|HISEQ1:65:HB7ACADXX:1:1214:2145:98986	0	0	0	0.0	0.0
HG006_chr11.49861573.49862793|HISEQ1:62:HB657ADXX:1:2207:3275:28795	HG006_all_regions	HG006_chr11.49861573.49862793|HISEQ1:62:HB657ADXX:1:2207:3275:28795	0	0	0	0.0	0.0
HG006_chr11.49861573.49862793|HISEQ1:62:HB657ADXX:2:2214:19625:51817	HG006_all_regions	HG006_chr11.49861573.49862793|HISEQ1:62:HB657ADXX:2:2214:19625:51817	33	0	0	0.0	0.0
HG006_chr17.22520868.22521877|HISEQ1:58:HB675ADXX:1:1201:15135:9338	HG006_all_regions	HG006_chr17.22520868.22521877|HISEQ1:58:HB675ADXX:1:1201:15135:9338	0	0	0	0.0	0.0
HG006_chr17.22520868.22521877|HISEQ1:60:HB6D7ADXX:2:1101:8267:5637	HG006_all_regions	HG006_chr17.22520868.22521877|HISEQ1:60:HB6D7ADXX:2:1101:8267:5637	0	0	0	0.0	0.0
HG006_chr17.22520868.22521877|HISEQ1:58:HB675ADXX:2:1202:11813:65293	HG006_all_regions	HG006_chr17.22520868.22521877|HISEQ1:58:HB675ADXX:2:1202:11813:65293	0	0	0	0.0	0.0
HG006_chr17.22520868.22521877|HISEQ1:65:HB7ACADXX:2:2109:12618:27560	HG006_all_regions	HG006_chr17.22520868.22521877|HISEQ1:65:HB7ACADXX:2:2109:12618:27560	0	0	0	0.0	0.0
HG006_chr17.22520868.22521877|HISEQ1:62:HB657ADXX:2:1116:9507:83713	HG006_all_regions	HG006_chr17.22520868.22521877|HISEQ1:62:HB657ADXX:2:1116:9507:83713	0	0	0	0.0	0.0
HG006_chr2.33666443.33667605|HISEQ1:65:HB7ACADXX:1:2213:5528:73364	HG006_all_regions	HG006_chr2.33666443.33667605|HISEQ1:65:HB7ACADXX:1:2213:5528:73364	7	6	1	0.8571428571428571	0.8571428571428571
HG006_chr2.33666443.33667605|HISEQ1:62:HB657ADXX:2:2114:9210:90393	HG006_all_regions	HG006_chr2.33666443.33667605|HISEQ1:62:HB657ADXX:2:2114:9210:90393	10	9	1	0.9	0.6000000000000001
HG006_chr2.33666443.33667605|HISEQ1:62:HB657ADXX:1:2214:15662:20056	HG006_all_regions	HG006_chr2.33666443.33667605|HISEQ1:62:HB657ADXX:1:2214:15662:20056	10	8	1	0.8888888888888888	0.6666666666666666
HG006_chr2.33666443.33667605|HISEQ1:65:HB7ACADXX:2:2105:8405:44504	HG006_all_regions	HG006_chr2.33666443.33667605|HISEQ1:65:HB7ACADXX:2:2105:8405:44504	0	0	0	0.0	0.0
HG006_chr2.33667252.33668265|HISEQ1:65:HB7ACADXX:2:2105:8405:44504	HG006_all_regions	HG006_chr2.33667252.33668265|HISEQ1:65:HB7ACADXX:2:2105:8405:44504	0	0	0	0.0	0.0
HG006_chr2.33667252.33668265|HISEQ1:65:HB7ACADXX:1:1108:20275:68543	HG006_all_regions	HG006_chr2.33667252.33668265|HISEQ1:65:HB7ACADXX:1:1108:20275:68543	4	0	0	0.0	0.0
HG006_chr2.33667252.33668265|HISEQ1:60:HB6D7ADXX:1:2103:6042:27749	HG006_all_regions	HG006_chr2.33667252.33668265|HISEQ1:60:HB6D7ADXX:1:2103:6042:27749	0	0	0	0.0	0.0
HG006_chr20.21473736.21475180|HISEQ1:60:HB6D7ADXX:2:1103:20878:60471	HG006_all_regions	HG006_chr20.21473736.21475180|HISEQ1:60:HB6D7ADXX:2:1103:20878:60471	0	0	0	0.0	0.0
HG006_chr20.21473736.21475180|HISEQ1:60:HB6D7ADXX:1:2102:7519:60771	HG006_all_regions	HG006_chr20.21473736.21475180|HISEQ1:60:HB6D7ADXX:1:2102:7519:60771	0	0	0	0.0	0.0
HG006_chr20.21473736.21475180|HISEQ1:60:HB6D7ADXX:1:2102:7519:60771	HG006_all_regions	HG006_chr20.21473736.21475180|HISEQ1:60:HB6D7ADXX:1:2102:7519:60771	0	0	0	0.0	0.0
HG006_chr20.21473736.21475180|HISEQ1:58:HB675ADXX:1:1102:14796:47275	HG006_all_regions	HG006_chr20.21473736.21475180|HISEQ1:58:HB675ADXX:1:1102:14796:47275	0	0	0	0.0	0.0
HG006_chr20.21473736.21475180|HISEQ1:62:HB657ADXX:2:2105:8109:24716	HG006_all_regions	HG006_chr20.21473736.21475180|HISEQ1:62:HB657ADXX:2:2105:8109:24716	0	0	0	0.0	0.0
