"Chr","Start","End","Value"
"1",1,1000000,266
"1",1000001,2000000,147
"1",2000001,3000000,148
"1",3000001,4000000,177
"1",4000001,5000000,475
"1",5000001,6000000,456
"1",6000001,7000000,141
"1",7000001,8000000,162
"1",8000001,9000000,202
"1",9000001,10000000,221
"1",10000001,11000000,109
"1",11000001,12000000,226
"1",12000001,13000000,212
"1",13000001,14000000,335
"1",14000001,15000000,347
"1",15000001,16000000,172
"1",16000001,17000000,167
"1",17000001,18000000,292
"1",18000001,19000000,261
"1",19000001,20000000,198
"1",20000001,21000000,247
"1",21000001,22000000,167
"1",22000001,23000000,178
"1",23000001,24000000,181
"1",24000001,25000000,207
"1",25000001,26000000,204
"1",26000001,27000000,150
"1",27000001,28000000,210
"1",28000001,29000000,148
"1",29000001,30000000,280
"1",30000001,31000000,337
"1",31000001,32000000,195
"1",32000001,33000000,186
"1",33000001,34000000,228
"1",34000001,35000000,342
"1",35000001,36000000,183
"1",36000001,37000000,197
"1",37000001,38000000,201
"1",38000001,39000000,315
"1",39000001,40000000,164
"1",40000001,41000000,230
"1",41000001,42000000,189
"1",42000001,43000000,232
"1",43000001,44000000,233
"1",44000001,45000000,154
"1",45000001,46000000,255
"1",46000001,47000000,221
"1",47000001,48000000,200
"1",48000001,49000000,225
"1",49000001,50000000,255
"1",50000001,51000000,161
"1",51000001,52000000,202
"1",52000001,53000000,133
"1",53000001,54000000,180
"1",54000001,55000000,205
"1",55000001,56000000,335
"1",56000001,57000000,229
"1",57000001,58000000,224
"1",58000001,59000000,319
"1",59000001,60000000,236
"1",60000001,61000000,298
"1",61000001,62000000,178
"1",62000001,63000000,213
"1",63000001,64000000,220
"1",64000001,65000000,209
"1",65000001,66000000,242
"1",66000001,67000000,184
"1",67000001,68000000,293
"1",68000001,69000000,318
"1",69000001,70000000,332
"1",70000001,71000000,296
"1",71000001,72000000,261
"1",72000001,73000000,279
"1",73000001,74000000,327
"1",74000001,75000000,246
"1",75000001,76000000,255
"1",76000001,77000000,256
"1",77000001,78000000,224
"1",78000001,79000000,269
"1",79000001,80000000,333
"1",80000001,81000000,325
"1",81000001,82000000,170
"1",82000001,83000000,296
"1",83000001,84000000,295
"1",84000001,85000000,258
"1",85000001,86000000,225
"1",86000001,87000000,200
"1",87000001,88000000,228
"1",88000001,89000000,211
"1",89000001,90000000,280
"1",90000001,91000000,201
"1",91000001,92000000,334
"1",92000001,93000000,158
"1",93000001,94000000,242
"1",94000001,95000000,259
"1",95000001,96000000,320
"1",96000001,97000000,246
"1",97000001,98000000,161
"1",98000001,99000000,239
"1",99000001,100000000,291
"1",100000001,101000000,183
"1",101000001,102000000,300
"1",102000001,103000000,370
"1",103000001,104000000,259
"1",104000001,105000000,325
"1",105000001,106000000,325
"1",106000001,107000000,281
"1",107000001,108000000,171
"1",108000001,109000000,245
"1",109000001,110000000,185
"1",110000001,111000000,190
"1",111000001,112000000,187
"1",112000001,113000000,290
"1",113000001,114000000,141
"1",114000001,115000000,301
"1",115000001,116000000,277
"1",116000001,117000000,210
"1",117000001,118000000,203
"1",118000001,119000000,178
"1",119000001,120000000,225
"1",120000001,121000000,212
"1",121000001,122000000,140
"1",122000001,123000000,2
"1",123000001,124000000,0
"1",124000001,125000000,0
"1",125000001,126000000,25
"1",126000001,127000000,0
"1",127000001,128000000,0
"1",128000001,129000000,0
"1",129000001,130000000,0
"1",130000001,131000000,0
"1",131000001,132000000,0
"1",132000001,133000000,0
"1",133000001,134000000,0
"1",134000001,135000000,0
"1",135000001,136000000,0
"1",136000001,137000000,0
"1",137000001,138000000,0
"1",138000001,139000000,0
"1",139000001,140000000,0
"1",140000001,141000000,0
"1",141000001,142000000,0
"1",142000001,143000000,0
"1",143000001,144000000,204
"1",144000001,145000000,242
"1",145000001,146000000,161
"1",146000001,147000000,229
"1",147000001,148000000,192
"1",148000001,149000000,267
"1",149000001,150000000,217
"1",150000001,151000000,105
"1",151000001,152000000,201
"1",152000001,153000000,155
"1",153000001,154000000,163
"1",154000001,155000000,154
"1",155000001,156000000,137
"1",156000001,157000000,88
"1",157000001,158000000,358
"1",158000001,159000000,215
"1",159000001,160000000,240
"1",160000001,161000000,258
"1",161000001,162000000,229
"1",162000001,163000000,190
"1",163000001,164000000,233
"1",164000001,165000000,192
"1",165000001,166000000,211
"1",166000001,167000000,247
"1",167000001,168000000,218
"1",168000001,169000000,225
"1",169000001,170000000,188
"1",170000001,171000000,228
"1",171000001,172000000,307
"1",172000001,173000000,197
"1",173000001,174000000,272
"1",174000001,175000000,183
"1",175000001,176000000,264
"1",176000001,177000000,214
"1",177000001,178000000,191
"1",178000001,179000000,146
"1",179000001,180000000,153
"1",180000001,181000000,178
"1",181000001,182000000,203
"1",182000001,183000000,221
"1",183000001,184000000,157
"1",184000001,185000000,203
"1",185000001,186000000,232
"1",186000001,187000000,218
"1",187000001,188000000,329
"1",188000001,189000000,333
"1",189000001,190000000,274
"1",190000001,191000000,282
"1",191000001,192000000,320
"1",192000001,193000000,255
"1",193000001,194000000,293
"1",194000001,195000000,299
"1",195000001,196000000,300
"1",196000001,197000000,283
"1",197000001,198000000,188
"1",198000001,199000000,228
"1",199000001,200000000,230
"1",200000001,201000000,108
"1",201000001,202000000,96
"1",202000001,203000000,104
"1",203000001,204000000,186
"1",204000001,205000000,198
"1",205000001,206000000,106
"1",206000001,207000000,152
"1",207000001,208000000,249
"1",208000001,209000000,193
"1",209000001,210000000,277
"1",210000001,211000000,242
"1",211000001,212000000,231
"1",212000001,213000000,220
"1",213000001,214000000,224
"1",214000001,215000000,204
"1",215000001,216000000,229
"1",216000001,217000000,138
"1",217000001,218000000,223
"1",218000001,219000000,236
"1",219000001,220000000,243
"1",220000001,221000000,228
"1",221000001,222000000,265
"1",222000001,223000000,247
"1",223000001,224000000,309
"1",224000001,225000000,352
"1",225000001,226000000,173
"1",226000001,227000000,285
"1",227000001,228000000,255
"1",228000001,229000000,363
"1",229000001,230000000,323
"1",230000001,231000000,278
"1",231000001,232000000,260
"1",232000001,233000000,285
"1",233000001,234000000,318
"1",234000001,235000000,194
"1",235000001,236000000,168
"1",236000001,237000000,232
"1",237000001,238000000,217
"1",238000001,239000000,383
"1",239000001,240000000,292
"1",240000001,241000000,165
"1",241000001,242000000,247
"1",242000001,243000000,310
"1",243000001,244000000,175
"1",244000001,245000000,284
"1",245000001,246000000,145
"1",246000001,247000000,232
"1",247000001,248000000,368
"1",248000001,248956422,302
"2",1,1000000,303
"2",1000001,2000000,215
"2",2000001,3000000,233
"2",3000001,4000000,229
"2",4000001,5000000,342
"2",5000001,6000000,239
"2",6000001,7000000,269
"2",7000001,8000000,308
"2",8000001,9000000,244
"2",9000001,10000000,180
"2",10000001,11000000,229
"2",11000001,12000000,236
"2",12000001,13000000,338
"2",13000001,14000000,387
"2",14000001,15000000,284
"2",15000001,16000000,267
"2",16000001,17000000,267
"2",17000001,18000000,240
"2",18000001,19000000,246
"2",19000001,20000000,207
"2",20000001,21000000,304
"2",21000001,22000000,249
"2",22000001,23000000,247
"2",23000001,24000000,166
"2",24000001,25000000,172
"2",25000001,26000000,188
"2",26000001,27000000,186
"2",27000001,28000000,147
"2",28000001,29000000,94
"2",29000001,30000000,191
"2",30000001,31000000,237
"2",31000001,32000000,239
"2",32000001,33000000,135
"2",33000001,34000000,268
"2",34000001,35000000,291
"2",35000001,36000000,283
"2",36000001,37000000,156
"2",37000001,38000000,246
"2",38000001,39000000,198
"2",39000001,40000000,204
"2",40000001,41000000,170
"2",41000001,42000000,272
"2",42000001,43000000,246
"2",43000001,44000000,138
"2",44000001,45000000,200
"2",45000001,46000000,163
"2",46000001,47000000,155
"2",47000001,48000000,361
"2",48000001,49000000,278
"2",49000001,50000000,259
"2",50000001,51000000,104
"2",51000001,52000000,251
"2",52000001,53000000,350
"2",53000001,54000000,287
"2",54000001,55000000,213
"2",55000001,56000000,162
"2",56000001,57000000,211
"2",57000001,58000000,242
"2",58000001,59000000,226
"2",59000001,60000000,206
"2",60000001,61000000,208
"2",61000001,62000000,268
"2",62000001,63000000,288
"2",63000001,64000000,175
"2",64000001,65000000,332
"2",65000001,66000000,232
"2",66000001,67000000,150
"2",67000001,68000000,244
"2",68000001,69000000,186
"2",69000001,70000000,168
"2",70000001,71000000,219
"2",71000001,72000000,216
"2",72000001,73000000,169
"2",73000001,74000000,232
"2",74000001,75000000,183
"2",75000001,76000000,348
"2",76000001,77000000,305
"2",77000001,78000000,290
"2",78000001,79000000,279
"2",79000001,80000000,281
"2",80000001,81000000,240
"2",81000001,82000000,261
"2",82000001,83000000,285
"2",83000001,84000000,320
"2",84000001,85000000,276
"2",85000001,86000000,262
"2",86000001,87000000,176
"2",87000001,88000000,235
"2",88000001,89000000,327
"2",89000001,90000000,292
"2",90000001,91000000,173
"2",91000001,92000000,127
"2",92000001,93000000,36
"2",93000001,94000000,0
"2",94000001,95000000,177
"2",95000001,96000000,234
"2",96000001,97000000,269
"2",97000001,98000000,192
"2",98000001,99000000,215
"2",99000001,100000000,163
"2",100000001,101000000,291
"2",101000001,102000000,301
"2",102000001,103000000,222
"2",103000001,104000000,205
"2",104000001,105000000,208
"2",105000001,106000000,296
"2",106000001,107000000,346
"2",107000001,108000000,280
"2",108000001,109000000,229
"2",109000001,110000000,205
"2",110000001,111000000,243
"2",111000001,112000000,239
"2",112000001,113000000,284
"2",113000001,114000000,292
"2",114000001,115000000,283
"2",115000001,116000000,268
"2",116000001,117000000,352
"2",117000001,118000000,301
"2",118000001,119000000,250
"2",119000001,120000000,284
"2",120000001,121000000,176
"2",121000001,122000000,295
"2",122000001,123000000,324
"2",123000001,124000000,283
"2",124000001,125000000,258
"2",125000001,126000000,261
"2",126000001,127000000,324
"2",127000001,128000000,219
"2",128000001,129000000,325
"2",129000001,130000000,271
"2",130000001,131000000,283
"2",131000001,132000000,211
"2",132000001,133000000,250
"2",133000001,134000000,227
"2",134000001,135000000,273
"2",135000001,136000000,152
"2",136000001,137000000,300
"2",137000001,138000000,289
"2",138000001,139000000,282
"2",139000001,140000000,299
"2",140000001,141000000,204
"2",141000001,142000000,204
"2",142000001,143000000,293
"2",143000001,144000000,170
"2",144000001,145000000,123
"2",145000001,146000000,202
"2",146000001,147000000,293
"2",147000001,148000000,255
"2",148000001,149000000,170
"2",149000001,150000000,214
"2",150000001,151000000,324
"2",151000001,152000000,195
"2",152000001,153000000,255
"2",153000001,154000000,272
"2",154000001,155000000,264
"2",155000001,156000000,241
"2",156000001,157000000,224
"2",157000001,158000000,202
"2",158000001,159000000,208
"2",159000001,160000000,145
"2",160000001,161000000,209
"2",161000001,162000000,167
"2",162000001,163000000,209
"2",163000001,164000000,214
"2",164000001,165000000,219
"2",165000001,166000000,187
"2",166000001,167000000,216
"2",167000001,168000000,186
"2",168000001,169000000,205
"2",169000001,170000000,193
"2",170000001,171000000,263
"2",171000001,172000000,258
"2",172000001,173000000,298
"2",173000001,174000000,233
"2",174000001,175000000,189
"2",175000001,176000000,199
"2",176000001,177000000,156
"2",177000001,178000000,236
"2",178000001,179000000,139
"2",179000001,180000000,191
"2",180000001,181000000,308
"2",181000001,182000000,179
"2",182000001,183000000,210
"2",183000001,184000000,287
"2",184000001,185000000,289
"2",185000001,186000000,364
"2",186000001,187000000,304
"2",187000001,188000000,349
"2",188000001,189000000,317
"2",189000001,190000000,193
"2",190000001,191000000,270
"2",191000001,192000000,225
"2",192000001,193000000,271
"2",193000001,194000000,286
"2",194000001,195000000,286
"2",195000001,196000000,267
"2",196000001,197000000,198
"2",197000001,198000000,153
"2",198000001,199000000,249
"2",199000001,200000000,248
"2",200000001,201000000,264
"2",201000001,202000000,199
"2",202000001,203000000,144
"2",203000001,204000000,245
"2",204000001,205000000,252
"2",205000001,206000000,173
"2",206000001,207000000,246
"2",207000001,208000000,195
"2",208000001,209000000,356
"2",209000001,210000000,189
"2",210000001,211000000,251
"2",211000001,212000000,237
"2",212000001,213000000,207
"2",213000001,214000000,283
"2",214000001,215000000,242
"2",215000001,216000000,298
"2",216000001,217000000,267
"2",217000001,218000000,258
"2",218000001,219000000,216
"2",219000001,220000000,245
"2",220000001,221000000,314
"2",221000001,222000000,241
"2",222000001,223000000,264
"2",223000001,224000000,318
"2",224000001,225000000,320
"2",225000001,226000000,307
"2",226000001,227000000,310
"2",227000001,228000000,240
"2",228000001,229000000,343
"2",229000001,230000000,230
"2",230000001,231000000,342
"2",231000001,232000000,258
"2",232000001,233000000,177
"2",233000001,234000000,250
"2",234000001,235000000,407
"2",235000001,236000000,238
"2",236000001,237000000,252
"2",237000001,238000000,282
"2",238000001,239000000,210
"2",239000001,240000000,208
"2",240000001,241000000,293
"2",241000001,242000000,227
"2",242000001,242193529,88
"3",1,1000000,315
"3",1000001,2000000,261
"3",2000001,3000000,204
"3",3000001,4000000,277
"3",4000001,5000000,200
"3",5000001,6000000,358
"3",6000001,7000000,299
"3",7000001,8000000,274
"3",8000001,9000000,343
"3",9000001,10000000,260
"3",10000001,11000000,153
"3",11000001,12000000,237
"3",12000001,13000000,150
"3",13000001,14000000,235
"3",14000001,15000000,194
"3",15000001,16000000,284
"3",16000001,17000000,383
"3",17000001,18000000,231
"3",18000001,19000000,275
"3",19000001,20000000,248
"3",20000001,21000000,268
"3",21000001,22000000,257
"3",22000001,23000000,335
"3",23000001,24000000,229
"3",24000001,25000000,202
"3",25000001,26000000,232
"3",26000001,27000000,332
"3",27000001,28000000,315
"3",28000001,29000000,307
"3",29000001,30000000,158
"3",30000001,31000000,376
"3",31000001,32000000,351
"3",32000001,33000000,304
"3",33000001,34000000,254
"3",34000001,35000000,312
"3",35000001,36000000,250
"3",36000001,37000000,308
"3",37000001,38000000,218
"3",38000001,39000000,232
"3",39000001,40000000,324
"3",40000001,41000000,360
"3",41000001,42000000,219
"3",42000001,43000000,334
"3",43000001,44000000,295
"3",44000001,45000000,272
"3",45000001,46000000,314
"3",46000001,47000000,346
"3",47000001,48000000,160
"3",48000001,49000000,188
"3",49000001,50000000,80
"3",50000001,51000000,105
"3",51000001,52000000,169
"3",52000001,53000000,105
"3",53000001,54000000,125
"3",54000001,55000000,232
"3",55000001,56000000,174
"3",56000001,57000000,199
"3",57000001,58000000,175
"3",58000001,59000000,218
"3",59000001,60000000,247
"3",60000001,61000000,236
"3",61000001,62000000,216
"3",62000001,63000000,162
"3",63000001,64000000,244
"3",64000001,65000000,205
"3",65000001,66000000,205
"3",66000001,67000000,248
"3",67000001,68000000,319
"3",68000001,69000000,295
"3",69000001,70000000,199
"3",70000001,71000000,257
"3",71000001,72000000,205
"3",72000001,73000000,472
"3",73000001,74000000,264
"3",74000001,75000000,322
"3",75000001,76000000,334
"3",76000001,77000000,241
"3",77000001,78000000,268
"3",78000001,79000000,313
"3",79000001,80000000,192
"3",80000001,81000000,361
"3",81000001,82000000,311
"3",82000001,83000000,340
"3",83000001,84000000,397
"3",84000001,85000000,322
"3",85000001,86000000,132
"3",86000001,87000000,318
"3",87000001,88000000,313
"3",88000001,89000000,236
"3",89000001,90000000,221
"3",90000001,91000000,93
"3",91000001,92000000,57
"3",92000001,93000000,0
"3",93000001,94000000,64
"3",94000001,95000000,357
"3",95000001,96000000,326
"3",96000001,97000000,340
"3",97000001,98000000,209
"3",98000001,99000000,292
"3",99000001,100000000,224
"3",100000001,101000000,194
"3",101000001,102000000,262
"3",102000001,103000000,345
"3",103000001,104000000,281
"3",104000001,105000000,359
"3",105000001,106000000,256
"3",106000001,107000000,352
"3",107000001,108000000,277
"3",108000001,109000000,243
"3",109000001,110000000,273
"3",110000001,111000000,297
"3",111000001,112000000,240
"3",112000001,113000000,295
"3",113000001,114000000,183
"3",114000001,115000000,127
"3",115000001,116000000,257
"3",116000001,117000000,161
"3",117000001,118000000,131
"3",118000001,119000000,304
"3",119000001,120000000,205
"3",120000001,121000000,210
"3",121000001,122000000,171
"3",122000001,123000000,182
"3",123000001,124000000,149
"3",124000001,125000000,132
"3",125000001,126000000,211
"3",126000001,127000000,298
"3",127000001,128000000,340
"3",128000001,129000000,277
"3",129000001,130000000,225
"3",130000001,131000000,242
"3",131000001,132000000,265
"3",132000001,133000000,253
"3",133000001,134000000,227
"3",134000001,135000000,212
"3",135000001,136000000,259
"3",136000001,137000000,178
"3",137000001,138000000,258
"3",138000001,139000000,171
"3",139000001,140000000,206
"3",140000001,141000000,273
"3",141000001,142000000,246
"3",142000001,143000000,190
"3",143000001,144000000,227
"3",144000001,145000000,332
"3",145000001,146000000,389
"3",146000001,147000000,300
"3",147000001,148000000,185
"3",148000001,149000000,270
"3",149000001,150000000,190
"3",150000001,151000000,301
"3",151000001,152000000,248
"3",152000001,153000000,237
"3",153000001,154000000,249
"3",154000001,155000000,204
"3",155000001,156000000,304
"3",156000001,157000000,210
"3",157000001,158000000,229
"3",158000001,159000000,198
"3",159000001,160000000,219
"3",160000001,161000000,280
"3",161000001,162000000,368
"3",162000001,163000000,358
"3",163000001,164000000,301
"3",164000001,165000000,405
"3",165000001,166000000,283
"3",166000001,167000000,321
"3",167000001,168000000,255
"3",168000001,169000000,221
"3",169000001,170000000,134
"3",170000001,171000000,212
"3",171000001,172000000,185
"3",172000001,173000000,226
"3",173000001,174000000,200
"3",174000001,175000000,269
"3",175000001,176000000,254
"3",176000001,177000000,312
"3",177000001,178000000,233
"3",178000001,179000000,227
"3",179000001,180000000,213
"3",180000001,181000000,275
"3",181000001,182000000,122
"3",182000001,183000000,130
"3",183000001,184000000,238
"3",184000001,185000000,179
"3",185000001,186000000,216
"3",186000001,187000000,193
"3",187000001,188000000,260
"3",188000001,189000000,122
"3",189000001,190000000,188
"3",190000001,191000000,286
"3",191000001,192000000,337
"3",192000001,193000000,177
"3",193000001,194000000,216
"3",194000001,195000000,220
"3",195000001,196000000,202
"3",196000001,197000000,220
"3",197000001,198000000,213
"3",198000001,198295559,73
"4",1,1000000,279
"4",1000001,2000000,154
"4",2000001,3000000,206
"4",3000001,4000000,279
"4",4000001,5000000,411
"4",5000001,6000000,334
"4",6000001,7000000,305
"4",7000001,8000000,236
"4",8000001,9000000,307
"4",9000001,10000000,303
"4",10000001,11000000,369
"4",11000001,12000000,379
"4",12000001,13000000,420
"4",13000001,14000000,318
"4",14000001,15000000,380
"4",15000001,16000000,362
"4",16000001,17000000,297
"4",17000001,18000000,360
"4",18000001,19000000,381
"4",19000001,20000000,330
"4",20000001,21000000,311
"4",21000001,22000000,270
"4",22000001,23000000,407
"4",23000001,24000000,270
"4",24000001,25000000,314
"4",25000001,26000000,330
"4",26000001,27000000,296
"4",27000001,28000000,404
"4",28000001,29000000,337
"4",29000001,30000000,327
"4",30000001,31000000,302
"4",31000001,32000000,362
"4",32000001,33000000,389
"4",33000001,34000000,417
"4",34000001,35000000,374
"4",35000001,36000000,371
"4",36000001,37000000,302
"4",37000001,38000000,344
"4",38000001,39000000,332
"4",39000001,40000000,173
"4",40000001,41000000,187
"4",41000001,42000000,235
"4",42000001,43000000,299
"4",43000001,44000000,389
"4",44000001,45000000,314
"4",45000001,46000000,382
"4",46000001,47000000,243
"4",47000001,48000000,231
"4",48000001,49000000,206
"4",49000001,50000000,220
"4",50000001,51000000,0
"4",51000001,52000000,59
"4",52000001,53000000,334
"4",53000001,54000000,212
"4",54000001,55000000,283
"4",55000001,56000000,229
"4",56000001,57000000,308
"4",57000001,58000000,334
"4",58000001,59000000,348
"4",59000001,60000000,308
"4",60000001,61000000,303
"4",61000001,62000000,247
"4",62000001,63000000,344
"4",63000001,64000000,356
"4",64000001,65000000,359
"4",65000001,66000000,277
"4",66000001,67000000,312
"4",67000001,68000000,343
"4",68000001,69000000,395
"4",69000001,70000000,343
"4",70000001,71000000,158
"4",71000001,72000000,232
"4",72000001,73000000,294
"4",73000001,74000000,231
"4",74000001,75000000,276
"4",75000001,76000000,263
"4",76000001,77000000,235
"4",77000001,78000000,380
"4",78000001,79000000,233
"4",79000001,80000000,233
"4",80000001,81000000,244
"4",81000001,82000000,235
"4",82000001,83000000,241
"4",83000001,84000000,411
"4",84000001,85000000,161
"4",85000001,86000000,218
"4",86000001,87000000,241
"4",87000001,88000000,277
"4",88000001,89000000,303
"4",89000001,90000000,360
"4",90000001,91000000,232
"4",91000001,92000000,287
"4",92000001,93000000,246
"4",93000001,94000000,223
"4",94000001,95000000,223
"4",95000001,96000000,205
"4",96000001,97000000,315
"4",97000001,98000000,308
"4",98000001,99000000,295
"4",99000001,100000000,266
"4",100000001,101000000,317
"4",101000001,102000000,220
"4",102000001,103000000,242
"4",103000001,104000000,303
"4",104000001,105000000,227
"4",105000001,106000000,168
"4",106000001,107000000,258
"4",107000001,108000000,287
"4",108000001,109000000,185
"4",109000001,110000000,213
"4",110000001,111000000,229
"4",111000001,112000000,186
"4",112000001,113000000,210
"4",113000001,114000000,181
"4",114000001,115000000,298
"4",115000001,116000000,310
"4",116000001,117000000,363
"4",117000001,118000000,358
"4",118000001,119000000,248
"4",119000001,120000000,231
"4",120000001,121000000,247
"4",121000001,122000000,267
"4",122000001,123000000,261
"4",123000001,124000000,221
"4",124000001,125000000,270
"4",125000001,126000000,303
"4",126000001,127000000,272
"4",127000001,128000000,248
"4",128000001,129000000,268
"4",129000001,130000000,248
"4",130000001,131000000,424
"4",131000001,132000000,376
"4",132000001,133000000,391
"4",133000001,134000000,308
"4",134000001,135000000,279
"4",135000001,136000000,347
"4",136000001,137000000,342
"4",137000001,138000000,294
"4",138000001,139000000,326
"4",139000001,140000000,276
"4",140000001,141000000,215
"4",141000001,142000000,329
"4",142000001,143000000,236
"4",143000001,144000000,310
"4",144000001,145000000,259
"4",145000001,146000000,233
"4",146000001,147000000,219
"4",147000001,148000000,234
"4",148000001,149000000,186
"4",149000001,150000000,252
"4",150000001,151000000,176
"4",151000001,152000000,237
"4",152000001,153000000,192
"4",153000001,154000000,238
"4",154000001,155000000,262
"4",155000001,156000000,382
"4",156000001,157000000,324
"4",157000001,158000000,280
"4",158000001,159000000,230
"4",159000001,160000000,292
"4",160000001,161000000,338
"4",161000001,162000000,246
"4",162000001,163000000,341
"4",163000001,164000000,332
"4",164000001,165000000,233
"4",165000001,166000000,234
"4",166000001,167000000,277
"4",167000001,168000000,280
"4",168000001,169000000,213
"4",169000001,170000000,238
"4",170000001,171000000,330
"4",171000001,172000000,381
"4",172000001,173000000,296
"4",173000001,174000000,212
"4",174000001,175000000,275
"4",175000001,176000000,337
"4",176000001,177000000,275
"4",177000001,178000000,293
"4",178000001,179000000,306
"4",179000001,180000000,374
"4",180000001,181000000,171
"4",181000001,182000000,192
"4",182000001,183000000,141
"4",183000001,184000000,195
"4",184000001,185000000,294
"4",185000001,186000000,214
"4",186000001,187000000,319
"4",187000001,188000000,249
"4",188000001,189000000,265
"4",189000001,190000000,310
"4",190000001,190214555,65
"5",1,1000000,196
"5",1000001,2000000,238
"5",2000001,3000000,207
"5",3000001,4000000,210
"5",4000001,5000000,272
"5",5000001,6000000,365
"5",6000001,7000000,370
"5",7000001,8000000,275
"5",8000001,9000000,359
"5",9000001,10000000,274
"5",10000001,11000000,394
"5",11000001,12000000,267
"5",12000001,13000000,373
"5",13000001,14000000,407
"5",14000001,15000000,227
"5",15000001,16000000,361
"5",16000001,17000000,293
"5",17000001,18000000,264
"5",18000001,19000000,439
"5",19000001,20000000,304
"5",20000001,21000000,351
"5",21000001,22000000,419
"5",22000001,23000000,304
"5",23000001,24000000,458
"5",24000001,25000000,353
"5",25000001,26000000,462
"5",26000001,27000000,395
"5",27000001,28000000,346
"5",28000001,29000000,428
"5",29000001,30000000,417
"5",30000001,31000000,339
"5",31000001,32000000,297
"5",32000001,33000000,309
"5",33000001,34000000,305
"5",34000001,35000000,457
"5",35000001,36000000,290
"5",36000001,37000000,279
"5",37000001,38000000,221
"5",38000001,39000000,295
"5",39000001,40000000,233
"5",40000001,41000000,307
"5",41000001,42000000,233
"5",42000001,43000000,285
"5",43000001,44000000,341
"5",44000001,45000000,340
"5",45000001,46000000,216
"5",46000001,47000000,6
"5",47000001,48000000,0
"5",48000001,49000000,0
"5",49000001,50000000,0
"5",50000001,51000000,181
"5",51000001,52000000,198
"5",52000001,53000000,239
"5",53000001,54000000,258
"5",54000001,55000000,363
"5",55000001,56000000,204
"5",56000001,57000000,276
"5",57000001,58000000,345
"5",58000001,59000000,233
"5",59000001,60000000,156
"5",60000001,61000000,203
"5",61000001,62000000,234
"5",62000001,63000000,319
"5",63000001,64000000,331
"5",64000001,65000000,277
"5",65000001,66000000,182
"5",66000001,67000000,234
"5",67000001,68000000,207
"5",68000001,69000000,282
"5",69000001,70000000,289
"5",70000001,71000000,341
"5",71000001,72000000,294
"5",72000001,73000000,206
"5",73000001,74000000,234
"5",74000001,75000000,289
"5",75000001,76000000,283
"5",76000001,77000000,257
"5",77000001,78000000,231
"5",78000001,79000000,141
"5",79000001,80000000,227
"5",80000001,81000000,283
"5",81000001,82000000,192
"5",82000001,83000000,274
"5",83000001,84000000,195
"5",84000001,85000000,261
"5",85000001,86000000,324
"5",86000001,87000000,298
"5",87000001,88000000,214
"5",88000001,89000000,184
"5",89000001,90000000,208
"5",90000001,91000000,171
"5",91000001,92000000,289
"5",92000001,93000000,250
"5",93000001,94000000,148
"5",94000001,95000000,202
"5",95000001,96000000,235
"5",96000001,97000000,236
"5",97000001,98000000,274
"5",98000001,99000000,214
"5",99000001,100000000,296
"5",100000001,101000000,280
"5",101000001,102000000,317
"5",102000001,103000000,252
"5",103000001,104000000,284
"5",104000001,105000000,333
"5",105000001,106000000,301
"5",106000001,107000000,277
"5",107000001,108000000,145
"5",108000001,109000000,266
"5",109000001,110000000,235
"5",110000001,111000000,303
"5",111000001,112000000,288
"5",112000001,113000000,287
"5",113000001,114000000,311
"5",114000001,115000000,221
"5",115000001,116000000,316
"5",116000001,117000000,238
"5",117000001,118000000,256
"5",118000001,119000000,271
"5",119000001,120000000,262
"5",120000001,121000000,268
"5",121000001,122000000,305
"5",122000001,123000000,228
"5",123000001,124000000,220
"5",124000001,125000000,306
"5",125000001,126000000,281
"5",126000001,127000000,265
"5",127000001,128000000,228
"5",128000001,129000000,231
"5",129000001,130000000,208
"5",130000001,131000000,278
"5",131000001,132000000,220
"5",132000001,133000000,166
"5",133000001,134000000,243
"5",134000001,135000000,125
"5",135000001,136000000,152
"5",136000001,137000000,232
"5",137000001,138000000,149
"5",138000001,139000000,146
"5",139000001,140000000,117
"5",140000001,141000000,129
"5",141000001,142000000,173
"5",142000001,143000000,259
"5",143000001,144000000,199
"5",144000001,145000000,262
"5",145000001,146000000,277
"5",146000001,147000000,119
"5",147000001,148000000,248
"5",148000001,149000000,190
"5",149000001,150000000,186
"5",150000001,151000000,176
"5",151000001,152000000,161
"5",152000001,153000000,223
"5",153000001,154000000,213
"5",154000001,155000000,212
"5",155000001,156000000,307
"5",156000001,157000000,223
"5",157000001,158000000,247
"5",158000001,159000000,178
"5",159000001,160000000,293
"5",160000001,161000000,218
"5",161000001,162000000,202
"5",162000001,163000000,289
"5",163000001,164000000,285
"5",164000001,165000000,233
"5",165000001,166000000,198
"5",166000001,167000000,250
"5",167000001,168000000,127
"5",168000001,169000000,142
"5",169000001,170000000,214
"5",170000001,171000000,205
"5",171000001,172000000,203
"5",172000001,173000000,268
"5",173000001,174000000,296
"5",174000001,175000000,296
"5",175000001,176000000,435
"5",176000001,177000000,230
"5",177000001,178000000,228
"5",178000001,179000000,222
"5",179000001,180000000,218
"5",180000001,181000000,267
"5",181000001,181538259,168
"6",1,1000000,181
"6",1000001,2000000,179
"6",2000001,3000000,294
"6",3000001,4000000,314
"6",4000001,5000000,285
"6",5000001,6000000,228
"6",6000001,7000000,275
"6",7000001,8000000,179
"6",8000001,9000000,246
"6",9000001,10000000,257
"6",10000001,11000000,248
"6",11000001,12000000,257
"6",12000001,13000000,148
"6",13000001,14000000,272
"6",14000001,15000000,408
"6",15000001,16000000,323
"6",16000001,17000000,216
"6",17000001,18000000,235
"6",18000001,19000000,249
"6",19000001,20000000,211
"6",20000001,21000000,222
"6",21000001,22000000,212
"6",22000001,23000000,225
"6",23000001,24000000,272
"6",24000001,25000000,213
"6",25000001,26000000,240
"6",26000001,27000000,368
"6",27000001,28000000,428
"6",28000001,29000000,317
"6",29000001,30000000,318
"6",30000001,31000000,274
"6",31000001,32000000,254
"6",32000001,33000000,226
"6",33000001,34000000,276
"6",34000001,35000000,131
"6",35000001,36000000,206
"6",36000001,37000000,194
"6",37000001,38000000,223
"6",38000001,39000000,170
"6",39000001,40000000,236
"6",40000001,41000000,413
"6",41000001,42000000,178
"6",42000001,43000000,153
"6",43000001,44000000,107
"6",44000001,45000000,223
"6",45000001,46000000,156
"6",46000001,47000000,195
"6",47000001,48000000,225
"6",48000001,49000000,267
"6",49000001,50000000,280
"6",50000001,51000000,185
"6",51000001,52000000,189
"6",52000001,53000000,261
"6",53000001,54000000,204
"6",54000001,55000000,198
"6",55000001,56000000,170
"6",56000001,57000000,201
"6",57000001,58000000,232
"6",58000001,59000000,133
"6",59000001,60000000,0
"6",60000001,61000000,220
"6",61000001,62000000,192
"6",62000001,63000000,252
"6",63000001,64000000,306
"6",64000001,65000000,238
"6",65000001,66000000,321
"6",66000001,67000000,339
"6",67000001,68000000,289
"6",68000001,69000000,225
"6",69000001,70000000,241
"6",70000001,71000000,179
"6",71000001,72000000,255
"6",72000001,73000000,131
"6",73000001,74000000,183
"6",74000001,75000000,230
"6",75000001,76000000,179
"6",76000001,77000000,287
"6",77000001,78000000,284
"6",78000001,79000000,310
"6",79000001,80000000,301
"6",80000001,81000000,246
"6",81000001,82000000,237
"6",82000001,83000000,249
"6",83000001,84000000,217
"6",84000001,85000000,271
"6",85000001,86000000,303
"6",86000001,87000000,339
"6",87000001,88000000,226
"6",88000001,89000000,254
"6",89000001,90000000,238
"6",90000001,91000000,207
"6",91000001,92000000,298
"6",92000001,93000000,267
"6",93000001,94000000,276
"6",94000001,95000000,234
"6",95000001,96000000,262
"6",96000001,97000000,268
"6",97000001,98000000,164
"6",98000001,99000000,177
"6",99000001,100000000,216
"6",100000001,101000000,180
"6",101000001,102000000,200
"6",102000001,103000000,302
"6",103000001,104000000,265
"6",104000001,105000000,238
"6",105000001,106000000,175
"6",106000001,107000000,252
"6",107000001,108000000,201
"6",108000001,109000000,173
"6",109000001,110000000,248
"6",110000001,111000000,304
"6",111000001,112000000,198
"6",112000001,113000000,244
"6",113000001,114000000,250
"6",114000001,115000000,273
"6",115000001,116000000,252
"6",116000001,117000000,162
"6",117000001,118000000,299
"6",118000001,119000000,245
"6",119000001,120000000,277
"6",120000001,121000000,270
"6",121000001,122000000,269
"6",122000001,123000000,291
"6",123000001,124000000,251
"6",124000001,125000000,230
"6",125000001,126000000,253
"6",126000001,127000000,231
"6",127000001,128000000,244
"6",128000001,129000000,190
"6",129000001,130000000,160
"6",130000001,131000000,234
"6",131000001,132000000,302
"6",132000001,133000000,217
"6",133000001,134000000,209
"6",134000001,135000000,259
"6",135000001,136000000,212
"6",136000001,137000000,156
"6",137000001,138000000,338
"6",138000001,139000000,216
"6",139000001,140000000,231
"6",140000001,141000000,326
"6",141000001,142000000,375
"6",142000001,143000000,234
"6",143000001,144000000,215
"6",144000001,145000000,249
"6",145000001,146000000,383
"6",146000001,147000000,311
"6",147000001,148000000,217
"6",148000001,149000000,239
"6",149000001,150000000,198
"6",150000001,151000000,264
"6",151000001,152000000,192
"6",152000001,153000000,198
"6",153000001,154000000,383
"6",154000001,155000000,223
"6",155000001,156000000,188
"6",156000001,157000000,208
"6",157000001,158000000,230
"6",158000001,159000000,215
"6",159000001,160000000,302
"6",160000001,161000000,281
"6",161000001,162000000,238
"6",162000001,163000000,188
"6",163000001,164000000,220
"6",164000001,165000000,355
"6",165000001,166000000,252
"6",166000001,167000000,275
"6",167000001,168000000,233
"6",168000001,169000000,226
"6",169000001,170000000,281
"6",170000001,170805979,165
"7",1,1000000,182
"7",1000001,2000000,169
"7",2000001,3000000,139
"7",3000001,4000000,254
"7",4000001,5000000,332
"7",5000001,6000000,172
"7",6000001,7000000,236
"7",7000001,8000000,242
"7",8000001,9000000,181
"7",9000001,10000000,256
"7",10000001,11000000,282
"7",11000001,12000000,250
"7",12000001,13000000,283
"7",13000001,14000000,251
"7",14000001,15000000,223
"7",15000001,16000000,247
"7",16000001,17000000,256
"7",17000001,18000000,218
"7",18000001,19000000,126
"7",19000001,20000000,181
"7",20000001,21000000,228
"7",21000001,22000000,236
"7",22000001,23000000,316
"7",23000001,24000000,239
"7",24000001,25000000,264
"7",25000001,26000000,281
"7",26000001,27000000,228
"7",27000001,28000000,144
"7",28000001,29000000,149
"7",29000001,30000000,224
"7",30000001,31000000,264
"7",31000001,32000000,226
"7",32000001,33000000,303
"7",33000001,34000000,229
"7",34000001,35000000,282
"7",35000001,36000000,192
"7",36000001,37000000,251
"7",37000001,38000000,206
"7",38000001,39000000,208
"7",39000001,40000000,217
"7",40000001,41000000,188
"7",41000001,42000000,253
"7",42000001,43000000,264
"7",43000001,44000000,292
"7",44000001,45000000,201
"7",45000001,46000000,271
"7",46000001,47000000,290
"7",47000001,48000000,217
"7",48000001,49000000,314
"7",49000001,50000000,291
"7",50000001,51000000,228
"7",51000001,52000000,231
"7",52000001,53000000,355
"7",53000001,54000000,319
"7",54000001,55000000,265
"7",55000001,56000000,285
"7",56000001,57000000,225
"7",57000001,58000000,245
"7",58000001,59000000,10
"7",59000001,60000000,0
"7",60000001,61000000,31
"7",61000001,62000000,31
"7",62000001,63000000,52
"7",63000001,64000000,240
"7",64000001,65000000,311
"7",65000001,66000000,218
"7",66000001,67000000,224
"7",67000001,68000000,526
"7",68000001,69000000,514
"7",69000001,70000000,301
"7",70000001,71000000,170
"7",71000001,72000000,422
"7",72000001,73000000,304
"7",73000001,74000000,175
"7",74000001,75000000,162
"7",75000001,76000000,189
"7",76000001,77000000,229
"7",77000001,78000000,175
"7",78000001,79000000,145
"7",79000001,80000000,259
"7",80000001,81000000,247
"7",81000001,82000000,255
"7",82000001,83000000,263
"7",83000001,84000000,231
"7",84000001,85000000,208
"7",85000001,86000000,213
"7",86000001,87000000,228
"7",87000001,88000000,201
"7",88000001,89000000,221
"7",89000001,90000000,250
"7",90000001,91000000,247
"7",91000001,92000000,181
"7",92000001,93000000,151
"7",93000001,94000000,237
"7",94000001,95000000,281
"7",95000001,96000000,221
"7",96000001,97000000,173
"7",97000001,98000000,305
"7",98000001,99000000,299
"7",99000001,100000000,212
"7",100000001,101000000,164
"7",101000001,102000000,208
"7",102000001,103000000,138
"7",103000001,104000000,110
"7",104000001,105000000,284
"7",105000001,106000000,140
"7",106000001,107000000,355
"7",107000001,108000000,174
"7",108000001,109000000,237
"7",109000001,110000000,316
"7",110000001,111000000,266
"7",111000001,112000000,252
"7",112000001,113000000,221
"7",113000001,114000000,275
"7",114000001,115000000,195
"7",115000001,116000000,240
"7",116000001,117000000,244
"7",117000001,118000000,157
"7",118000001,119000000,312
"7",119000001,120000000,298
"7",120000001,121000000,241
"7",121000001,122000000,268
"7",122000001,123000000,235
"7",123000001,124000000,298
"7",124000001,125000000,305
"7",125000001,126000000,352
"7",126000001,127000000,238
"7",127000001,128000000,166
"7",128000001,129000000,173
"7",129000001,130000000,156
"7",130000001,131000000,186
"7",131000001,132000000,265
"7",132000001,133000000,171
"7",133000001,134000000,178
"7",134000001,135000000,296
"7",135000001,136000000,203
"7",136000001,137000000,243
"7",137000001,138000000,208
"7",138000001,139000000,424
"7",139000001,140000000,212
"7",140000001,141000000,197
"7",141000001,142000000,227
"7",142000001,143000000,201
"7",143000001,144000000,230
"7",144000001,145000000,262
"7",145000001,146000000,338
"7",146000001,147000000,179
"7",147000001,148000000,271
"7",148000001,149000000,296
"7",149000001,150000000,267
"7",150000001,151000000,314
"7",151000001,152000000,248
"7",152000001,153000000,236
"7",153000001,154000000,414
"7",154000001,155000000,214
"7",155000001,156000000,322
"7",156000001,157000000,220
"7",157000001,158000000,229
"7",158000001,159000000,196
"7",159000001,159345973,131
"8",1,1000000,238
"8",1000001,2000000,134
"8",2000001,3000000,236
"8",3000001,4000000,144
"8",4000001,5000000,135
"8",5000001,6000000,303
"8",6000001,7000000,304
"8",7000001,8000000,232
"8",8000001,9000000,299
"8",9000001,10000000,302
"8",10000001,11000000,224
"8",11000001,12000000,212
"8",12000001,13000000,259
"8",13000001,14000000,256
"8",14000001,15000000,207
"8",15000001,16000000,333
"8",16000001,17000000,300
"8",17000001,18000000,176
"8",18000001,19000000,305
"8",19000001,20000000,247
"8",20000001,21000000,317
"8",21000001,22000000,295
"8",22000001,23000000,125
"8",23000001,24000000,310
"8",24000001,25000000,261
"8",25000001,26000000,171
"8",26000001,27000000,291
"8",27000001,28000000,253
"8",28000001,29000000,205
"8",29000001,30000000,274
"8",30000001,31000000,333
"8",31000001,32000000,251
"8",32000001,33000000,196
"8",33000001,34000000,343
"8",34000001,35000000,331
"8",35000001,36000000,200
"8",36000001,37000000,326
"8",37000001,38000000,227
"8",38000001,39000000,202
"8",39000001,40000000,318
"8",40000001,41000000,282
"8",41000001,42000000,246
"8",42000001,43000000,230
"8",43000001,44000000,189
"8",44000001,45000000,0
"8",45000001,46000000,1
"8",46000001,47000000,139
"8",47000001,48000000,167
"8",48000001,49000000,210
"8",49000001,50000000,371
"8",50000001,51000000,210
"8",51000001,52000000,300
"8",52000001,53000000,315
"8",53000001,54000000,323
"8",54000001,55000000,177
"8",55000001,56000000,192
"8",56000001,57000000,276
"8",57000001,58000000,329
"8",58000001,59000000,213
"8",59000001,60000000,172
"8",60000001,61000000,223
"8",61000001,62000000,289
"8",62000001,63000000,242
"8",63000001,64000000,322
"8",64000001,65000000,198
"8",65000001,66000000,285
"8",66000001,67000000,209
"8",67000001,68000000,278
"8",68000001,69000000,288
"8",69000001,70000000,214
"8",70000001,71000000,164
"8",71000001,72000000,190
"8",72000001,73000000,263
"8",73000001,74000000,215
"8",74000001,75000000,288
"8",75000001,76000000,252
"8",76000001,77000000,194
"8",77000001,78000000,244
"8",78000001,79000000,225
"8",79000001,80000000,327
"8",80000001,81000000,212
"8",81000001,82000000,274
"8",82000001,83000000,284
"8",83000001,84000000,326
"8",84000001,85000000,219
"8",85000001,86000000,195
"8",86000001,87000000,263
"8",87000001,88000000,356
"8",88000001,89000000,224
"8",89000001,90000000,291
"8",90000001,91000000,283
"8",91000001,92000000,249
"8",92000001,93000000,185
"8",93000001,94000000,262
"8",94000001,95000000,257
"8",95000001,96000000,290
"8",96000001,97000000,229
"8",97000001,98000000,297
"8",98000001,99000000,222
"8",99000001,100000000,150
"8",100000001,101000000,224
"8",101000001,102000000,257
"8",102000001,103000000,350
"8",103000001,104000000,249
"8",104000001,105000000,266
"8",105000001,106000000,194
"8",106000001,107000000,285
"8",107000001,108000000,239
"8",108000001,109000000,260
"8",109000001,110000000,242
"8",110000001,111000000,339
"8",111000001,112000000,380
"8",112000001,113000000,255
"8",113000001,114000000,302
"8",114000001,115000000,298
"8",115000001,116000000,246
"8",116000001,117000000,265
"8",117000001,118000000,285
"8",118000001,119000000,272
"8",119000001,120000000,259
"8",120000001,121000000,233
"8",121000001,122000000,307
"8",122000001,123000000,357
"8",123000001,124000000,285
"8",124000001,125000000,338
"8",125000001,126000000,301
"8",126000001,127000000,383
"8",127000001,128000000,254
"8",128000001,129000000,262
"8",129000001,130000000,267
"8",130000001,131000000,305
"8",131000001,132000000,374
"8",132000001,133000000,313
"8",133000001,134000000,346
"8",134000001,135000000,341
"8",135000001,136000000,398
"8",136000001,137000000,392
"8",137000001,138000000,370
"8",138000001,139000000,287
"8",139000001,140000000,344
"8",140000001,141000000,119
"8",141000001,142000000,202
"8",142000001,143000000,340
"8",143000001,144000000,342
"8",144000001,145000000,240
"8",145000001,145138636,39
"9",1,1000000,162
"9",1000001,2000000,300
"9",2000001,3000000,313
"9",3000001,4000000,201
"9",4000001,5000000,178
"9",5000001,6000000,175
"9",6000001,7000000,270
"9",7000001,8000000,310
"9",8000001,9000000,136
"9",9000001,10000000,235
"9",10000001,11000000,231
"9",11000001,12000000,325
"9",12000001,13000000,331
"9",13000001,14000000,208
"9",14000001,15000000,140
"9",15000001,16000000,236
"9",16000001,17000000,192
"9",17000001,18000000,223
"9",18000001,19000000,143
"9",19000001,20000000,198
"9",20000001,21000000,201
"9",21000001,22000000,253
"9",22000001,23000000,251
"9",23000001,24000000,227
"9",24000001,25000000,254
"9",25000001,26000000,277
"9",26000001,27000000,242
"9",27000001,28000000,208
"9",28000001,29000000,192
"9",29000001,30000000,269
"9",30000001,31000000,330
"9",31000001,32000000,258
"9",32000001,33000000,302
"9",33000001,34000000,237
"9",34000001,35000000,183
"9",35000001,36000000,254
"9",36000001,37000000,197
"9",37000001,38000000,122
"9",38000001,39000000,351
"9",39000001,40000000,328
"9",40000001,41000000,285
"9",41000001,42000000,260
"9",42000001,43000000,356
"9",43000001,44000000,64
"9",44000001,45000000,0
"9",45000001,46000000,0
"9",46000001,47000000,0
"9",47000001,48000000,0
"9",48000001,49000000,0
"9",49000001,50000000,0
"9",50000001,51000000,0
"9",51000001,52000000,0
"9",52000001,53000000,0
"9",53000001,54000000,0
"9",54000001,55000000,0
"9",55000001,56000000,0
"9",56000001,57000000,0
"9",57000001,58000000,0
"9",58000001,59000000,0
"9",59000001,60000000,0
"9",60000001,61000000,69
"9",61000001,62000000,205
"9",62000001,63000000,267
"9",63000001,64000000,166
"9",64000001,65000000,222
"9",65000001,66000000,174
"9",66000001,67000000,347
"9",67000001,68000000,254
"9",68000001,69000000,152
"9",69000001,70000000,304
"9",70000001,71000000,196
"9",71000001,72000000,195
"9",72000001,73000000,284
"9",73000001,74000000,288
"9",74000001,75000000,196
"9",75000001,76000000,303
"9",76000001,77000000,273
"9",77000001,78000000,205
"9",78000001,79000000,363
"9",79000001,80000000,271
"9",80000001,81000000,257
"9",81000001,82000000,280
"9",82000001,83000000,280
"9",83000001,84000000,227
"9",84000001,85000000,282
"9",85000001,86000000,310
"9",86000001,87000000,313
"9",87000001,88000000,321
"9",88000001,89000000,446
"9",89000001,90000000,315
"9",90000001,91000000,339
"9",91000001,92000000,317
"9",92000001,93000000,228
"9",93000001,94000000,239
"9",94000001,95000000,283
"9",95000001,96000000,257
"9",96000001,97000000,278
"9",97000001,98000000,239
"9",98000001,99000000,270
"9",99000001,100000000,230
"9",100000001,101000000,256
"9",101000001,102000000,281
"9",102000001,103000000,314
"9",103000001,104000000,317
"9",104000001,105000000,230
"9",105000001,106000000,225
"9",106000001,107000000,186
"9",107000001,108000000,272
"9",108000001,109000000,229
"9",109000001,110000000,209
"9",110000001,111000000,236
"9",111000001,112000000,246
"9",112000001,113000000,233
"9",113000001,114000000,198
"9",114000001,115000000,258
"9",115000001,116000000,298
"9",116000001,117000000,167
"9",117000001,118000000,217
"9",118000001,119000000,279
"9",119000001,120000000,226
"9",120000001,121000000,226
"9",121000001,122000000,199
"9",122000001,123000000,192
"9",123000001,124000000,79
"9",124000001,125000000,128
"9",125000001,126000000,121
"9",126000001,127000000,230
"9",127000001,128000000,119
"9",128000001,129000000,98
"9",129000001,130000000,178
"9",130000001,131000000,144
"9",131000001,132000000,160
"9",132000001,133000000,163
"9",133000001,134000000,191
"9",134000001,135000000,184
"9",135000001,136000000,299
"9",136000001,137000000,142
"9",137000001,138000000,168
"9",138000001,138394717,84
"10",1,1000000,183
"10",1000001,2000000,147
"10",2000001,3000000,259
"10",3000001,4000000,229
"10",4000001,5000000,265
"10",5000001,6000000,310
"10",6000001,7000000,279
"10",7000001,8000000,174
"10",8000001,9000000,142
"10",9000001,10000000,263
"10",10000001,11000000,268
"10",11000001,12000000,180
"10",12000001,13000000,182
"10",13000001,14000000,200
"10",14000001,15000000,269
"10",15000001,16000000,215
"10",16000001,17000000,271
"10",17000001,18000000,287
"10",18000001,19000000,248
"10",19000001,20000000,225
"10",20000001,21000000,219
"10",21000001,22000000,262
"10",22000001,23000000,199
"10",23000001,24000000,311
"10",24000001,25000000,159
"10",25000001,26000000,260
"10",26000001,27000000,247
"10",27000001,28000000,205
"10",28000001,29000000,241
"10",29000001,30000000,319
"10",30000001,31000000,275
"10",31000001,32000000,238
"10",32000001,33000000,260
"10",33000001,34000000,297
"10",34000001,35000000,162
"10",35000001,36000000,186
"10",36000001,37000000,190
"10",37000001,38000000,225
"10",38000001,39000000,189
"10",39000001,40000000,25
"10",40000001,41000000,0
"10",41000001,42000000,1
"10",42000001,43000000,230
"10",43000001,44000000,253
"10",44000001,45000000,219
"10",45000001,46000000,211
"10",46000001,47000000,304
"10",47000001,48000000,284
"10",48000001,49000000,246
"10",49000001,50000000,204
"10",50000001,51000000,186
"10",51000001,52000000,147
"10",52000001,53000000,253
"10",53000001,54000000,336
"10",54000001,55000000,269
"10",55000001,56000000,290
"10",56000001,57000000,328
"10",57000001,58000000,348
"10",58000001,59000000,285
"10",59000001,60000000,248
"10",60000001,61000000,126
"10",61000001,62000000,225
"10",62000001,63000000,227
"10",63000001,64000000,242
"10",64000001,65000000,324
"10",65000001,66000000,343
"10",66000001,67000000,176
"10",67000001,68000000,215
"10",68000001,69000000,147
"10",69000001,70000000,244
"10",70000001,71000000,225
"10",71000001,72000000,206
"10",72000001,73000000,145
"10",73000001,74000000,121
"10",74000001,75000000,142
"10",75000001,76000000,213
"10",76000001,77000000,174
"10",77000001,78000000,160
"10",78000001,79000000,282
"10",79000001,80000000,172
"10",80000001,81000000,331
"10",81000001,82000000,267
"10",82000001,83000000,168
"10",83000001,84000000,319
"10",84000001,85000000,340
"10",85000001,86000000,240
"10",86000001,87000000,234
"10",87000001,88000000,235
"10",88000001,89000000,203
"10",89000001,90000000,310
"10",90000001,91000000,369
"10",91000001,92000000,242
"10",92000001,93000000,160
"10",93000001,94000000,298
"10",94000001,95000000,210
"10",95000001,96000000,179
"10",96000001,97000000,201
"10",97000001,98000000,157
"10",98000001,99000000,172
"10",99000001,100000000,140
"10",100000001,101000000,155
"10",101000001,102000000,107
"10",102000001,103000000,110
"10",103000001,104000000,158
"10",104000001,105000000,196
"10",105000001,106000000,262
"10",106000001,107000000,269
"10",107000001,108000000,297
"10",108000001,109000000,327
"10",109000001,110000000,282
"10",110000001,111000000,131
"10",111000001,112000000,307
"10",112000001,113000000,182
"10",113000001,114000000,214
"10",114000001,115000000,185
"10",115000001,116000000,250
"10",116000001,117000000,172
"10",117000001,118000000,250
"10",118000001,119000000,298
"10",119000001,120000000,221
"10",120000001,121000000,334
"10",121000001,122000000,214
"10",122000001,123000000,206
"10",123000001,124000000,302
"10",124000001,125000000,196
"10",125000001,126000000,195
"10",126000001,127000000,211
"10",127000001,128000000,186
"10",128000001,129000000,153
"10",129000001,130000000,89
"10",130000001,131000000,320
"10",131000001,132000000,241
"10",132000001,133000000,214
"10",133000001,133797422,153
"11",1,1000000,230
"11",1000001,2000000,178
"11",2000001,3000000,201
"11",3000001,4000000,239
"11",4000001,5000000,260
"11",5000001,6000000,183
"11",6000001,7000000,326
"11",7000001,8000000,254
"11",8000001,9000000,153
"11",9000001,10000000,177
"11",10000001,11000000,281
"11",11000001,12000000,274
"11",12000001,13000000,196
"11",13000001,14000000,262
"11",14000001,15000000,251
"11",15000001,16000000,275
"11",16000001,17000000,101
"11",17000001,18000000,154
"11",18000001,19000000,229
"11",19000001,20000000,180
"11",20000001,21000000,268
"11",21000001,22000000,271
"11",22000001,23000000,305
"11",23000001,24000000,340
"11",24000001,25000000,286
"11",25000001,26000000,298
"11",26000001,27000000,274
"11",27000001,28000000,249
"11",28000001,29000000,262
"11",29000001,30000000,327
"11",30000001,31000000,289
"11",31000001,32000000,195
"11",32000001,33000000,279
"11",33000001,34000000,188
"11",34000001,35000000,164
"11",35000001,36000000,277
"11",36000001,37000000,305
"11",37000001,38000000,392
"11",38000001,39000000,301
"11",39000001,40000000,366
"11",40000001,41000000,229
"11",41000001,42000000,353
"11",42000001,43000000,374
"11",43000001,44000000,313
"11",44000001,45000000,202
"11",45000001,46000000,255
"11",46000001,47000000,108
"11",47000001,48000000,127
"11",48000001,49000000,172
"11",49000001,50000000,174
"11",50000001,51000000,123
"11",51000001,52000000,0
"11",52000001,53000000,1
"11",53000001,54000000,0
"11",54000001,55000000,62
"11",55000001,56000000,199
"11",56000001,57000000,267
"11",57000001,58000000,314
"11",58000001,59000000,301
"11",59000001,60000000,275
"11",60000001,61000000,290
"11",61000001,62000000,184
"11",62000001,63000000,240
"11",63000001,64000000,238
"11",64000001,65000000,171
"11",65000001,66000000,184
"11",66000001,67000000,169
"11",67000001,68000000,321
"11",68000001,69000000,224
"11",69000001,70000000,306
"11",70000001,71000000,256
"11",71000001,72000000,316
"11",72000001,73000000,214
"11",73000001,74000000,142
"11",74000001,75000000,220
"11",75000001,76000000,182
"11",76000001,77000000,200
"11",77000001,78000000,250
"11",78000001,79000000,193
"11",79000001,80000000,205
"11",80000001,81000000,233
"11",81000001,82000000,272
"11",82000001,83000000,270
"11",83000001,84000000,180
"11",84000001,85000000,151
"11",85000001,86000000,227
"11",86000001,87000000,238
"11",87000001,88000000,252
"11",88000001,89000000,229
"11",89000001,90000000,168
"11",90000001,91000000,264
"11",91000001,92000000,254
"11",92000001,93000000,181
"11",93000001,94000000,348
"11",94000001,95000000,213
"11",95000001,96000000,240
"11",96000001,97000000,226
"11",97000001,98000000,313
"11",98000001,99000000,351
"11",99000001,100000000,202
"11",100000001,101000000,208
"11",101000001,102000000,282
"11",102000001,103000000,268
"11",103000001,104000000,262
"11",104000001,105000000,254
"11",105000001,106000000,197
"11",106000001,107000000,348
"11",107000001,108000000,329
"11",108000001,109000000,187
"11",109000001,110000000,257
"11",110000001,111000000,220
"11",111000001,112000000,166
"11",112000001,113000000,287
"11",113000001,114000000,185
"11",114000001,115000000,207
"11",115000001,116000000,152
"11",116000001,117000000,247
"11",117000001,118000000,108
"11",118000001,119000000,199
"11",119000001,120000000,209
"11",120000001,121000000,124
"11",121000001,122000000,248
"11",122000001,123000000,195
"11",123000001,124000000,234
"11",124000001,125000000,224
"11",125000001,126000000,198
"11",126000001,127000000,118
"11",127000001,128000000,211
"11",128000001,129000000,146
"11",129000001,130000000,186
"11",130000001,131000000,236
"11",131000001,132000000,179
"11",132000001,133000000,176
"11",133000001,134000000,203
"11",134000001,135000000,236
"11",135000001,135086622,25
"12",1,1000000,153
"12",1000001,2000000,120
"12",2000001,3000000,95
"12",3000001,4000000,144
"12",4000001,5000000,173
"12",5000001,6000000,174
"12",6000001,7000000,131
"12",7000001,8000000,286
"12",8000001,9000000,309
"12",9000001,10000000,320
"12",10000001,11000000,250
"12",11000001,12000000,268
"12",12000001,13000000,203
"12",13000001,14000000,210
"12",14000001,15000000,328
"12",15000001,16000000,190
"12",16000001,17000000,243
"12",17000001,18000000,269
"12",18000001,19000000,269
"12",19000001,20000000,258
"12",20000001,21000000,238
"12",21000001,22000000,196
"12",22000001,23000000,308
"12",23000001,24000000,196
"12",24000001,25000000,200
"12",25000001,26000000,201
"12",26000001,27000000,167
"12",27000001,28000000,210
"12",28000001,29000000,302
"12",29000001,30000000,239
"12",30000001,31000000,340
"12",31000001,32000000,394
"12",32000001,33000000,250
"12",33000001,34000000,352
"12",34000001,35000000,88
"12",35000001,36000000,0
"12",36000001,37000000,0
"12",37000001,38000000,48
"12",38000001,39000000,270
"12",39000001,40000000,237
"12",40000001,41000000,220
"12",41000001,42000000,246
"12",42000001,43000000,206
"12",43000001,44000000,234
"12",44000001,45000000,194
"12",45000001,46000000,210
"12",46000001,47000000,243
"12",47000001,48000000,276
"12",48000001,49000000,179
"12",49000001,50000000,133
"12",50000001,51000000,143
"12",51000001,52000000,114
"12",52000001,53000000,132
"12",53000001,54000000,72
"12",54000001,55000000,171
"12",55000001,56000000,220
"12",56000001,57000000,185
"12",57000001,58000000,133
"12",58000001,59000000,308
"12",59000001,60000000,301
"12",60000001,61000000,334
"12",61000001,62000000,291
"12",62000001,63000000,200
"12",63000001,64000000,277
"12",64000001,65000000,199
"12",65000001,66000000,201
"12",66000001,67000000,178
"12",67000001,68000000,302
"12",68000001,69000000,238
"12",69000001,70000000,286
"12",70000001,71000000,288
"12",71000001,72000000,201
"12",72000001,73000000,337
"12",73000001,74000000,331
"12",74000001,75000000,298
"12",75000001,76000000,286
"12",76000001,77000000,346
"12",77000001,78000000,235
"12",78000001,79000000,230
"12",79000001,80000000,152
"12",80000001,81000000,199
"12",81000001,82000000,231
"12",82000001,83000000,279
"12",83000001,84000000,312
"12",84000001,85000000,324
"12",85000001,86000000,263
"12",86000001,87000000,282
"12",87000001,88000000,413
"12",88000001,89000000,289
"12",89000001,90000000,235
"12",90000001,91000000,387
"12",91000001,92000000,276
"12",92000001,93000000,271
"12",93000001,94000000,378
"12",94000001,95000000,306
"12",95000001,96000000,181
"12",96000001,97000000,279
"12",97000001,98000000,284
"12",98000001,99000000,277
"12",99000001,100000000,299
"12",100000001,101000000,239
"12",101000001,102000000,208
"12",102000001,103000000,294
"12",103000001,104000000,273
"12",104000001,105000000,286
"12",105000001,106000000,388
"12",106000001,107000000,228
"12",107000001,108000000,361
"12",108000001,109000000,328
"12",109000001,110000000,116
"12",110000001,111000000,242
"12",111000001,112000000,178
"12",112000001,113000000,240
"12",113000001,114000000,266
"12",114000001,115000000,327
"12",115000001,116000000,358
"12",116000001,117000000,238
"12",117000001,118000000,213
"12",118000001,119000000,344
"12",119000001,120000000,365
"12",120000001,121000000,114
"12",121000001,122000000,206
"12",122000001,123000000,142
"12",123000001,124000000,156
"12",124000001,125000000,331
"12",125000001,126000000,465
"12",126000001,127000000,421
"12",127000001,128000000,411
"12",128000001,129000000,492
"12",129000001,130000000,515
"12",130000001,131000000,320
"12",131000001,132000000,289
"12",132000001,133000000,267
"12",133000001,133275309,91
"13",1,1000000,0
"13",1000001,2000000,0
"13",2000001,3000000,0
"13",3000001,4000000,0
"13",4000001,5000000,0
"13",5000001,6000000,0
"13",6000001,7000000,0
"13",7000001,8000000,0
"13",8000001,9000000,0
"13",9000001,10000000,0
"13",10000001,11000000,0
"13",11000001,12000000,0
"13",12000001,13000000,0
"13",13000001,14000000,0
"13",14000001,15000000,0
"13",15000001,16000000,0
"13",16000001,17000000,0
"13",17000001,18000000,0
"13",18000001,19000000,324
"13",19000001,20000000,169
"13",20000001,21000000,190
"13",21000001,22000000,200
"13",22000001,23000000,257
"13",23000001,24000000,248
"13",24000001,25000000,187
"13",25000001,26000000,183
"13",26000001,27000000,270
"13",27000001,28000000,239
"13",28000001,29000000,184
"13",29000001,30000000,203
"13",30000001,31000000,319
"13",31000001,32000000,261
"13",32000001,33000000,175
"13",33000001,34000000,242
"13",34000001,35000000,390
"13",35000001,36000000,163
"13",36000001,37000000,243
"13",37000001,38000000,260
"13",38000001,39000000,259
"13",39000001,40000000,265
"13",40000001,41000000,188
"13",41000001,42000000,267
"13",42000001,43000000,286
"13",43000001,44000000,224
"13",44000001,45000000,250
"13",45000001,46000000,303
"13",46000001,47000000,231
"13",47000001,48000000,318
"13",48000001,49000000,342
"13",49000001,50000000,209
"13",50000001,51000000,181
"13",51000001,52000000,241
"13",52000001,53000000,183
"13",53000001,54000000,286
"13",54000001,55000000,338
"13",55000001,56000000,327
"13",56000001,57000000,337
"13",57000001,58000000,214
"13",58000001,59000000,291
"13",59000001,60000000,247
"13",60000001,61000000,295
"13",61000001,62000000,344
"13",62000001,63000000,328
"13",63000001,64000000,359
"13",64000001,65000000,324
"13",65000001,66000000,315
"13",66000001,67000000,227
"13",67000001,68000000,292
"13",68000001,69000000,340
"13",69000001,70000000,365
"13",70000001,71000000,309
"13",71000001,72000000,198
"13",72000001,73000000,244
"13",73000001,74000000,169
"13",74000001,75000000,295
"13",75000001,76000000,224
"13",76000001,77000000,289
"13",77000001,78000000,234
"13",78000001,79000000,204
"13",79000001,80000000,241
"13",80000001,81000000,277
"13",81000001,82000000,367
"13",82000001,83000000,409
"13",83000001,84000000,356
"13",84000001,85000000,331
"13",85000001,86000000,339
"13",86000001,87000000,364
"13",87000001,88000000,294
"13",88000001,89000000,383
"13",89000001,90000000,419
"13",90000001,91000000,339
"13",91000001,92000000,331
"13",92000001,93000000,235
"13",93000001,94000000,213
"13",94000001,95000000,220
"13",95000001,96000000,248
"13",96000001,97000000,243
"13",97000001,98000000,310
"13",98000001,99000000,225
"13",99000001,100000000,240
"13",100000001,101000000,322
"13",101000001,102000000,181
"13",102000001,103000000,217
"13",103000001,104000000,278
"13",104000001,105000000,271
"13",105000001,106000000,258
"13",106000001,107000000,272
"13",107000001,108000000,224
"13",108000001,109000000,271
"13",109000001,110000000,258
"13",110000001,111000000,254
"13",111000001,112000000,213
"13",112000001,113000000,190
"13",113000001,114000000,188
"13",114000001,114364328,86
"14",1,1000000,0
"14",1000001,2000000,0
"14",2000001,3000000,0
"14",3000001,4000000,0
"14",4000001,5000000,0
"14",5000001,6000000,0
"14",6000001,7000000,0
"14",7000001,8000000,0
"14",8000001,9000000,0
"14",9000001,10000000,0
"14",10000001,11000000,0
"14",11000001,12000000,0
"14",12000001,13000000,0
"14",13000001,14000000,0
"14",14000001,15000000,0
"14",15000001,16000000,0
"14",16000001,17000000,6
"14",17000001,18000000,0
"14",18000001,19000000,71
"14",19000001,20000000,159
"14",20000001,21000000,334
"14",21000001,22000000,187
"14",22000001,23000000,230
"14",23000001,24000000,283
"14",24000001,25000000,191
"14",25000001,26000000,266
"14",26000001,27000000,255
"14",27000001,28000000,312
"14",28000001,29000000,240
"14",29000001,30000000,195
"14",30000001,31000000,225
"14",31000001,32000000,228
"14",32000001,33000000,161
"14",33000001,34000000,132
"14",34000001,35000000,265
"14",35000001,36000000,135
"14",36000001,37000000,166
"14",37000001,38000000,178
"14",38000001,39000000,294
"14",39000001,40000000,274
"14",40000001,41000000,395
"14",41000001,42000000,295
"14",42000001,43000000,363
"14",43000001,44000000,317
"14",44000001,45000000,380
"14",45000001,46000000,303
"14",46000001,47000000,308
"14",47000001,48000000,241
"14",48000001,49000000,296
"14",49000001,50000000,263
"14",50000001,51000000,228
"14",51000001,52000000,247
"14",52000001,53000000,237
"14",53000001,54000000,290
"14",54000001,55000000,210
"14",55000001,56000000,280
"14",56000001,57000000,224
"14",57000001,58000000,240
"14",58000001,59000000,245
"14",59000001,60000000,218
"14",60000001,61000000,187
"14",61000001,62000000,244
"14",62000001,63000000,273
"14",63000001,64000000,186
"14",64000001,65000000,132
"14",65000001,66000000,337
"14",66000001,67000000,286
"14",67000001,68000000,197
"14",68000001,69000000,149
"14",69000001,70000000,194
"14",70000001,71000000,346
"14",71000001,72000000,272
"14",72000001,73000000,250
"14",73000001,74000000,191
"14",74000001,75000000,109
"14",75000001,76000000,189
"14",76000001,77000000,240
"14",77000001,78000000,238
"14",78000001,79000000,236
"14",79000001,80000000,208
"14",80000001,81000000,231
"14",81000001,82000000,354
"14",82000001,83000000,333
"14",83000001,84000000,369
"14",84000001,85000000,334
"14",85000001,86000000,326
"14",86000001,87000000,320
"14",87000001,88000000,461
"14",88000001,89000000,299
"14",89000001,90000000,316
"14",90000001,91000000,230
"14",91000001,92000000,268
"14",92000001,93000000,336
"14",93000001,94000000,277
"14",94000001,95000000,314
"14",95000001,96000000,362
"14",96000001,97000000,311
"14",97000001,98000000,278
"14",98000001,99000000,268
"14",99000001,100000000,167
"14",100000001,101000000,170
"14",101000001,102000000,256
"14",102000001,103000000,152
"14",103000001,104000000,254
"14",104000001,105000000,217
"14",105000001,106000000,299
"14",106000001,107000000,453
"14",107000001,107043718,0
"15",1,1000000,0
"15",1000001,2000000,0
"15",2000001,3000000,0
"15",3000001,4000000,0
"15",4000001,5000000,0
"15",5000001,6000000,0
"15",6000001,7000000,0
"15",7000001,8000000,0
"15",8000001,9000000,0
"15",9000001,10000000,0
"15",10000001,11000000,0
"15",11000001,12000000,0
"15",12000001,13000000,0
"15",13000001,14000000,0
"15",14000001,15000000,0
"15",15000001,16000000,0
"15",16000001,17000000,0
"15",17000001,18000000,0
"15",18000001,19000000,1
"15",19000001,20000000,57
"15",20000001,21000000,164
"15",21000001,22000000,161
"15",22000001,23000000,183
"15",23000001,24000000,344
"15",24000001,25000000,606
"15",25000001,26000000,216
"15",26000001,27000000,309
"15",27000001,28000000,282
"15",28000001,29000000,162
"15",29000001,30000000,255
"15",30000001,31000000,212
"15",31000001,32000000,331
"15",32000001,33000000,173
"15",33000001,34000000,182
"15",34000001,35000000,148
"15",35000001,36000000,202
"15",36000001,37000000,161
"15",37000001,38000000,167
"15",38000001,39000000,268
"15",39000001,40000000,253
"15",40000001,41000000,102
"15",41000001,42000000,123
"15",42000001,43000000,147
"15",43000001,44000000,81
"15",44000001,45000000,175
"15",45000001,46000000,362
"15",46000001,47000000,305
"15",47000001,48000000,229
"15",48000001,49000000,169
"15",49000001,50000000,188
"15",50000001,51000000,176
"15",51000001,52000000,190
"15",52000001,53000000,168
"15",53000001,54000000,224
"15",54000001,55000000,185
"15",55000001,56000000,219
"15",56000001,57000000,282
"15",57000001,58000000,130
"15",58000001,59000000,169
"15",59000001,60000000,188
"15",60000001,61000000,114
"15",61000001,62000000,140
"15",62000001,63000000,186
"15",63000001,64000000,177
"15",64000001,65000000,80
"15",65000001,66000000,119
"15",66000001,67000000,216
"15",67000001,68000000,176
"15",68000001,69000000,200
"15",69000001,70000000,272
"15",70000001,71000000,222
"15",71000001,72000000,206
"15",72000001,73000000,190
"15",73000001,74000000,201
"15",74000001,75000000,206
"15",75000001,76000000,173
"15",76000001,77000000,157
"15",77000001,78000000,124
"15",78000001,79000000,169
"15",79000001,80000000,338
"15",80000001,81000000,258
"15",81000001,82000000,302
"15",82000001,83000000,163
"15",83000001,84000000,208
"15",84000001,85000000,166
"15",85000001,86000000,182
"15",86000001,87000000,245
"15",87000001,88000000,233
"15",88000001,89000000,292
"15",89000001,90000000,179
"15",90000001,91000000,164
"15",91000001,92000000,307
"15",92000001,93000000,282
"15",93000001,94000000,252
"15",94000001,95000000,234
"15",95000001,96000000,194
"15",96000001,97000000,153
"15",97000001,98000000,254
"15",98000001,99000000,202
"15",99000001,100000000,237
"15",100000001,101000000,188
"15",101000001,101991189,247
"16",1,1000000,86
"16",1000001,2000000,109
"16",2000001,3000000,125
"16",3000001,4000000,156
"16",4000001,5000000,120
"16",5000001,6000000,373
"16",6000001,7000000,285
"16",7000001,8000000,219
"16",8000001,9000000,268
"16",9000001,10000000,316
"16",10000001,11000000,411
"16",11000001,12000000,187
"16",12000001,13000000,297
"16",13000001,14000000,447
"16",14000001,15000000,189
"16",15000001,16000000,292
"16",16000001,17000000,336
"16",17000001,18000000,314
"16",18000001,19000000,319
"16",19000001,20000000,463
"16",20000001,21000000,355
"16",21000001,22000000,253
"16",22000001,23000000,311
"16",23000001,24000000,286
"16",24000001,25000000,321
"16",25000001,26000000,418
"16",26000001,27000000,387
"16",27000001,28000000,362
"16",28000001,29000000,239
"16",29000001,30000000,222
"16",30000001,31000000,159
"16",31000001,32000000,240
"16",32000001,33000000,219
"16",33000001,34000000,198
"16",34000001,35000000,180
"16",35000001,36000000,264
"16",36000001,37000000,30
"16",37000001,38000000,0
"16",38000001,39000000,0
"16",39000001,40000000,0
"16",40000001,41000000,0
"16",41000001,42000000,0
"16",42000001,43000000,0
"16",43000001,44000000,0
"16",44000001,45000000,0
"16",45000001,46000000,0
"16",46000001,47000000,135
"16",47000001,48000000,195
"16",48000001,49000000,310
"16",49000001,50000000,243
"16",50000001,51000000,292
"16",51000001,52000000,303
"16",52000001,53000000,313
"16",53000001,54000000,175
"16",54000001,55000000,258
"16",55000001,56000000,362
"16",56000001,57000000,181
"16",57000001,58000000,136
"16",58000001,59000000,249
"16",59000001,60000000,324
"16",60000001,61000000,314
"16",61000001,62000000,217
"16",62000001,63000000,340
"16",63000001,64000000,262
"16",64000001,65000000,252
"16",65000001,66000000,226
"16",66000001,67000000,217
"16",67000001,68000000,60
"16",68000001,69000000,121
"16",69000001,70000000,123
"16",70000001,71000000,139
"16",71000001,72000000,208
"16",72000001,73000000,177
"16",73000001,74000000,168
"16",74000001,75000000,252
"16",75000001,76000000,308
"16",76000001,77000000,248
"16",77000001,78000000,292
"16",78000001,79000000,278
"16",79000001,80000000,190
"16",80000001,81000000,259
"16",81000001,82000000,233
"16",82000001,83000000,389
"16",83000001,84000000,296
"16",84000001,85000000,279
"16",85000001,86000000,207
"16",86000001,87000000,300
"16",87000001,88000000,254
"16",88000001,89000000,141
"16",89000001,90000000,172
"16",90000001,90338345,91
"17",1,1000000,178
"17",1000001,2000000,64
"17",2000001,3000000,105
"17",3000001,4000000,140
"17",4000001,5000000,94
"17",5000001,6000000,314
"17",6000001,7000000,285
"17",7000001,8000000,152
"17",8000001,9000000,226
"17",9000001,10000000,169
"17",10000001,11000000,240
"17",11000001,12000000,339
"17",12000001,13000000,261
"17",13000001,14000000,340
"17",14000001,15000000,310
"17",15000001,16000000,262
"17",16000001,17000000,200
"17",17000001,18000000,158
"17",18000001,19000000,142
"17",19000001,20000000,274
"17",20000001,21000000,176
"17",21000001,22000000,268
"17",22000001,23000000,149
"17",23000001,24000000,0
"17",24000001,25000000,0
"17",25000001,26000000,0
"17",26000001,27000000,39
"17",27000001,28000000,257
"17",28000001,29000000,103
"17",29000001,30000000,127
"17",30000001,31000000,160
"17",31000001,32000000,192
"17",32000001,33000000,176
"17",33000001,34000000,239
"17",34000001,35000000,201
"17",35000001,36000000,219
"17",36000001,37000000,158
"17",37000001,38000000,92
"17",38000001,39000000,61
"17",39000001,40000000,125
"17",40000001,41000000,132
"17",41000001,42000000,241
"17",42000001,43000000,85
"17",43000001,44000000,245
"17",44000001,45000000,98
"17",45000001,46000000,163
"17",46000001,47000000,93
"17",47000001,48000000,108
"17",48000001,49000000,92
"17",49000001,50000000,184
"17",50000001,51000000,203
"17",51000001,52000000,285
"17",52000001,53000000,340
"17",53000001,54000000,278
"17",54000001,55000000,339
"17",55000001,56000000,277
"17",56000001,57000000,249
"17",57000001,58000000,176
"17",58000001,59000000,186
"17",59000001,60000000,111
"17",60000001,61000000,193
"17",61000001,62000000,69
"17",62000001,63000000,173
"17",63000001,64000000,109
"17",64000001,65000000,168
"17",65000001,66000000,220
"17",66000001,67000000,230
"17",67000001,68000000,185
"17",68000001,69000000,261
"17",69000001,70000000,258
"17",70000001,71000000,269
"17",71000001,72000000,262
"17",72000001,73000000,259
"17",73000001,74000000,254
"17",74000001,75000000,274
"17",75000001,76000000,99
"17",76000001,77000000,238
"17",77000001,78000000,313
"17",78000001,79000000,187
"17",79000001,80000000,188
"17",80000001,81000000,195
"17",81000001,82000000,109
"17",82000001,83000000,169
"17",83000001,83257441,76
"18",1,1000000,225
"18",1000001,2000000,302
"18",2000001,3000000,247
"18",3000001,4000000,197
"18",4000001,5000000,262
"18",5000001,6000000,262
"18",6000001,7000000,186
"18",7000001,8000000,235
"18",8000001,9000000,298
"18",9000001,10000000,237
"18",10000001,11000000,212
"18",11000001,12000000,276
"18",12000001,13000000,157
"18",13000001,14000000,195
"18",14000001,15000000,430
"18",15000001,16000000,105
"18",16000001,17000000,0
"18",17000001,18000000,0
"18",18000001,19000000,0
"18",19000001,20000000,0
"18",20000001,21000000,6
"18",21000001,22000000,128
"18",22000001,23000000,173
"18",23000001,24000000,245
"18",24000001,25000000,281
"18",25000001,26000000,182
"18",26000001,27000000,181
"18",27000001,28000000,239
"18",28000001,29000000,302
"18",29000001,30000000,349
"18",30000001,31000000,347
"18",31000001,32000000,267
"18",32000001,33000000,234
"18",33000001,34000000,250
"18",34000001,35000000,209
"18",35000001,36000000,317
"18",36000001,37000000,162
"18",37000001,38000000,180
"18",38000001,39000000,230
"18",39000001,40000000,270
"18",40000001,41000000,228
"18",41000001,42000000,232
"18",42000001,43000000,275
"18",43000001,44000000,334
"18",44000001,45000000,191
"18",45000001,46000000,157
"18",46000001,47000000,198
"18",47000001,48000000,278
"18",48000001,49000000,201
"18",49000001,50000000,221
"18",50000001,51000000,322
"18",51000001,52000000,353
"18",52000001,53000000,233
"18",53000001,54000000,228
"18",54000001,55000000,252
"18",55000001,56000000,185
"18",56000001,57000000,204
"18",57000001,58000000,266
"18",58000001,59000000,204
"18",59000001,60000000,285
"18",60000001,61000000,257
"18",61000001,62000000,348
"18",62000001,63000000,188
"18",63000001,64000000,198
"18",64000001,65000000,305
"18",65000001,66000000,285
"18",66000001,67000000,336
"18",67000001,68000000,245
"18",68000001,69000000,315
"18",69000001,70000000,258
"18",70000001,71000000,328
"18",71000001,72000000,319
"18",72000001,73000000,371
"18",73000001,74000000,330
"18",74000001,75000000,229
"18",75000001,76000000,205
"18",76000001,77000000,198
"18",77000001,78000000,250
"18",78000001,79000000,155
"18",79000001,80000000,137
"18",80000001,80373285,92
"19",1,1000000,200
"19",1000001,2000000,86
"19",2000001,3000000,229
"19",3000001,4000000,116
"19",4000001,5000000,102
"19",5000001,6000000,150
"19",6000001,7000000,343
"19",7000001,8000000,205
"19",8000001,9000000,150
"19",9000001,10000000,419
"19",10000001,11000000,81
"19",11000001,12000000,361
"19",12000001,13000000,335
"19",13000001,14000000,268
"19",14000001,15000000,277
"19",15000001,16000000,254
"19",16000001,17000000,206
"19",17000001,18000000,172
"19",18000001,19000000,136
"19",19000001,20000000,206
"19",20000001,21000000,403
"19",21000001,22000000,396
"19",22000001,23000000,270
"19",23000001,24000000,345
"19",24000001,25000000,89
"19",25000001,26000000,0
"19",26000001,27000000,0
"19",27000001,28000000,61
"19",28000001,29000000,403
"19",29000001,30000000,331
"19",30000001,31000000,159
"19",31000001,32000000,249
"19",32000001,33000000,196
"19",33000001,34000000,238
"19",34000001,35000000,294
"19",35000001,36000000,258
"19",36000001,37000000,254
"19",37000001,38000000,218
"19",38000001,39000000,161
"19",39000001,40000000,289
"19",40000001,41000000,254
"19",41000001,42000000,241
"19",42000001,43000000,329
"19",43000001,44000000,433
"19",44000001,45000000,332
"19",45000001,46000000,107
"19",46000001,47000000,343
"19",47000001,48000000,177
"19",48000001,49000000,285
"19",49000001,50000000,188
"19",50000001,51000000,249
"19",51000001,52000000,383
"19",52000001,53000000,423
"19",53000001,54000000,309
"19",54000001,55000000,288
"19",55000001,56000000,197
"19",56000001,57000000,341
"19",57000001,58000000,386
"19",58000001,58617616,222
"20",1,1000000,309
"20",1000001,2000000,326
"20",2000001,3000000,300
"20",3000001,4000000,173
"20",4000001,5000000,378
"20",5000001,6000000,335
"20",6000001,7000000,285
"20",7000001,8000000,297
"20",8000001,9000000,306
"20",9000001,10000000,361
"20",10000001,11000000,308
"20",11000001,12000000,362
"20",12000001,13000000,370
"20",13000001,14000000,246
"20",14000001,15000000,211
"20",15000001,16000000,305
"20",16000001,17000000,345
"20",17000001,18000000,349
"20",18000001,19000000,317
"20",19000001,20000000,279
"20",20000001,21000000,265
"20",21000001,22000000,278
"20",22000001,23000000,251
"20",23000001,24000000,364
"20",24000001,25000000,352
"20",25000001,26000000,258
"20",26000001,27000000,49
"20",27000001,28000000,2
"20",28000001,29000000,28
"20",29000001,30000000,177
"20",30000001,31000000,225
"20",31000001,32000000,161
"20",32000001,33000000,130
"20",33000001,34000000,207
"20",34000001,35000000,153
"20",35000001,36000000,103
"20",36000001,37000000,160
"20",37000001,38000000,181
"20",38000001,39000000,235
"20",39000001,40000000,306
"20",40000001,41000000,264
"20",41000001,42000000,222
"20",42000001,43000000,307
"20",43000001,44000000,358
"20",44000001,45000000,306
"20",45000001,46000000,217
"20",46000001,47000000,278
"20",47000001,48000000,328
"20",48000001,49000000,470
"20",49000001,50000000,206
"20",50000001,51000000,205
"20",51000001,52000000,266
"20",52000001,53000000,388
"20",53000001,54000000,193
"20",54000001,55000000,336
"20",55000001,56000000,308
"20",56000001,57000000,357
"20",57000001,58000000,315
"20",58000001,59000000,161
"20",59000001,60000000,216
"20",60000001,61000000,285
"20",61000001,62000000,236
"20",62000001,63000000,151
"20",63000001,64000000,154
"20",64000001,64444167,32
"21",1,1000000,0
"21",1000001,2000000,0
"21",2000001,3000000,0
"21",3000001,4000000,0
"21",4000001,5000000,0
"21",5000001,6000000,178
"21",6000001,7000000,257
"21",7000001,8000000,207
"21",8000001,9000000,180
"21",9000001,10000000,278
"21",10000001,11000000,115
"21",11000001,12000000,0
"21",12000001,13000000,0
"21",13000001,14000000,375
"21",14000001,15000000,255
"21",15000001,16000000,289
"21",16000001,17000000,225
"21",17000001,18000000,378
"21",18000001,19000000,363
"21",19000001,20000000,416
"21",20000001,21000000,388
"21",21000001,22000000,284
"21",22000001,23000000,434
"21",23000001,24000000,424
"21",24000001,25000000,421
"21",25000001,26000000,328
"21",26000001,27000000,322
"21",27000001,28000000,359
"21",28000001,29000000,422
"21",29000001,30000000,317
"21",30000001,31000000,302
"21",31000001,32000000,345
"21",32000001,33000000,361
"21",33000001,34000000,203
"21",34000001,35000000,280
"21",35000001,36000000,334
"21",36000001,37000000,309
"21",37000001,38000000,274
"21",38000001,39000000,343
"21",39000001,40000000,372
"21",40000001,41000000,296
"21",41000001,42000000,294
"21",42000001,43000000,353
"21",43000001,44000000,293
"21",44000001,45000000,293
"21",45000001,46000000,221
"21",46000001,46709983,242
"22",1,1000000,0
"22",1000001,2000000,0
"22",2000001,3000000,0
"22",3000001,4000000,0
"22",4000001,5000000,0
"22",5000001,6000000,0
"22",6000001,7000000,0
"22",7000001,8000000,0
"22",8000001,9000000,0
"22",9000001,10000000,0
"22",10000001,11000000,80
"22",11000001,12000000,244
"22",12000001,13000000,155
"22",13000001,14000000,1
"22",14000001,15000000,0
"22",15000001,16000000,116
"22",16000001,17000000,174
"22",17000001,18000000,136
"22",18000001,19000000,66
"22",19000001,20000000,164
"22",20000001,21000000,147
"22",21000001,22000000,121
"22",22000001,23000000,296
"22",23000001,24000000,251
"22",24000001,25000000,185
"22",25000001,26000000,195
"22",26000001,27000000,241
"22",27000001,28000000,201
"22",28000001,29000000,154
"22",29000001,30000000,111
"22",30000001,31000000,173
"22",31000001,32000000,133
"22",32000001,33000000,199
"22",33000001,34000000,370
"22",34000001,35000000,453
"22",35000001,36000000,304
"22",36000001,37000000,322
"22",37000001,38000000,155
"22",38000001,39000000,151
"22",39000001,40000000,200
"22",40000001,41000000,183
"22",41000001,42000000,124
"22",42000001,43000000,203
"22",43000001,44000000,156
"22",44000001,45000000,299
"22",45000001,46000000,245
"22",46000001,47000000,131
"22",47000001,48000000,349
"22",48000001,49000000,247
"22",49000001,50000000,252
"22",50000001,50818468,201
"X",1,1000000,313
"X",1000001,2000000,578
"X",2000001,3000000,431
"X",3000001,4000000,488
"X",4000001,5000000,440
"X",5000001,6000000,401
"X",6000001,7000000,426
"X",7000001,8000000,357
"X",8000001,9000000,286
"X",9000001,10000000,251
"X",10000001,11000000,252
"X",11000001,12000000,260
"X",12000001,13000000,273
"X",13000001,14000000,308
"X",14000001,15000000,276
"X",15000001,16000000,318
"X",16000001,17000000,453
"X",17000001,18000000,288
"X",18000001,19000000,286
"X",19000001,20000000,211
"X",20000001,21000000,337
"X",21000001,22000000,235
"X",22000001,23000000,240
"X",23000001,24000000,265
"X",24000001,25000000,211
"X",25000001,26000000,278
"X",26000001,27000000,375
"X",27000001,28000000,325
"X",28000001,29000000,314
"X",29000001,30000000,232
"X",30000001,31000000,355
"X",31000001,32000000,246
"X",32000001,33000000,182
"X",33000001,34000000,225
"X",34000001,35000000,306
"X",35000001,36000000,390
"X",36000001,37000000,310
"X",37000001,38000000,335
"X",38000001,39000000,324
"X",39000001,40000000,547
"X",40000001,41000000,520
"X",41000001,42000000,225
"X",42000001,43000000,503
"X",43000001,44000000,413
"X",44000001,45000000,320
"X",45000001,46000000,275
"X",46000001,47000000,332
"X",47000001,48000000,385
"X",48000001,49000000,359
"X",49000001,50000000,188
"X",50000001,51000000,196
"X",51000001,52000000,348
"X",52000001,53000000,315
"X",53000001,54000000,286
"X",54000001,55000000,141
"X",55000001,56000000,225
"X",56000001,57000000,195
"X",57000001,58000000,237
"X",58000001,59000000,22
"X",59000001,60000000,0
"X",60000001,61000000,0
"X",61000001,62000000,0
"X",62000001,63000000,85
"X",63000001,64000000,307
"X",64000001,65000000,200
"X",65000001,66000000,165
"X",66000001,67000000,147
"X",67000001,68000000,133
"X",68000001,69000000,172
"X",69000001,70000000,150
"X",70000001,71000000,135
"X",71000001,72000000,164
"X",72000001,73000000,139
"X",73000001,74000000,201
"X",74000001,75000000,195
"X",75000001,76000000,160
"X",76000001,77000000,157
"X",77000001,78000000,129
"X",78000001,79000000,184
"X",79000001,80000000,231
"X",80000001,81000000,257
"X",81000001,82000000,246
"X",82000001,83000000,350
"X",83000001,84000000,185
"X",84000001,85000000,202
"X",85000001,86000000,144
"X",86000001,87000000,200
"X",87000001,88000000,324
"X",88000001,89000000,428
"X",89000001,90000000,442
"X",90000001,91000000,468
"X",91000001,92000000,247
"X",92000001,93000000,307
"X",93000001,94000000,332
"X",94000001,95000000,465
"X",95000001,96000000,325
"X",96000001,97000000,222
"X",97000001,98000000,176
"X",98000001,99000000,326
"X",99000001,100000000,239
"X",100000001,101000000,175
"X",101000001,102000000,179
"X",102000001,103000000,276
"X",103000001,104000000,362
"X",104000001,105000000,201
"X",105000001,106000000,178
"X",106000001,107000000,332
"X",107000001,108000000,169
"X",108000001,109000000,140
"X",109000001,110000000,217
"X",110000001,111000000,109
"X",111000001,112000000,219
"X",112000001,113000000,158
"X",113000001,114000000,324
"X",114000001,115000000,280
"X",115000001,116000000,202
"X",116000001,117000000,244
"X",117000001,118000000,178
"X",118000001,119000000,157
"X",119000001,120000000,210
"X",120000001,121000000,313
"X",121000001,122000000,308
"X",122000001,123000000,258
"X",123000001,124000000,177
"X",124000001,125000000,189
"X",125000001,126000000,315
"X",126000001,127000000,255
"X",127000001,128000000,289
"X",128000001,129000000,235
"X",129000001,130000000,187
"X",130000001,131000000,154
"X",131000001,132000000,192
"X",132000001,133000000,120
"X",133000001,134000000,164
"X",134000001,135000000,225
"X",135000001,136000000,412
"X",136000001,137000000,174
"X",137000001,138000000,232
"X",138000001,139000000,244
"X",139000001,140000000,201
"X",140000001,141000000,252
"X",141000001,142000000,348
"X",142000001,143000000,316
"X",143000001,144000000,341
"X",144000001,145000000,351
"X",145000001,146000000,364
"X",146000001,147000000,405
"X",147000001,148000000,334
"X",148000001,149000000,150
"X",149000001,150000000,376
"X",150000001,151000000,198
"X",151000001,152000000,226
"X",152000001,153000000,268
"X",153000001,154000000,248
"X",154000001,155000000,280
"X",155000001,156000000,259
"X",156000001,156040895,6
"Y",1,1000000,313
"Y",1000001,2000000,578
"Y",2000001,3000000,402
"Y",3000001,4000000,430
"Y",4000001,5000000,353
"Y",5000001,6000000,257
"Y",6000001,7000000,276
"Y",7000001,8000000,333
"Y",8000001,9000000,180
"Y",9000001,10000000,193
"Y",10000001,11000000,45
"Y",11000001,12000000,238
"Y",12000001,13000000,475
"Y",13000001,14000000,319
"Y",14000001,15000000,319
"Y",15000001,16000000,354
"Y",16000001,17000000,446
"Y",17000001,18000000,332
"Y",18000001,19000000,292
"Y",19000001,20000000,401
"Y",20000001,21000000,261
"Y",21000001,22000000,397
"Y",22000001,23000000,215
"Y",23000001,24000000,188
"Y",24000001,25000000,212
"Y",25000001,26000000,251
"Y",26000001,27000000,94
"Y",27000001,28000000,0
"Y",28000001,29000000,0
"Y",29000001,30000000,0
"Y",30000001,31000000,0
"Y",31000001,32000000,0
"Y",32000001,33000000,0
"Y",33000001,34000000,0
"Y",34000001,35000000,0
"Y",35000001,36000000,0
"Y",36000001,37000000,0
"Y",37000001,38000000,0
"Y",38000001,39000000,0
"Y",39000001,40000000,0
"Y",40000001,41000000,0
"Y",41000001,42000000,0
"Y",42000001,43000000,0
"Y",43000001,44000000,0
"Y",44000001,45000000,0
"Y",45000001,46000000,0
"Y",46000001,47000000,0
"Y",47000001,48000000,0
"Y",48000001,49000000,0
"Y",49000001,50000000,0
"Y",50000001,51000000,0
"Y",51000001,52000000,0
"Y",52000001,53000000,0
"Y",53000001,54000000,0
"Y",54000001,55000000,0
"Y",55000001,56000000,0
"Y",56000001,57000000,32
"Y",57000001,57227415,85
