"Chr","Start","End","Value","Color"
1,1,2000000,0.00273566,"fc8d62"
1,1000001,3000000,0.0023958,"fc8d62"
1,2000001,4000000,0.00319407,"fc8d62"
1,3000001,5000000,0.002869,"fc8d62"
1,4000001,6000000,0.00186596,"fc8d62"
1,5000001,7000000,0.00186182,"fc8d62"
1,6000001,8000000,0.0018227,"fc8d62"
1,7000001,9000000,0.00274873,"fc8d62"
1,8000001,10000000,0.00336569,"fc8d62"
1,9000001,11000000,0.00248005,"fc8d62"
1,10000001,12000000,0.00207822,"fc8d62"
1,11000001,13000000,0.002136,"fc8d62"
1,12000001,14000000,0.00191688,"fc8d62"
1,13000001,15000000,0.00142997,"fc8d62"
1,14000001,16000000,0.00184524,"fc8d62"
1,15000001,17000000,0.00222845,"fc8d62"
1,16000001,18000000,0.0023533,"fc8d62"
1,17000001,19000000,0.00290714,"fc8d62"
1,18000001,20000000,0.00266726,"fc8d62"
1,19000001,21000000,0.00247076,"fc8d62"
1,20000001,22000000,0.00226616,"fc8d62"
1,21000001,23000000,0.00191545,"fc8d62"
1,22000001,24000000,0.00230414,"fc8d62"
1,23000001,25000000,0.0022829,"fc8d62"
1,24000001,26000000,0.00203738,"fc8d62"
1,25000001,27000000,0.00256749,"fc8d62"
1,26000001,28000000,0.00294961,"fc8d62"
1,27000001,29000000,0.00305097,"fc8d62"
1,28000001,30000000,0.00350921,"fc8d62"
1,29000001,31000000,0.00312628,"fc8d62"
1,30000001,32000000,0.0020384,"fc8d62"
1,31000001,33000000,0.00221192,"fc8d62"
1,32000001,34000000,0.0026685,"fc8d62"
1,33000001,35000000,0.00218637,"fc8d62"
1,34000001,36000000,0.00193885,"fc8d62"
1,35000001,37000000,0.00227216,"fc8d62"
1,36000001,38000000,0.00244981,"fc8d62"
1,37000001,39000000,0.00233615,"fc8d62"
1,38000001,40000000,0.00287429,"fc8d62"
1,39000001,41000000,0.00299858,"fc8d62"
1,40000001,42000000,0.00239002,"fc8d62"
1,41000001,43000000,0.00183077,"fc8d62"
1,42000001,44000000,0.00195455,"fc8d62"
1,43000001,45000000,0.00220064,"fc8d62"
1,44000001,46000000,0.00171959,"fc8d62"
1,45000001,47000000,0.00195269,"fc8d62"
1,46000001,48000000,0.00162785,"fc8d62"
1,47000001,49000000,0.00157978,"fc8d62"
1,48000001,50000000,0.00271589,"fc8d62"
1,49000001,51000000,0.00292571,"fc8d62"
1,50000001,52000000,0.00275774,"fc8d62"
1,51000001,53000000,0.00276261,"fc8d62"
1,52000001,54000000,0.00234362,"fc8d62"
1,53000001,55000000,0.00243539,"fc8d62"
1,54000001,56000000,0.00264848,"fc8d62"
1,55000001,57000000,0.00258511,"fc8d62"
1,56000001,58000000,0.00272035,"fc8d62"
1,57000001,59000000,0.00235882,"fc8d62"
1,58000001,60000000,0.00185711,"fc8d62"
1,59000001,61000000,0.00190635,"fc8d62"
1,60000001,62000000,0.00228201,"fc8d62"
1,61000001,63000000,0.00213365,"fc8d62"
1,62000001,64000000,0.00200991,"fc8d62"
1,63000001,65000000,0.00288579,"fc8d62"
1,64000001,66000000,0.0030859,"fc8d62"
1,65000001,67000000,0.0029666,"fc8d62"
1,66000001,68000000,0.00321726,"fc8d62"
1,67000001,69000000,0.00286894,"fc8d62"
1,68000001,70000000,0.00251421,"fc8d62"
1,69000001,71000000,0.00245543,"fc8d62"
1,70000001,72000000,0.00272872,"fc8d62"
1,71000001,73000000,0.00275544,"fc8d62"
1,72000001,74000000,0.00233611,"fc8d62"
1,73000001,75000000,0.00239894,"fc8d62"
1,74000001,76000000,0.00231941,"fc8d62"
1,75000001,77000000,0.00180664,"fc8d62"
1,76000001,78000000,0.00226667,"fc8d62"
1,77000001,79000000,0.00283397,"fc8d62"
1,78000001,80000000,0.00287662,"fc8d62"
1,79000001,81000000,0.00234625,"fc8d62"
1,80000001,82000000,0.0019573,"fc8d62"
1,81000001,83000000,0.00270198,"fc8d62"
1,82000001,84000000,0.00269723,"fc8d62"
1,83000001,85000000,0.0021944,"fc8d62"
1,84000001,86000000,0.00225548,"fc8d62"
1,85000001,87000000,0.00261104,"fc8d62"
1,86000001,88000000,0.00288493,"fc8d62"
1,87000001,89000000,0.00216501,"fc8d62"
1,88000001,90000000,0.00203434,"fc8d62"
1,89000001,91000000,0.00235947,"fc8d62"
1,90000001,92000000,0.00227473,"fc8d62"
1,91000001,93000000,0.0024914,"fc8d62"
1,92000001,94000000,0.00300239,"fc8d62"
1,93000001,95000000,0.00206811,"fc8d62"
1,94000001,96000000,0.00137066,"fc8d62"
1,95000001,97000000,0.00208815,"fc8d62"
1,96000001,98000000,0.00201296,"fc8d62"
1,97000001,99000000,0.00185413,"fc8d62"
1,98000001,100000000,0.00200338,"fc8d62"
1,99000001,101000000,0.0018449,"fc8d62"
1,100000001,102000000,0.00225633,"fc8d62"
1,101000001,103000000,0.00281097,"fc8d62"
1,102000001,104000000,0.00254657,"fc8d62"
1,103000001,105000000,0.00209743,"fc8d62"
1,104000001,106000000,0.00216584,"fc8d62"
1,105000001,107000000,0.00228233,"fc8d62"
1,106000001,108000000,0.00248895,"fc8d62"
1,107000001,109000000,0.00234583,"fc8d62"
1,108000001,110000000,0.00211746,"fc8d62"
1,109000001,111000000,0.00222638,"fc8d62"
1,110000001,112000000,0.00216945,"fc8d62"
1,111000001,113000000,0.0027253,"fc8d62"
1,112000001,114000000,0.00234868,"fc8d62"
1,113000001,115000000,0.00212889,"fc8d62"
1,114000001,116000000,0.0028884,"fc8d62"
1,115000001,117000000,0.00294487,"fc8d62"
1,116000001,118000000,0.00317158,"fc8d62"
1,117000001,118073833,0.00187079,"fc8d62"
1,118000001,118073833,7.27e-05,"fc8d62"
10,1,2000000,0.00214039,"fc8d62"
10,1000001,3000000,0.00251528,"fc8d62"
10,2000001,4000000,0.00232819,"fc8d62"
10,3000001,5000000,0.00272027,"fc8d62"
10,4000001,6000000,0.00265666,"fc8d62"
10,5000001,7000000,0.00204029,"fc8d62"
10,6000001,8000000,0.00243494,"fc8d62"
10,7000001,9000000,0.00195099,"fc8d62"
10,8000001,10000000,0.00213962,"fc8d62"
10,9000001,11000000,0.00257501,"fc8d62"
10,10000001,12000000,0.00228696,"fc8d62"
10,11000001,13000000,0.00247688,"fc8d62"
10,12000001,14000000,0.00319992,"fc8d62"
10,13000001,15000000,0.00353053,"fc8d62"
10,14000001,16000000,0.0029518,"fc8d62"
10,15000001,17000000,0.00279691,"fc8d62"
10,16000001,18000000,0.00238338,"fc8d62"
10,17000001,19000000,0.00239115,"fc8d62"
10,18000001,20000000,0.00305802,"fc8d62"
10,19000001,21000000,0.00298784,"fc8d62"
10,20000001,22000000,0.00286005,"fc8d62"
10,21000001,23000000,0.00258957,"fc8d62"
10,22000001,24000000,0.00266365,"fc8d62"
10,23000001,25000000,0.00278229,"fc8d62"
10,24000001,26000000,0.00231445,"fc8d62"
10,25000001,27000000,0.00210146,"fc8d62"
10,26000001,28000000,0.00226305,"fc8d62"
10,27000001,29000000,0.00245204,"fc8d62"
10,28000001,30000000,0.00250622,"fc8d62"
10,29000001,31000000,0.00237842,"fc8d62"
10,30000001,32000000,0.00196699,"fc8d62"
10,31000001,33000000,0.00185684,"fc8d62"
10,32000001,34000000,0.00212669,"fc8d62"
10,33000001,35000000,0.00240884,"fc8d62"
10,34000001,36000000,0.00196518,"fc8d62"
10,35000001,37000000,0.00217284,"fc8d62"
10,36000001,38000000,0.00270071,"fc8d62"
10,37000001,39000000,0.00211387,"fc8d62"
10,38000001,40000000,0.00200121,"fc8d62"
10,39000001,41000000,0.00214618,"fc8d62"
10,40000001,42000000,0.00190061,"fc8d62"
10,41000001,43000000,0.00206345,"fc8d62"
10,42000001,44000000,0.00212081,"fc8d62"
10,43000001,45000000,0.00243393,"fc8d62"
10,44000001,46000000,0.00310483,"fc8d62"
10,45000001,47000000,0.00306242,"fc8d62"
10,46000001,48000000,0.00302165,"fc8d62"
10,47000001,49000000,0.00232144,"fc8d62"
10,48000001,50000000,0.00268197,"fc8d62"
10,49000001,51000000,0.00280893,"fc8d62"
10,50000001,52000000,0.00159658,"fc8d62"
10,51000001,53000000,0.00175999,"fc8d62"
10,52000001,54000000,0.00200728,"fc8d62"
10,53000001,55000000,0.00186725,"fc8d62"
10,54000001,56000000,0.00154889,"fc8d62"
10,55000001,57000000,0.00275488,"fc8d62"
10,56000001,57983155,0.00334156,"fc8d62"
10,57000001,57983155,0.00122825,"fc8d62"
11,1,2000000,0.00286373,"fc8d62"
11,1000001,3000000,0.00244199,"fc8d62"
11,2000001,4000000,0.00186097,"fc8d62"
11,3000001,5000000,0.00213978,"fc8d62"
11,4000001,6000000,0.00259079,"fc8d62"
11,5000001,7000000,0.00300778,"fc8d62"
11,6000001,8000000,0.00284871,"fc8d62"
11,7000001,9000000,0.00256396,"fc8d62"
11,8000001,10000000,0.00223455,"fc8d62"
11,9000001,11000000,0.00199242,"fc8d62"
11,10000001,12000000,0.00192679,"fc8d62"
11,11000001,13000000,0.00159392,"fc8d62"
11,12000001,14000000,0.00190111,"fc8d62"
11,13000001,15000000,0.0017214,"fc8d62"
11,14000001,16000000,0.00153144,"fc8d62"
11,15000001,17000000,0.00168236,"fc8d62"
11,16000001,18000000,0.00165136,"fc8d62"
11,17000001,19000000,0.00170071,"fc8d62"
11,18000001,20000000,0.00213007,"fc8d62"
11,19000001,21000000,0.00244015,"fc8d62"
11,20000001,22000000,0.00223468,"fc8d62"
11,21000001,23000000,0.00210464,"fc8d62"
11,22000001,24000000,0.00199708,"fc8d62"
11,23000001,25000000,0.00259669,"fc8d62"
11,24000001,26000000,0.00347687,"fc8d62"
11,25000001,27000000,0.00338762,"fc8d62"
11,26000001,28000000,0.002492,"fc8d62"
11,27000001,29000000,0.00228493,"fc8d62"
11,28000001,30000000,0.00219835,"fc8d62"
11,29000001,31000000,0.00282782,"fc8d62"
11,30000001,32000000,0.0027914,"fc8d62"
11,31000001,33000000,0.00235489,"fc8d62"
11,32000001,34000000,0.00277331,"fc8d62"
11,33000001,35000000,0.00206497,"fc8d62"
11,34000001,36000000,0.00185098,"fc8d62"
11,35000001,37000000,0.00206747,"fc8d62"
11,36000001,38000000,0.00189741,"fc8d62"
11,37000001,39000000,0.00151899,"fc8d62"
11,38000001,40000000,0.00163257,"fc8d62"
11,39000001,41000000,0.00252469,"fc8d62"
11,40000001,42000000,0.00247347,"fc8d62"
11,41000001,43000000,0.00193316,"fc8d62"
11,42000001,44000000,0.00169593,"fc8d62"
11,43000001,45000000,0.00166491,"fc8d62"
11,44000001,46000000,0.00215465,"fc8d62"
11,45000001,47000000,0.00225009,"fc8d62"
11,46000001,48000000,0.00244912,"fc8d62"
11,47000001,49000000,0.0025438,"fc8d62"
11,48000001,50000000,0.00265382,"fc8d62"
11,49000001,50685131,0.00199502,"fc8d62"
11,50000001,50685131,0.000442274,"fc8d62"
12,1,2000000,0.00246102,"fc8d62"
12,1000001,3000000,0.00268301,"fc8d62"
12,2000001,4000000,0.00224657,"fc8d62"
12,3000001,5000000,0.00173216,"fc8d62"
12,4000001,6000000,0.00167483,"fc8d62"
12,5000001,7000000,0.00153881,"fc8d62"
12,6000001,8000000,0.00199582,"fc8d62"
12,7000001,9000000,0.00229927,"fc8d62"
12,8000001,10000000,0.00192909,"fc8d62"
12,9000001,11000000,0.00168381,"fc8d62"
12,10000001,12000000,0.00226948,"fc8d62"
12,11000001,13000000,0.00240557,"fc8d62"
12,12000001,14000000,0.00215456,"fc8d62"
12,13000001,15000000,0.00226578,"fc8d62"
12,14000001,16000000,0.00246469,"fc8d62"
12,15000001,17000000,0.00290668,"fc8d62"
12,16000001,18000000,0.00243437,"fc8d62"
12,17000001,19000000,0.00180736,"fc8d62"
12,18000001,20000000,0.00232979,"fc8d62"
12,19000001,21000000,0.00251676,"fc8d62"
12,20000001,22000000,0.00220831,"fc8d62"
12,21000001,23000000,0.00229335,"fc8d62"
12,22000001,24000000,0.00242345,"fc8d62"
12,23000001,25000000,0.00231951,"fc8d62"
12,24000001,26000000,0.00228166,"fc8d62"
12,25000001,27000000,0.00244977,"fc8d62"
12,26000001,28000000,0.00228374,"fc8d62"
12,27000001,29000000,0.00213284,"fc8d62"
12,28000001,30000000,0.0016215,"fc8d62"
12,29000001,31000000,0.00130595,"fc8d62"
12,30000001,32000000,0.00180622,"fc8d62"
12,31000001,32552834,0.00156279,"fc8d62"
12,32000001,32552834,0.000520841,"fc8d62"
13,1,2000000,0.00268386,"fc8d62"
13,1000001,3000000,0.00260284,"fc8d62"
13,2000001,4000000,0.00289072,"fc8d62"
13,3000001,5000000,0.00288052,"fc8d62"
13,4000001,6000000,0.00209426,"fc8d62"
13,5000001,7000000,0.00225099,"fc8d62"
13,6000001,8000000,0.0025176,"fc8d62"
13,7000001,9000000,0.00222141,"fc8d62"
13,8000001,10000000,0.00215451,"fc8d62"
13,9000001,11000000,0.00241791,"fc8d62"
13,10000001,12000000,0.00242218,"fc8d62"
13,11000001,13000000,0.00202749,"fc8d62"
13,12000001,14000000,0.00227726,"fc8d62"
13,13000001,15000000,0.00275044,"fc8d62"
13,14000001,16000000,0.00252271,"fc8d62"
13,15000001,17000000,0.00241457,"fc8d62"
13,16000001,18000000,0.00285294,"fc8d62"
13,17000001,19000000,0.00324859,"fc8d62"
13,18000001,20000000,0.00262561,"fc8d62"
13,19000001,21000000,0.00206248,"fc8d62"
13,20000001,22000000,0.00313644,"fc8d62"
13,21000001,23000000,0.00365787,"fc8d62"
13,22000001,24000000,0.00261756,"fc8d62"
13,23000001,25000000,0.00251934,"fc8d62"
13,24000001,25667229,0.00216101,"fc8d62"
13,25000001,25667229,0.000632525,"fc8d62"
14,1,2000000,0.00300411,"fc8d62"
14,1000001,3000000,0.00334721,"fc8d62"
14,2000001,4000000,0.00321581,"fc8d62"
14,3000001,5000000,0.00321065,"fc8d62"
14,4000001,6000000,0.00257705,"fc8d62"
14,5000001,7000000,0.00215648,"fc8d62"
14,6000001,8000000,0.0030406,"fc8d62"
14,7000001,9000000,0.00323091,"fc8d62"
14,8000001,10000000,0.00262774,"fc8d62"
14,9000001,11000000,0.00262146,"fc8d62"
14,10000001,12000000,0.00302961,"fc8d62"
14,11000001,13000000,0.00299484,"fc8d62"
14,12000001,14000000,0.0028022,"fc8d62"
14,13000001,15000000,0.00252016,"fc8d62"
14,14000001,16000000,0.00203903,"fc8d62"
14,15000001,17000000,0.00231139,"fc8d62"
14,16000001,18000000,0.00250633,"fc8d62"
14,17000001,19000000,0.00237306,"fc8d62"
14,18000001,20000000,0.00258243,"fc8d62"
14,19000001,21000000,0.00253504,"fc8d62"
14,20000001,22000000,0.00237538,"fc8d62"
14,21000001,23000000,0.00199647,"fc8d62"
14,22000001,24000000,0.00184147,"fc8d62"
14,23000001,25000000,0.00235698,"fc8d62"
14,24000001,26000000,0.00286473,"fc8d62"
14,25000001,27000000,0.00225892,"fc8d62"
14,26000001,28000000,0.0018218,"fc8d62"
14,27000001,29000000,0.00191448,"fc8d62"
14,28000001,30000000,0.00129326,"fc8d62"
14,29000001,31000000,0.00107167,"fc8d62"
14,30000001,32000000,0.00237553,"fc8d62"
14,31000001,33000000,0.00282276,"fc8d62"
14,32000001,34000000,0.00247475,"fc8d62"
14,33000001,35000000,0.0026928,"fc8d62"
14,34000001,36000000,0.00244545,"fc8d62"
14,35000001,37000000,0.00233695,"fc8d62"
14,36000001,38000000,0.00216562,"fc8d62"
14,37000001,39000000,0.00190627,"fc8d62"
14,38000001,40000000,0.00218322,"fc8d62"
14,39000001,41000000,0.00232186,"fc8d62"
14,40000001,42000000,0.00203928,"fc8d62"
14,41000001,43000000,0.00205785,"fc8d62"
14,42000001,44000000,0.00229948,"fc8d62"
14,43000001,45000000,0.00260735,"fc8d62"
14,44000001,46000000,0.0025816,"fc8d62"
14,45000001,47000000,0.00198155,"fc8d62"
14,46000001,48000000,0.00221146,"fc8d62"
14,47000001,49000000,0.00249765,"fc8d62"
14,48000001,50000000,0.00224226,"fc8d62"
14,49000001,51000000,0.0024283,"fc8d62"
14,50000001,52000000,0.0029985,"fc8d62"
14,51000001,53000000,0.00341483,"fc8d62"
14,52000001,53685928,0.00245616,"fc8d62"
14,53000001,53685928,0.000783401,"fc8d62"
15,1,2000000,0.00325896,"fc8d62"
15,1000001,3000000,0.00297638,"fc8d62"
15,2000001,4000000,0.00189589,"fc8d62"
15,3000001,5000000,0.00205331,"fc8d62"
15,4000001,6000000,0.00273219,"fc8d62"
15,5000001,7000000,0.0024365,"fc8d62"
15,6000001,8000000,0.00303519,"fc8d62"
15,7000001,9000000,0.00315093,"fc8d62"
15,8000001,10000000,0.00252819,"fc8d62"
15,9000001,11000000,0.00261575,"fc8d62"
15,10000001,12000000,0.00260777,"fc8d62"
15,11000001,13000000,0.002227,"fc8d62"
15,12000001,13456278,0.00147876,"fc8d62"
15,13000001,13456278,0.000443253,"fc8d62"
16,1,2000000,0.00302634,"fc8d62"
16,1000001,3000000,0.00276514,"fc8d62"
16,2000001,4000000,0.00250515,"fc8d62"
16,3000001,5000000,0.00312392,"fc8d62"
16,4000001,6000000,0.00292183,"fc8d62"
16,5000001,7000000,0.00213605,"fc8d62"
16,6000001,8000000,0.00202212,"fc8d62"
16,7000001,9000000,0.00190396,"fc8d62"
16,8000001,10000000,0.00164751,"fc8d62"
16,9000001,11000000,0.00145621,"fc8d62"
16,10000001,12000000,0.00146211,"fc8d62"
16,11000001,13000000,0.00172792,"fc8d62"
16,12000001,14000000,0.00163885,"fc8d62"
16,13000001,15000000,0.00139981,"fc8d62"
16,14000001,16000000,0.00148195,"fc8d62"
16,15000001,17000000,0.00162523,"fc8d62"
16,16000001,18000000,0.00181441,"fc8d62"
16,17000001,19000000,0.00224034,"fc8d62"
16,18000001,20000000,0.00237135,"fc8d62"
16,19000001,21000000,0.00188993,"fc8d62"
16,20000001,22000000,0.00150012,"fc8d62"
16,21000001,23000000,0.00120236,"fc8d62"
16,22000001,24000000,0.00197267,"fc8d62"
16,23000001,25000000,0.00257325,"fc8d62"
16,24000001,26000000,0.00208207,"fc8d62"
16,25000001,27000000,0.00195637,"fc8d62"
16,26000001,28000000,0.00209485,"fc8d62"
16,27000001,28459215,0.00161588,"fc8d62"
16,28000001,28459215,0.00053276,"fc8d62"
17,1,2000000,0.00280475,"fc8d62"
17,1000001,3000000,0.00308697,"fc8d62"
17,2000001,4000000,0.00314358,"fc8d62"
17,3000001,5000000,0.00268151,"fc8d62"
17,4000001,6000000,0.00273076,"fc8d62"
17,5000001,7000000,0.00321376,"fc8d62"
17,6000001,8000000,0.00318887,"fc8d62"
17,7000001,9000000,0.00260014,"fc8d62"
17,8000001,10000000,0.0021478,"fc8d62"
17,9000001,11000000,0.00159485,"fc8d62"
17,10000001,12000000,0.00129903,"fc8d62"
17,11000001,13000000,0.00132356,"fc8d62"
17,12000001,14000000,0.00143578,"fc8d62"
17,13000001,15000000,0.00199052,"fc8d62"
17,14000001,16000000,0.00217242,"fc8d62"
17,15000001,17000000,0.00246086,"fc8d62"
17,16000001,18000000,0.002781,"fc8d62"
17,17000001,19000000,0.00254289,"fc8d62"
17,18000001,20000000,0.00234449,"fc8d62"
17,19000001,21000000,0.00144441,"fc8d62"
17,20000001,22000000,0.000852675,"fc8d62"
17,21000001,23000000,0.00138176,"fc8d62"
17,22000001,24000000,0.00185559,"fc8d62"
17,23000001,25000000,0.00207966,"fc8d62"
17,24000001,26000000,0.00198418,"fc8d62"
17,25000001,27000000,0.00217843,"fc8d62"
17,26000001,28000000,0.00257224,"fc8d62"
17,27000001,29000000,0.00245707,"fc8d62"
17,28000001,30000000,0.00316163,"fc8d62"
17,29000001,31000000,0.00380451,"fc8d62"
17,30000001,32000000,0.00303372,"fc8d62"
17,31000001,33000000,0.00259116,"fc8d62"
17,32000001,34000000,0.00187263,"fc8d62"
17,33000001,35000000,0.00142076,"fc8d62"
17,34000001,36000000,0.00196893,"fc8d62"
17,35000001,37000000,0.0029076,"fc8d62"
17,36000001,38000000,0.00299078,"fc8d62"
17,37000001,39000000,0.0028495,"fc8d62"
17,38000001,40000000,0.00369546,"fc8d62"
17,39000001,41000000,0.003321,"fc8d62"
17,40000001,42000000,0.0028308,"fc8d62"
17,41000001,42403734,0.00202726,"fc8d62"
17,42000001,42403734,0.000479636,"fc8d62"
18,1,2000000,0.00221391,"fc8d62"
18,1000001,3000000,0.00200914,"fc8d62"
18,2000001,4000000,0.00188453,"fc8d62"
18,3000001,5000000,0.00204229,"fc8d62"
18,4000001,6000000,0.00196679,"fc8d62"
18,5000001,7000000,0.00157049,"fc8d62"
18,6000001,8000000,0.00237501,"fc8d62"
18,7000001,9000000,0.00277675,"fc8d62"
18,8000001,10000000,0.00236327,"fc8d62"
18,9000001,11000000,0.00234428,"fc8d62"
18,10000001,12000000,0.00221016,"fc8d62"
18,11000001,13000000,0.00252262,"fc8d62"
18,12000001,14000000,0.00284832,"fc8d62"
18,13000001,15000000,0.00300838,"fc8d62"
18,14000001,16000000,0.00313979,"fc8d62"
18,15000001,17000000,0.00248242,"fc8d62"
18,16000001,18000000,0.00213555,"fc8d62"
18,17000001,19000000,0.00230516,"fc8d62"
18,18000001,20000000,0.00217559,"fc8d62"
18,19000001,21000000,0.0022164,"fc8d62"
18,20000001,22000000,0.00196211,"fc8d62"
18,21000001,23000000,0.00204255,"fc8d62"
18,22000001,24000000,0.00227155,"fc8d62"
18,23000001,25000000,0.00236954,"fc8d62"
18,24000001,26000000,0.00208559,"fc8d62"
18,25000001,27000000,0.00129545,"fc8d62"
18,26000001,27842185,0.000926289,"fc8d62"
18,27000001,27842185,0.000364909,"fc8d62"
19,1,2000000,0.0019311,"fc8d62"
19,1000001,3000000,0.002221,"fc8d62"
19,2000001,4000000,0.00192096,"fc8d62"
19,3000001,5000000,0.00212361,"fc8d62"
19,4000001,6000000,0.00239185,"fc8d62"
19,5000001,7000000,0.00292788,"fc8d62"
19,6000001,8000000,0.00341443,"fc8d62"
19,7000001,9000000,0.00266826,"fc8d62"
19,8000001,10000000,0.00190162,"fc8d62"
19,9000001,11000000,0.00180317,"fc8d62"
19,10000001,12000000,0.00142279,"fc8d62"
19,11000001,13000000,0.00131365,"fc8d62"
19,12000001,14000000,0.00187428,"fc8d62"
19,13000001,15000000,0.00201095,"fc8d62"
19,14000001,16000000,0.00133591,"fc8d62"
19,15000001,17000000,0.00156601,"fc8d62"
19,16000001,18000000,0.00167527,"fc8d62"
19,17000001,19000000,0.00166737,"fc8d62"
19,18000001,19701765,0.00187179,"fc8d62"
19,19000001,19701765,0.000874331,"fc8d62"
2,1,2000000,0.00256233,"fc8d62"
2,1000001,3000000,0.00233525,"fc8d62"
2,2000001,4000000,0.00244716,"fc8d62"
2,3000001,5000000,0.00170689,"fc8d62"
2,4000001,6000000,0.00195165,"fc8d62"
2,5000001,7000000,0.00250167,"fc8d62"
2,6000001,8000000,0.00185604,"fc8d62"
2,7000001,9000000,0.00239207,"fc8d62"
2,8000001,10000000,0.00269364,"fc8d62"
2,9000001,11000000,0.00204429,"fc8d62"
2,10000001,12000000,0.00255054,"fc8d62"
2,11000001,13000000,0.00259592,"fc8d62"
2,12000001,14000000,0.00256165,"fc8d62"
2,13000001,15000000,0.00300663,"fc8d62"
2,14000001,16000000,0.00261052,"fc8d62"
2,15000001,17000000,0.00225113,"fc8d62"
2,16000001,18000000,0.00278079,"fc8d62"
2,17000001,19000000,0.003164,"fc8d62"
2,18000001,20000000,0.00260029,"fc8d62"
2,19000001,21000000,0.00240005,"fc8d62"
2,20000001,22000000,0.00278934,"fc8d62"
2,21000001,23000000,0.00253614,"fc8d62"
2,22000001,24000000,0.00188177,"fc8d62"
2,23000001,25000000,0.00202185,"fc8d62"
2,24000001,26000000,0.00204326,"fc8d62"
2,25000001,27000000,0.00197508,"fc8d62"
2,26000001,28000000,0.00177767,"fc8d62"
2,27000001,29000000,0.00240894,"fc8d62"
2,28000001,30000000,0.00346601,"fc8d62"
2,29000001,31000000,0.00322853,"fc8d62"
2,30000001,32000000,0.00217558,"fc8d62"
2,31000001,33000000,0.0021784,"fc8d62"
2,32000001,34000000,0.00310205,"fc8d62"
2,33000001,35000000,0.00287851,"fc8d62"
2,34000001,36000000,0.00266166,"fc8d62"
2,35000001,37000000,0.00286999,"fc8d62"
2,36000001,38000000,0.00207648,"fc8d62"
2,37000001,39000000,0.00154794,"fc8d62"
2,38000001,40000000,0.00245087,"fc8d62"
2,39000001,41000000,0.00244923,"fc8d62"
2,40000001,42000000,0.00244665,"fc8d62"
2,41000001,43000000,0.00254587,"fc8d62"
2,42000001,44000000,0.00261456,"fc8d62"
2,43000001,45000000,0.00318129,"fc8d62"
2,44000001,46000000,0.00315331,"fc8d62"
2,45000001,47000000,0.00248513,"fc8d62"
2,46000001,48000000,0.0022437,"fc8d62"
2,47000001,49000000,0.00247089,"fc8d62"
2,48000001,50000000,0.00198604,"fc8d62"
2,49000001,51000000,0.00200539,"fc8d62"
2,50000001,52000000,0.00193204,"fc8d62"
2,51000001,53000000,0.00212612,"fc8d62"
2,52000001,54000000,0.00293844,"fc8d62"
2,53000001,55000000,0.00275969,"fc8d62"
2,54000001,56000000,0.00195056,"fc8d62"
2,55000001,57000000,0.00223967,"fc8d62"
2,56000001,58000000,0.00254366,"fc8d62"
2,57000001,59000000,0.00239687,"fc8d62"
2,58000001,60000000,0.00253949,"fc8d62"
2,59000001,61000000,0.00251795,"fc8d62"
2,60000001,62000000,0.00244568,"fc8d62"
2,61000001,63000000,0.00193677,"fc8d62"
2,62000001,64000000,0.00230461,"fc8d62"
2,63000001,65000000,0.0026926,"fc8d62"
2,64000001,66000000,0.00242201,"fc8d62"
2,65000001,67000000,0.00287834,"fc8d62"
2,66000001,68000000,0.00256363,"fc8d62"
2,67000001,69000000,0.00166771,"fc8d62"
2,68000001,70000000,0.00186894,"fc8d62"
2,69000001,71000000,0.00200876,"fc8d62"
2,70000001,72000000,0.00202154,"fc8d62"
2,71000001,73000000,0.00225074,"fc8d62"
2,72000001,74000000,0.00205627,"fc8d62"
2,73000001,75000000,0.00172785,"fc8d62"
2,74000001,76000000,0.00147189,"fc8d62"
2,75000001,77000000,0.00225855,"fc8d62"
2,76000001,78000000,0.00289994,"fc8d62"
2,77000001,79000000,0.00293457,"fc8d62"
2,78000001,80000000,0.00317047,"fc8d62"
2,79000001,81000000,0.00264567,"fc8d62"
2,80000001,82000000,0.00167254,"fc8d62"
2,81000001,83000000,0.00187145,"fc8d62"
2,82000001,84000000,0.00238133,"fc8d62"
2,83000001,85000000,0.00216681,"fc8d62"
2,84000001,86000000,0.00205097,"fc8d62"
2,85000001,87000000,0.0022405,"fc8d62"
2,86000001,88000000,0.0027047,"fc8d62"
2,87000001,89000000,0.0027762,"fc8d62"
2,88000001,90000000,0.00211849,"fc8d62"
2,89000001,91000000,0.00186501,"fc8d62"
2,90000001,92000000,0.00237266,"fc8d62"
2,91000001,93000000,0.00235352,"fc8d62"
2,92000001,94000000,0.00225961,"fc8d62"
2,93000001,95000000,0.00270635,"fc8d62"
2,94000001,96000000,0.00318778,"fc8d62"
2,95000001,97000000,0.00296474,"fc8d62"
2,96000001,98000000,0.00297425,"fc8d62"
2,97000001,98364873,0.00204065,"fc8d62"
2,98000001,98364873,0.000324778,"fc8d62"
3,1,2000000,0.00237263,"fc8d62"
3,1000001,3000000,0.00196896,"fc8d62"
3,2000001,4000000,0.00200493,"fc8d62"
3,3000001,5000000,0.00164287,"fc8d62"
3,4000001,6000000,0.00198458,"fc8d62"
3,5000001,7000000,0.00245505,"fc8d62"
3,6000001,8000000,0.00219065,"fc8d62"
3,7000001,9000000,0.00235852,"fc8d62"
3,8000001,10000000,0.00236199,"fc8d62"
3,9000001,11000000,0.00256348,"fc8d62"
3,10000001,12000000,0.00299857,"fc8d62"
3,11000001,13000000,0.003237,"fc8d62"
3,12000001,14000000,0.00257065,"fc8d62"
3,13000001,15000000,0.00199243,"fc8d62"
3,14000001,16000000,0.0019421,"fc8d62"
3,15000001,17000000,0.00156533,"fc8d62"
3,16000001,18000000,0.00190384,"fc8d62"
3,17000001,19000000,0.00204567,"fc8d62"
3,18000001,20000000,0.00176453,"fc8d62"
3,19000001,21000000,0.00200638,"fc8d62"
3,20000001,22000000,0.0018636,"fc8d62"
3,21000001,23000000,0.00124046,"fc8d62"
3,22000001,24000000,0.00142905,"fc8d62"
3,23000001,25000000,0.00216971,"fc8d62"
3,24000001,26000000,0.00220133,"fc8d62"
3,25000001,27000000,0.00205436,"fc8d62"
3,26000001,28000000,0.00221898,"fc8d62"
3,27000001,29000000,0.001998,"fc8d62"
3,28000001,30000000,0.00166926,"fc8d62"
3,29000001,31000000,0.00199448,"fc8d62"
3,30000001,32000000,0.00276134,"fc8d62"
3,31000001,33000000,0.00236943,"fc8d62"
3,32000001,34000000,0.00205115,"fc8d62"
3,33000001,35000000,0.00264461,"fc8d62"
3,34000001,36000000,0.00256834,"fc8d62"
3,35000001,37000000,0.00268976,"fc8d62"
3,36000001,38000000,0.00319753,"fc8d62"
3,37000001,39000000,0.00250754,"fc8d62"
3,38000001,40000000,0.00218267,"fc8d62"
3,39000001,41000000,0.00309103,"fc8d62"
3,40000001,42000000,0.00318251,"fc8d62"
3,41000001,43000000,0.00323256,"fc8d62"
3,42000001,44000000,0.00284001,"fc8d62"
3,43000001,45000000,0.00211063,"fc8d62"
3,44000001,46000000,0.00270321,"fc8d62"
3,45000001,47000000,0.00247857,"fc8d62"
3,46000001,48000000,0.00199879,"fc8d62"
3,47000001,49000000,0.00224503,"fc8d62"
3,48000001,50000000,0.00171763,"fc8d62"
3,49000001,51000000,0.00221341,"fc8d62"
3,50000001,52000000,0.00266306,"fc8d62"
3,51000001,53000000,0.00196091,"fc8d62"
3,52000001,54000000,0.00256346,"fc8d62"
3,53000001,55000000,0.00274077,"fc8d62"
3,54000001,56000000,0.00226146,"fc8d62"
3,55000001,57000000,0.00223193,"fc8d62"
3,56000001,58000000,0.00202901,"fc8d62"
3,57000001,59000000,0.00237183,"fc8d62"
3,58000001,60000000,0.00274201,"fc8d62"
3,59000001,61000000,0.00221287,"fc8d62"
3,60000001,62000000,0.00213241,"fc8d62"
3,61000001,63000000,0.00244021,"fc8d62"
3,62000001,64000000,0.00222567,"fc8d62"
3,63000001,65000000,0.0022004,"fc8d62"
3,64000001,66000000,0.00242239,"fc8d62"
3,65000001,67000000,0.00234485,"fc8d62"
3,66000001,68000000,0.00265366,"fc8d62"
3,67000001,69000000,0.00260762,"fc8d62"
3,68000001,70000000,0.00225385,"fc8d62"
3,69000001,71000000,0.00251328,"fc8d62"
3,70000001,72000000,0.00206392,"fc8d62"
3,71000001,73000000,0.00179816,"fc8d62"
3,72000001,74000000,0.00209892,"fc8d62"
3,73000001,75000000,0.00276686,"fc8d62"
3,74000001,76000000,0.00282657,"fc8d62"
3,75000001,77000000,0.00236412,"fc8d62"
3,76000001,78000000,0.00272169,"fc8d62"
3,77000001,79000000,0.00255874,"fc8d62"
3,78000001,80000000,0.00240337,"fc8d62"
3,79000001,81000000,0.00234088,"fc8d62"
3,80000001,82000000,0.00275047,"fc8d62"
3,81000001,83000000,0.00240333,"fc8d62"
3,82000001,84000000,0.00187478,"fc8d62"
3,83000001,85000000,0.00246445,"fc8d62"
3,84000001,86000000,0.00296898,"fc8d62"
3,85000001,87000000,0.00278729,"fc8d62"
3,86000001,88000000,0.00281091,"fc8d62"
3,87000001,89000000,0.00273976,"fc8d62"
3,88000001,90000000,0.00234417,"fc8d62"
3,89000001,91000000,0.00323984,"fc8d62"
3,90000001,92000000,0.0030162,"fc8d62"
3,91000001,93000000,0.00240882,"fc8d62"
3,92000001,94000000,0.00245855,"fc8d62"
3,93000001,95000000,0.00278529,"fc8d62"
3,94000001,96000000,0.00302059,"fc8d62"
3,95000001,97000000,0.00288052,"fc8d62"
3,96000001,98000000,0.00266206,"fc8d62"
3,97000001,99000000,0.00255712,"fc8d62"
3,98000001,100000000,0.00266598,"fc8d62"
3,99000001,101000000,0.00272098,"fc8d62"
3,100000001,102000000,0.00288704,"fc8d62"
3,101000001,103000000,0.00267627,"fc8d62"
3,102000001,104000000,0.00247198,"fc8d62"
3,103000001,105000000,0.00226481,"fc8d62"
3,104000001,106000000,0.00296997,"fc8d62"
3,105000001,107000000,0.00386976,"fc8d62"
3,106000001,108000000,0.0033793,"fc8d62"
3,107000001,109000000,0.00230257,"fc8d62"
3,108000001,110000000,0.00182982,"fc8d62"
3,109000001,111000000,0.00192789,"fc8d62"
3,110000001,112000000,0.00181947,"fc8d62"
3,111000001,113000000,0.00168892,"fc8d62"
3,112000001,114000000,0.00143184,"fc8d62"
3,113000001,115000000,0.00157986,"fc8d62"
3,114000001,116000000,0.00243178,"fc8d62"
3,115000001,117000000,0.00288833,"fc8d62"
3,116000001,118000000,0.0026092,"fc8d62"
3,117000001,119000000,0.00186885,"fc8d62"
3,118000001,120000000,0.00142054,"fc8d62"
3,119000001,121000000,0.00179801,"fc8d62"
3,120000001,122000000,0.0020521,"fc8d62"
3,121000001,123000000,0.00171871,"fc8d62"
3,122000001,124000000,0.00176315,"fc8d62"
3,123000001,125000000,0.00200603,"fc8d62"
3,124000001,126000000,0.00215015,"fc8d62"
3,125000001,127000000,0.0022719,"fc8d62"
3,126000001,128000000,0.00180109,"fc8d62"
3,127000001,129000000,0.00156542,"fc8d62"
3,128000001,130000000,0.00209331,"fc8d62"
3,129000001,131000000,0.00247516,"fc8d62"
3,130000001,132000000,0.00235877,"fc8d62"
3,131000001,133000000,0.00258428,"fc8d62"
3,132000001,134000000,0.00258392,"fc8d62"
3,133000001,135000000,0.00235126,"fc8d62"
3,134000001,136000000,0.00227639,"fc8d62"
3,135000001,137000000,0.00246713,"fc8d62"
3,136000001,138000000,0.00268892,"fc8d62"
3,137000001,139000000,0.00258245,"fc8d62"
3,138000001,140000000,0.00280822,"fc8d62"
3,139000001,141000000,0.00299855,"fc8d62"
3,140000001,142000000,0.00313498,"fc8d62"
3,141000001,143000000,0.0027135,"fc8d62"
3,142000001,144000000,0.0022363,"fc8d62"
3,143000001,145000000,0.00233662,"fc8d62"
3,144000001,146000000,0.00206217,"fc8d62"
3,145000001,147000000,0.00153724,"fc8d62"
3,146000001,148000000,0.00202044,"fc8d62"
3,147000001,149000000,0.00267554,"fc8d62"
3,148000001,150000000,0.00307346,"fc8d62"
3,149000001,151000000,0.00338215,"fc8d62"
3,150000001,152000000,0.00365105,"fc8d62"
3,151000001,153000000,0.00409455,"fc8d62"
3,152000001,154000000,0.00364833,"fc8d62"
3,153000001,155000000,0.00295104,"fc8d62"
3,154000001,156000000,0.00253234,"fc8d62"
3,155000001,157000000,0.00226518,"fc8d62"
3,156000001,158000000,0.00233832,"fc8d62"
3,157000001,159000000,0.00237673,"fc8d62"
3,158000001,160000000,0.00231914,"fc8d62"
3,159000001,161000000,0.00215759,"fc8d62"
3,160000001,162000000,0.00159304,"fc8d62"
3,161000001,163000000,0.00194598,"fc8d62"
3,162000001,164000000,0.00243251,"fc8d62"
3,163000001,165000000,0.00242939,"fc8d62"
3,164000001,166000000,0.00201999,"fc8d62"
3,165000001,167000000,0.00136189,"fc8d62"
3,166000001,168000000,0.00172318,"fc8d62"
3,167000001,169000000,0.00227499,"fc8d62"
3,168000001,170000000,0.0019394,"fc8d62"
3,169000001,171000000,0.00176618,"fc8d62"
3,170000001,172000000,0.00218445,"fc8d62"
3,171000001,173000000,0.00240007,"fc8d62"
3,172000001,174000000,0.00243693,"fc8d62"
3,173000001,175000000,0.00262237,"fc8d62"
3,174000001,176000000,0.00259222,"fc8d62"
3,175000001,177000000,0.00237248,"fc8d62"
3,176000001,178000000,0.00234877,"fc8d62"
3,177000001,179000000,0.00224398,"fc8d62"
3,178000001,180000000,0.00214156,"fc8d62"
3,179000001,181000000,0.00200198,"fc8d62"
3,180000001,182000000,0.00211035,"fc8d62"
3,181000001,183000000,0.00256776,"fc8d62"
3,182000001,184000000,0.00319942,"fc8d62"
3,183000001,185000000,0.00363681,"fc8d62"
3,184000001,186000000,0.00316397,"fc8d62"
3,185000001,187000000,0.00279262,"fc8d62"
3,186000001,188000000,0.00279459,"fc8d62"
3,187000001,189000000,0.00273013,"fc8d62"
3,188000001,190000000,0.00253882,"fc8d62"
3,189000001,191000000,0.00242838,"fc8d62"
3,190000001,192000000,0.00256298,"fc8d62"
3,191000001,193000000,0.00262417,"fc8d62"
3,192000001,194000000,0.00232511,"fc8d62"
3,193000001,195000000,0.00171171,"fc8d62"
3,194000001,196000000,0.00133567,"fc8d62"
3,195000001,197000000,0.00174242,"fc8d62"
3,196000001,198000000,0.00212102,"fc8d62"
3,197000001,199000000,0.00168537,"fc8d62"
3,198000001,200000000,0.00185886,"fc8d62"
3,199000001,201000000,0.00208696,"fc8d62"
3,200000001,202000000,0.00215508,"fc8d62"
3,201000001,203000000,0.0023706,"fc8d62"
3,202000001,204000000,0.00240795,"fc8d62"
3,203000001,205000000,0.0021115,"fc8d62"
3,204000001,206000000,0.0017789,"fc8d62"
3,205000001,207000000,0.00244779,"fc8d62"
3,206000001,207093695,0.00171017,"fc8d62"
3,207000001,207093695,0.000153918,"fc8d62"
4,1,2000000,0.00275429,"fc8d62"
4,1000001,3000000,0.00281643,"fc8d62"
4,2000001,4000000,0.00291774,"fc8d62"
4,3000001,5000000,0.00338641,"fc8d62"
4,4000001,6000000,0.00297115,"fc8d62"
4,5000001,7000000,0.00221482,"fc8d62"
4,6000001,8000000,0.00206407,"fc8d62"
4,7000001,9000000,0.00243134,"fc8d62"
4,8000001,10000000,0.00230961,"fc8d62"
4,9000001,11000000,0.00197795,"fc8d62"
4,10000001,12000000,0.00199719,"fc8d62"
4,11000001,13000000,0.00251423,"fc8d62"
4,12000001,14000000,0.00282524,"fc8d62"
4,13000001,15000000,0.00260907,"fc8d62"
4,14000001,16000000,0.002093,"fc8d62"
4,15000001,17000000,0.00322345,"fc8d62"
4,16000001,18000000,0.0035203,"fc8d62"
4,17000001,19000000,0.00318331,"fc8d62"
4,18000001,20000000,0.00287081,"fc8d62"
4,19000001,21000000,0.00210297,"fc8d62"
4,20000001,22000000,0.00237946,"fc8d62"
4,21000001,23000000,0.0024514,"fc8d62"
4,22000001,24000000,0.00273729,"fc8d62"
4,23000001,25000000,0.0022869,"fc8d62"
4,24000001,26000000,0.00175437,"fc8d62"
4,25000001,27000000,0.00157556,"fc8d62"
4,26000001,28000000,0.00186379,"fc8d62"
4,27000001,29000000,0.00269813,"fc8d62"
4,28000001,30000000,0.0031913,"fc8d62"
4,29000001,31000000,0.00351796,"fc8d62"
4,30000001,32000000,0.00330853,"fc8d62"
4,31000001,33000000,0.00287447,"fc8d62"
4,32000001,34000000,0.00237648,"fc8d62"
4,33000001,35000000,0.00286152,"fc8d62"
4,34000001,36000000,0.00297739,"fc8d62"
4,35000001,37000000,0.00203724,"fc8d62"
4,36000001,38000000,0.00222572,"fc8d62"
4,37000001,39000000,0.00296507,"fc8d62"
4,38000001,40000000,0.00270765,"fc8d62"
4,39000001,41000000,0.00260518,"fc8d62"
4,40000001,42000000,0.00293503,"fc8d62"
4,41000001,43000000,0.00319437,"fc8d62"
4,42000001,44000000,0.00229841,"fc8d62"
4,43000001,45000000,0.00175263,"fc8d62"
4,44000001,46000000,0.00225242,"fc8d62"
4,45000001,47000000,0.0023403,"fc8d62"
4,46000001,48000000,0.00258777,"fc8d62"
4,47000001,49000000,0.00288997,"fc8d62"
4,48000001,50000000,0.00273313,"fc8d62"
4,49000001,50051714,0.00130088,"fc8d62"
4,50000001,50051714,7.26e-05,"fc8d62"
5,1,2000000,0.00181954,"fc8d62"
5,1000001,3000000,0.00195182,"fc8d62"
5,2000001,4000000,0.00292857,"fc8d62"
5,3000001,5000000,0.0031775,"fc8d62"
5,4000001,6000000,0.00289191,"fc8d62"
5,5000001,7000000,0.00277257,"fc8d62"
5,6000001,8000000,0.00289436,"fc8d62"
5,7000001,9000000,0.00285426,"fc8d62"
5,8000001,10000000,0.00244798,"fc8d62"
5,9000001,11000000,0.0027631,"fc8d62"
5,10000001,12000000,0.00253242,"fc8d62"
5,11000001,13000000,0.00210595,"fc8d62"
5,12000001,14000000,0.0023132,"fc8d62"
5,13000001,15000000,0.00256585,"fc8d62"
5,14000001,16000000,0.00298479,"fc8d62"
5,15000001,17000000,0.00315335,"fc8d62"
5,16000001,18000000,0.00266688,"fc8d62"
5,17000001,19000000,0.0024528,"fc8d62"
5,18000001,20000000,0.00307984,"fc8d62"
5,19000001,21000000,0.00329409,"fc8d62"
5,20000001,22000000,0.00254666,"fc8d62"
5,21000001,23000000,0.00242417,"fc8d62"
5,22000001,24000000,0.00277353,"fc8d62"
5,23000001,25000000,0.00300037,"fc8d62"
5,24000001,26000000,0.00282938,"fc8d62"
5,25000001,27000000,0.00203529,"fc8d62"
5,26000001,28000000,0.00171194,"fc8d62"
5,27000001,29000000,0.00185756,"fc8d62"
5,28000001,30000000,0.00236466,"fc8d62"
5,29000001,31000000,0.00228905,"fc8d62"
5,30000001,32000000,0.00213126,"fc8d62"
5,31000001,33000000,0.00285318,"fc8d62"
5,32000001,34000000,0.00346793,"fc8d62"
5,33000001,35000000,0.00256545,"fc8d62"
5,34000001,36000000,0.00200817,"fc8d62"
5,35000001,37000000,0.00212388,"fc8d62"
5,36000001,38000000,0.00132492,"fc8d62"
5,37000001,39000000,0.00153548,"fc8d62"
5,38000001,40000000,0.00218797,"fc8d62"
5,39000001,41000000,0.00263471,"fc8d62"
5,40000001,42000000,0.00244609,"fc8d62"
5,41000001,43000000,0.00161207,"fc8d62"
5,42000001,44000000,0.00148267,"fc8d62"
5,43000001,45000000,0.00183627,"fc8d62"
5,44000001,45443526,0.00163256,"fc8d62"
5,45000001,45443526,0.000547048,"fc8d62"
6,1,2000000,0.0021783,"fc8d62"
6,1000001,3000000,0.00211803,"fc8d62"
6,2000001,4000000,0.00256058,"fc8d62"
6,3000001,5000000,0.00317148,"fc8d62"
6,4000001,6000000,0.00300645,"fc8d62"
6,5000001,7000000,0.00340004,"fc8d62"
6,6000001,8000000,0.00283874,"fc8d62"
6,7000001,9000000,0.00253108,"fc8d62"
6,8000001,10000000,0.0030541,"fc8d62"
6,9000001,11000000,0.00337222,"fc8d62"
6,10000001,12000000,0.00314793,"fc8d62"
6,11000001,13000000,0.00231732,"fc8d62"
6,12000001,14000000,0.00197063,"fc8d62"
6,13000001,15000000,0.00195957,"fc8d62"
6,14000001,16000000,0.00210158,"fc8d62"
6,15000001,17000000,0.00268774,"fc8d62"
6,16000001,18000000,0.0027638,"fc8d62"
6,17000001,19000000,0.00262757,"fc8d62"
6,18000001,20000000,0.00238429,"fc8d62"
6,19000001,21000000,0.00196829,"fc8d62"
6,20000001,22000000,0.00241431,"fc8d62"
6,21000001,23000000,0.00215788,"fc8d62"
6,22000001,24000000,0.00156078,"fc8d62"
6,23000001,25000000,0.00206344,"fc8d62"
6,24000001,26000000,0.00251305,"fc8d62"
6,25000001,27000000,0.00266739,"fc8d62"
6,26000001,28000000,0.00217539,"fc8d62"
6,27000001,29000000,0.00193475,"fc8d62"
6,28000001,30000000,0.00211027,"fc8d62"
6,29000001,31000000,0.00203123,"fc8d62"
6,30000001,32000000,0.00243429,"fc8d62"
6,31000001,33000000,0.00249381,"fc8d62"
6,32000001,34000000,0.00221275,"fc8d62"
6,33000001,35000000,0.0020406,"fc8d62"
6,34000001,35772468,0.0016945,"fc8d62"
6,35000001,35772468,0.000728102,"fc8d62"
7,1,2000000,0.00218248,"fc8d62"
7,1000001,3000000,0.0020601,"fc8d62"
7,2000001,4000000,0.00223759,"fc8d62"
7,3000001,5000000,0.00277219,"fc8d62"
7,4000001,6000000,0.00266028,"fc8d62"
7,5000001,7000000,0.0025137,"fc8d62"
7,6000001,8000000,0.00250246,"fc8d62"
7,7000001,9000000,0.00303615,"fc8d62"
7,8000001,10000000,0.00331776,"fc8d62"
7,9000001,11000000,0.00236018,"fc8d62"
7,10000001,12000000,0.00210008,"fc8d62"
7,11000001,13000000,0.00219447,"fc8d62"
7,12000001,14000000,0.00279653,"fc8d62"
7,13000001,15000000,0.00263079,"fc8d62"
7,14000001,16000000,0.00184617,"fc8d62"
7,15000001,17000000,0.0018038,"fc8d62"
7,16000001,18000000,0.00214168,"fc8d62"
7,17000001,19000000,0.00235497,"fc8d62"
7,18000001,20000000,0.00241893,"fc8d62"
7,19000001,21000000,0.00196603,"fc8d62"
7,20000001,22000000,0.00161012,"fc8d62"
7,21000001,23000000,0.00210216,"fc8d62"
7,22000001,24000000,0.00282013,"fc8d62"
7,23000001,25000000,0.0025827,"fc8d62"
7,24000001,26000000,0.00210236,"fc8d62"
7,25000001,27000000,0.00292185,"fc8d62"
7,26000001,28000000,0.00272139,"fc8d62"
7,27000001,28624509,0.00188741,"fc8d62"
7,28000001,28624509,0.00091617,"fc8d62"
8,1,2000000,0.00144337,"fc8d62"
8,1000001,3000000,0.0014515,"fc8d62"
8,2000001,4000000,0.00209857,"fc8d62"
8,3000001,5000000,0.00193614,"fc8d62"
8,4000001,6000000,0.00147934,"fc8d62"
8,5000001,7000000,0.00250658,"fc8d62"
8,6000001,8000000,0.00346598,"fc8d62"
8,7000001,9000000,0.00290417,"fc8d62"
8,8000001,10000000,0.00214919,"fc8d62"
8,9000001,11000000,0.00247838,"fc8d62"
8,10000001,12000000,0.00292127,"fc8d62"
8,11000001,13000000,0.00274367,"fc8d62"
8,12000001,14000000,0.0024351,"fc8d62"
8,13000001,15000000,0.0023123,"fc8d62"
8,14000001,16000000,0.0024794,"fc8d62"
8,15000001,17000000,0.00223096,"fc8d62"
8,16000001,18000000,0.00191101,"fc8d62"
8,17000001,19000000,0.0022118,"fc8d62"
8,18000001,20000000,0.00264027,"fc8d62"
8,19000001,21000000,0.00288847,"fc8d62"
8,20000001,22000000,0.00309519,"fc8d62"
8,21000001,23000000,0.00245746,"fc8d62"
8,22000001,24000000,0.00168886,"fc8d62"
8,23000001,25000000,0.00208665,"fc8d62"
8,24000001,26000000,0.00177109,"fc8d62"
8,25000001,27000000,0.00199898,"fc8d62"
8,26000001,28000000,0.00203847,"fc8d62"
8,27000001,29000000,0.00138155,"fc8d62"
8,28000001,30000000,0.00201525,"fc8d62"
8,29000001,31000000,0.00232267,"fc8d62"
8,30000001,32000000,0.00194674,"fc8d62"
8,31000001,33000000,0.00179318,"fc8d62"
8,32000001,34000000,0.00203756,"fc8d62"
8,33000001,35000000,0.00248129,"fc8d62"
8,34000001,36000000,0.00241748,"fc8d62"
8,35000001,37000000,0.00236096,"fc8d62"
8,36000001,38000000,0.00247028,"fc8d62"
8,37000001,39000000,0.00235728,"fc8d62"
8,38000001,40000000,0.00213155,"fc8d62"
8,39000001,41000000,0.00192033,"fc8d62"
8,40000001,42000000,0.00203851,"fc8d62"
8,41000001,43000000,0.0023922,"fc8d62"
8,42000001,44000000,0.00308751,"fc8d62"
8,43000001,45000000,0.00294241,"fc8d62"
8,44000001,46000000,0.00232721,"fc8d62"
8,45000001,47000000,0.00205425,"fc8d62"
8,46000001,48000000,0.00245583,"fc8d62"
8,47000001,49000000,0.00277481,"fc8d62"
8,48000001,50000000,0.00337625,"fc8d62"
8,49000001,51000000,0.002891,"fc8d62"
8,50000001,52000000,0.00152286,"fc8d62"
8,51000001,53000000,0.00219859,"fc8d62"
8,52000001,54000000,0.00266563,"fc8d62"
8,53000001,55000000,0.00194826,"fc8d62"
8,54000001,56000000,0.00174868,"fc8d62"
8,55000001,57000000,0.00205001,"fc8d62"
8,56000001,58000000,0.0023947,"fc8d62"
8,57000001,59000000,0.00241366,"fc8d62"
8,58000001,60000000,0.00210093,"fc8d62"
8,59000001,61000000,0.00210549,"fc8d62"
8,60000001,62000000,0.00214513,"fc8d62"
8,61000001,63000000,0.00228512,"fc8d62"
8,62000001,64000000,0.00190879,"fc8d62"
8,63000001,65000000,0.00154024,"fc8d62"
8,64000001,66000000,0.00196209,"fc8d62"
8,65000001,67000000,0.00218033,"fc8d62"
8,66000001,68000000,0.00231391,"fc8d62"
8,67000001,69000000,0.00265589,"fc8d62"
8,68000001,70000000,0.00258345,"fc8d62"
8,69000001,71000000,0.00241596,"fc8d62"
8,70000001,72000000,0.00279248,"fc8d62"
8,71000001,73000000,0.00249761,"fc8d62"
8,72000001,74000000,0.00295049,"fc8d62"
8,73000001,75000000,0.00284266,"fc8d62"
8,74000001,76000000,0.00200415,"fc8d62"
8,75000001,77000000,0.00316709,"fc8d62"
8,76000001,78000000,0.00378056,"fc8d62"
8,77000001,79000000,0.00322298,"fc8d62"
8,78000001,80000000,0.00257727,"fc8d62"
8,79000001,81000000,0.00303174,"fc8d62"
8,80000001,82000000,0.00363016,"fc8d62"
8,81000001,83000000,0.0027299,"fc8d62"
8,82000001,84000000,0.00204072,"fc8d62"
8,83000001,85000000,0.00272908,"fc8d62"
8,84000001,86000000,0.00309356,"fc8d62"
8,85000001,87000000,0.00278298,"fc8d62"
8,86000001,88000000,0.00209256,"fc8d62"
8,87000001,89000000,0.001946,"fc8d62"
8,88000001,90000000,0.00282844,"fc8d62"
8,89000001,91000000,0.00296871,"fc8d62"
8,90000001,92000000,0.00291716,"fc8d62"
8,91000001,93000000,0.0031471,"fc8d62"
8,92000001,94000000,0.00289635,"fc8d62"
8,93000001,95000000,0.00224364,"fc8d62"
8,94000001,96000000,0.00264196,"fc8d62"
8,95000001,97000000,0.00327969,"fc8d62"
8,96000001,98000000,0.00297057,"fc8d62"
8,97000001,99000000,0.00266401,"fc8d62"
8,98000001,100000000,0.00219372,"fc8d62"
8,99000001,101000000,0.0020497,"fc8d62"
8,100000001,102000000,0.00205222,"fc8d62"
8,101000001,103000000,0.00245223,"fc8d62"
8,102000001,104000000,0.00288561,"fc8d62"
8,103000001,105000000,0.00263794,"fc8d62"
8,104000001,106000000,0.00269416,"fc8d62"
8,105000001,107000000,0.00246182,"fc8d62"
8,106000001,108000000,0.00207116,"fc8d62"
8,107000001,109000000,0.00205152,"fc8d62"
8,108000001,110000000,0.00236165,"fc8d62"
8,109000001,111000000,0.00258418,"fc8d62"
8,110000001,112000000,0.00234872,"fc8d62"
8,111000001,113000000,0.0025976,"fc8d62"
8,112000001,114000000,0.00299795,"fc8d62"
8,113000001,115000000,0.00290142,"fc8d62"
8,114000001,116000000,0.00248957,"fc8d62"
8,115000001,117000000,0.00201612,"fc8d62"
8,116000001,118000000,0.00246784,"fc8d62"
8,117000001,119000000,0.0030021,"fc8d62"
8,118000001,120000000,0.00241978,"fc8d62"
8,119000001,121000000,0.00200238,"fc8d62"
8,120000001,122000000,0.00191057,"fc8d62"
8,121000001,123000000,0.00172795,"fc8d62"
8,122000001,124000000,0.00210723,"fc8d62"
8,123000001,125000000,0.00226856,"fc8d62"
8,124000001,126000000,0.00192059,"fc8d62"
8,125000001,127000000,0.00235957,"fc8d62"
8,126000001,128000000,0.00258663,"fc8d62"
8,127000001,129000000,0.00206078,"fc8d62"
8,128000001,130000000,0.00223794,"fc8d62"
8,129000001,131000000,0.00250199,"fc8d62"
8,130000001,132000000,0.00177124,"fc8d62"
8,131000001,133000000,0.00149409,"fc8d62"
8,132000001,134000000,0.0020922,"fc8d62"
8,133000001,135000000,0.0022911,"fc8d62"
8,134000001,136000000,0.00260887,"fc8d62"
8,135000001,137000000,0.00255077,"fc8d62"
8,136000001,138000000,0.00230257,"fc8d62"
8,137000001,139000000,0.00255042,"fc8d62"
8,138000001,140000000,0.00279155,"fc8d62"
8,139000001,141000000,0.00274818,"fc8d62"
8,140000001,142000000,0.00259111,"fc8d62"
8,141000001,143000000,0.0025127,"fc8d62"
8,142000001,144000000,0.00261373,"fc8d62"
8,143000001,145000000,0.0026283,"fc8d62"
8,144000001,146000000,0.00238591,"fc8d62"
8,145000001,147000000,0.00222368,"fc8d62"
8,146000001,148000000,0.00204514,"fc8d62"
8,147000001,149000000,0.00222432,"fc8d62"
8,148000001,150000000,0.00273432,"fc8d62"
8,149000001,151000000,0.00268861,"fc8d62"
8,150000001,152000000,0.00286877,"fc8d62"
8,151000001,153000000,0.00292295,"fc8d62"
8,152000001,154000000,0.00291383,"fc8d62"
8,153000001,155000000,0.00310388,"fc8d62"
8,154000001,156000000,0.00280132,"fc8d62"
8,155000001,157000000,0.00258387,"fc8d62"
8,156000001,158000000,0.00249217,"fc8d62"
8,157000001,159000000,0.00227322,"fc8d62"
8,158000001,160000000,0.0021583,"fc8d62"
8,159000001,161000000,0.00246884,"fc8d62"
8,160000001,162000000,0.00253483,"fc8d62"
8,161000001,163000000,0.00210928,"fc8d62"
8,162000001,164000000,0.00253677,"fc8d62"
8,163000001,165000000,0.00302114,"fc8d62"
8,164000001,166000000,0.00278518,"fc8d62"
8,165000001,167000000,0.00259685,"fc8d62"
8,166000001,168000000,0.00217254,"fc8d62"
8,167000001,169000000,0.00232277,"fc8d62"
8,168000001,170000000,0.0026376,"fc8d62"
8,169000001,171000000,0.00289786,"fc8d62"
8,170000001,172000000,0.00283617,"fc8d62"
8,171000001,173000000,0.00226364,"fc8d62"
8,172000001,174000000,0.0018097,"fc8d62"
8,173000001,175000000,0.00213379,"fc8d62"
8,174000001,176000000,0.00254799,"fc8d62"
8,175000001,177000000,0.00255982,"fc8d62"
8,176000001,178000000,0.00269603,"fc8d62"
8,177000001,179000000,0.00264779,"fc8d62"
8,178000001,180000000,0.00258882,"fc8d62"
8,179000001,181000000,0.00278167,"fc8d62"
8,180000001,182000000,0.00257574,"fc8d62"
8,181000001,183000000,0.00249189,"fc8d62"
8,182000001,184000000,0.00269171,"fc8d62"
8,183000001,185000000,0.00284285,"fc8d62"
8,184000001,186000000,0.00281695,"fc8d62"
8,185000001,187000000,0.00215846,"fc8d62"
8,186000001,188000000,0.00214811,"fc8d62"
8,187000001,189000000,0.00199699,"fc8d62"
8,188000001,190000000,0.00226815,"fc8d62"
8,189000001,191000000,0.00300805,"fc8d62"
8,190000001,192000000,0.00273599,"fc8d62"
8,191000001,193000000,0.00228992,"fc8d62"
8,192000001,194000000,0.00252527,"fc8d62"
8,193000001,195000000,0.00314137,"fc8d62"
8,194000001,195669025,0.00275773,"fc8d62"
8,195000001,195669025,0.00109055,"fc8d62"
9,1,2000000,0.00177639,"fc8d62"
9,1000001,3000000,0.00210264,"fc8d62"
9,2000001,4000000,0.0023113,"fc8d62"
9,3000001,5000000,0.00249758,"fc8d62"
9,4000001,6000000,0.00236264,"fc8d62"
9,5000001,7000000,0.00207382,"fc8d62"
9,6000001,8000000,0.00207682,"fc8d62"
9,7000001,9000000,0.00221596,"fc8d62"
9,8000001,10000000,0.0017079,"fc8d62"
9,9000001,11000000,0.00184981,"fc8d62"
9,10000001,12000000,0.00232721,"fc8d62"
9,11000001,13000000,0.0025398,"fc8d62"
9,12000001,14000000,0.0026059,"fc8d62"
9,13000001,15000000,0.00269321,"fc8d62"
9,14000001,16000000,0.00245456,"fc8d62"
9,15000001,17000000,0.00242724,"fc8d62"
9,16000001,18000000,0.00253703,"fc8d62"
9,17000001,19000000,0.00171964,"fc8d62"
9,18000001,20000000,0.00162565,"fc8d62"
9,19000001,21000000,0.00236604,"fc8d62"
9,20000001,22000000,0.00194768,"fc8d62"
9,21000001,23000000,0.00192124,"fc8d62"
9,22000001,24000000,0.00250382,"fc8d62"
9,23000001,25000000,0.00235219,"fc8d62"
9,24000001,26000000,0.00212353,"fc8d62"
9,25000001,27000000,0.0018587,"fc8d62"
9,26000001,28000000,0.00244938,"fc8d62"
9,27000001,29000000,0.00265082,"fc8d62"
9,28000001,30000000,0.00242125,"fc8d62"
9,29000001,31000000,0.00295572,"fc8d62"
9,30000001,32000000,0.0025752,"fc8d62"
9,31000001,33000000,0.0016104,"fc8d62"
9,32000001,34000000,0.00193781,"fc8d62"
9,33000001,35000000,0.00232486,"fc8d62"
9,34000001,36000000,0.00208236,"fc8d62"
9,35000001,37000000,0.0017487,"fc8d62"
9,36000001,38000000,0.0018725,"fc8d62"
9,37000001,39000000,0.00230629,"fc8d62"
9,38000001,40000000,0.00242656,"fc8d62"
9,39000001,41000000,0.00257126,"fc8d62"
9,40000001,42000000,0.00278107,"fc8d62"
9,41000001,43000000,0.00239964,"fc8d62"
9,42000001,44000000,0.00189673,"fc8d62"
9,43000001,45000000,0.00177994,"fc8d62"
9,44000001,46000000,0.0013001,"fc8d62"
9,45000001,47000000,0.00202568,"fc8d62"
9,46000001,48000000,0.00271703,"fc8d62"
9,47000001,49000000,0.00231531,"fc8d62"
9,48000001,50000000,0.00239339,"fc8d62"
9,49000001,51000000,0.00272038,"fc8d62"
9,50000001,52000000,0.00279649,"fc8d62"
9,51000001,53000000,0.00285497,"fc8d62"
9,52000001,54000000,0.00261287,"fc8d62"
9,53000001,55000000,0.00213909,"fc8d62"
9,54000001,55551413,0.00144653,"fc8d62"
9,55000001,55551413,0.000405328,"fc8d62"
