1000434	2	/share/home/grp-wangyf/Result_NUMT/1-NUMTs//1000434/1000434.mt.disc.sam	/share/home/grp-wangyf/Result_NUMT/1-NUMTs//1000434/1000434.mt.split.sam	/share/home/grp-wangyf/lidingyang/GPU_GATK_result_hg38_noaltcontig/JN400/1000434/bwa/1000434.GPU.BQSR.no_alt.cram	chr1	631414	632499
1000434	6	/share/home/grp-wangyf/Result_NUMT/1-NUMTs//1000434/1000434.mt.disc.sam	/share/home/grp-wangyf/Result_NUMT/1-NUMTs//1000434/1000434.mt.split.sam	/share/home/grp-wangyf/lidingyang/GPU_GATK_result_hg38_noaltcontig/JN400/1000434/bwa/1000434.GPU.BQSR.no_alt.cram	chr1	118141557	118142709
1000434	21	/share/home/grp-wangyf/Result_NUMT/1-NUMTs//1000434/1000434.mt.disc.sam	/share/home/grp-wangyf/Result_NUMT/1-NUMTs//1000434/1000434.mt.split.sam	/share/home/grp-wangyf/lidingyang/GPU_GATK_result_hg38_noaltcontig/JN400/1000434/bwa/1000434.GPU.BQSR.no_alt.cram	chr11	49861343	49862761
1000434	136	/share/home/grp-wangyf/Result_NUMT/1-NUMTs//1000434/1000434.mt.disc.sam	/share/home/grp-wangyf/Result_NUMT/1-NUMTs//1000434/1000434.mt.split.sam	/share/home/grp-wangyf/lidingyang/GPU_GATK_result_hg38_noaltcontig/JN400/1000434/bwa/1000434.GPU.BQSR.no_alt.cram	chr17	22520868	22521875
1000434	6	/share/home/grp-wangyf/Result_NUMT/1-NUMTs//1000434/1000434.mt.disc.sam	/share/home/grp-wangyf/Result_NUMT/1-NUMTs//1000434/1000434.mt.split.sam	/share/home/grp-wangyf/lidingyang/GPU_GATK_result_hg38_noaltcontig/JN400/1000434/bwa/1000434.GPU.BQSR.no_alt.cram	chr21	9675759	9677117
1000434	3	/share/home/grp-wangyf/Result_NUMT/1-NUMTs//1000434/1000434.mt.disc.sam	/share/home/grp-wangyf/Result_NUMT/1-NUMTs//1000434/1000434.mt.split.sam	/share/home/grp-wangyf/lidingyang/GPU_GATK_result_hg38_noaltcontig/JN400/1000434/bwa/1000434.GPU.BQSR.no_alt.cram	chr21	21707712	21708879
1000434	3	/share/home/grp-wangyf/Result_NUMT/1-NUMTs//1000434/1000434.mt.disc.sam	/share/home/grp-wangyf/Result_NUMT/1-NUMTs//1000434/1000434.mt.split.sam	/share/home/grp-wangyf/lidingyang/GPU_GATK_result_hg38_noaltcontig/JN400/1000434/bwa/1000434.GPU.BQSR.no_alt.cram	chr3	93469882	93471146
1000434	11	/share/home/grp-wangyf/Result_NUMT/1-NUMTs//1000434/1000434.mt.disc.sam	/share/home/grp-wangyf/Result_NUMT/1-NUMTs//1000434/1000434.mt.split.sam	/share/home/grp-wangyf/lidingyang/GPU_GATK_result_hg38_noaltcontig/JN400/1000434/bwa/1000434.GPU.BQSR.no_alt.cram	chr9	129026	130367
1000592	16	/share/home/grp-wangyf/Result_NUMT/1-NUMTs//1000592/1000592.mt.disc.sam	/share/home/grp-wangyf/Result_NUMT/1-NUMTs//1000592/1000592.mt.split.sam	/share/home/grp-wangyf/lidingyang/GPU_GATK_result_hg38_noaltcontig/JN400/1000592/bwa/1000592.GPU.BQSR.no_alt.cram	chr11	49861335	49862714
1000592	8	/share/home/grp-wangyf/Result_NUMT/1-NUMTs//1000592/1000592.mt.disc.sam	/share/home/grp-wangyf/Result_NUMT/1-NUMTs//1000592/1000592.mt.split.sam	/share/home/grp-wangyf/lidingyang/GPU_GATK_result_hg38_noaltcontig/JN400/1000592/bwa/1000592.GPU.BQSR.no_alt.cram	chr11	100144104	100145558
1000592	120	/share/home/grp-wangyf/Result_NUMT/1-NUMTs//1000592/1000592.mt.disc.sam	/share/home/grp-wangyf/Result_NUMT/1-NUMTs//1000592/1000592.mt.split.sam	/share/home/grp-wangyf/lidingyang/GPU_GATK_result_hg38_noaltcontig/JN400/1000592/bwa/1000592.GPU.BQSR.no_alt.cram	chr17	22520868	22521877
1000592	18	/share/home/grp-wangyf/Result_NUMT/1-NUMTs//1000592/1000592.mt.disc.sam	/share/home/grp-wangyf/Result_NUMT/1-NUMTs//1000592/1000592.mt.split.sam	/share/home/grp-wangyf/lidingyang/GPU_GATK_result_hg38_noaltcontig/JN400/1000592/bwa/1000592.GPU.BQSR.no_alt.cram	chr2	133739856	133741374
1000592	4	/share/home/grp-wangyf/Result_NUMT/1-NUMTs//1000592/1000592.mt.disc.sam	/share/home/grp-wangyf/Result_NUMT/1-NUMTs//1000592/1000592.mt.split.sam	/share/home/grp-wangyf/lidingyang/GPU_GATK_result_hg38_noaltcontig/JN400/1000592/bwa/1000592.GPU.BQSR.no_alt.cram	chr4	126418246	126419624
1000592	16	/share/home/grp-wangyf/Result_NUMT/1-NUMTs//1000592/1000592.mt.disc.sam	/share/home/grp-wangyf/Result_NUMT/1-NUMTs//1000592/1000592.mt.split.sam	/share/home/grp-wangyf/lidingyang/GPU_GATK_result_hg38_noaltcontig/JN400/1000592/bwa/1000592.GPU.BQSR.no_alt.cram	chr9	128947	130361
1000592	2	/share/home/grp-wangyf/Result_NUMT/1-NUMTs//1000592/1000592.mt.disc.sam	/share/home/grp-wangyf/Result_NUMT/1-NUMTs//1000592/1000592.mt.split.sam	/share/home/grp-wangyf/lidingyang/GPU_GATK_result_hg38_noaltcontig/JN400/1000592/bwa/1000592.GPU.BQSR.no_alt.cram	chr9	65724609	65725650
1000612	4	/share/home/grp-wangyf/Result_NUMT/1-NUMTs//1000612/1000612.mt.disc.sam	/share/home/grp-wangyf/Result_NUMT/1-NUMTs//1000612/1000612.mt.split.sam	/share/home/grp-wangyf/lidingyang/GPU_GATK_result_hg38_noaltcontig/JN400/1000612/bwa/1000612.GPU.BQSR.no_alt.cram	chr1	628611	630427
1000612	3	/share/home/grp-wangyf/Result_NUMT/1-NUMTs//1000612/1000612.mt.disc.sam	/share/home/grp-wangyf/Result_NUMT/1-NUMTs//1000612/1000612.mt.split.sam	/share/home/grp-wangyf/lidingyang/GPU_GATK_result_hg38_noaltcontig/JN400/1000612/bwa/1000612.GPU.BQSR.no_alt.cram	chr1	631495	633047
1000612	3	/share/home/grp-wangyf/Result_NUMT/1-NUMTs//1000612/1000612.mt.disc.sam	/share/home/grp-wangyf/Result_NUMT/1-NUMTs//1000612/1000612.mt.split.sam	/share/home/grp-wangyf/lidingyang/GPU_GATK_result_hg38_noaltcontig/JN400/1000612/bwa/1000612.GPU.BQSR.no_alt.cram	chr1	633513	635331
1000612	6	/share/home/grp-wangyf/Result_NUMT/1-NUMTs//1000612/1000612.mt.disc.sam	/share/home/grp-wangyf/Result_NUMT/1-NUMTs//1000612/1000612.mt.split.sam	/share/home/grp-wangyf/lidingyang/GPU_GATK_result_hg38_noaltcontig/JN400/1000612/bwa/1000612.GPU.BQSR.no_alt.cram	chr1	59195042	59196490
1000612	41	/share/home/grp-wangyf/Result_NUMT/1-NUMTs//1000612/1000612.mt.disc.sam	/share/home/grp-wangyf/Result_NUMT/1-NUMTs//1000612/1000612.mt.split.sam	/share/home/grp-wangyf/lidingyang/GPU_GATK_result_hg38_noaltcontig/JN400/1000612/bwa/1000612.GPU.BQSR.no_alt.cram	chr11	49861272	49862678
1000612	2	/share/home/grp-wangyf/Result_NUMT/1-NUMTs//1000612/1000612.mt.disc.sam	/share/home/grp-wangyf/Result_NUMT/1-NUMTs//1000612/1000612.mt.split.sam	/share/home/grp-wangyf/lidingyang/GPU_GATK_result_hg38_noaltcontig/JN400/1000612/bwa/1000612.GPU.BQSR.no_alt.cram	chr13	16329669	16330674
1000612	2	/share/home/grp-wangyf/Result_NUMT/1-NUMTs//1000612/1000612.mt.disc.sam	/share/home/grp-wangyf/Result_NUMT/1-NUMTs//1000612/1000612.mt.split.sam	/share/home/grp-wangyf/lidingyang/GPU_GATK_result_hg38_noaltcontig/JN400/1000612/bwa/1000612.GPU.BQSR.no_alt.cram	chr13	109423660	109424673
1000612	189	/share/home/grp-wangyf/Result_NUMT/1-NUMTs//1000612/1000612.mt.disc.sam	/share/home/grp-wangyf/Result_NUMT/1-NUMTs//1000612/1000612.mt.split.sam	/share/home/grp-wangyf/lidingyang/GPU_GATK_result_hg38_noaltcontig/JN400/1000612/bwa/1000612.GPU.BQSR.no_alt.cram	chr17	22520867	22521871
1000612	2	/share/home/grp-wangyf/Result_NUMT/1-NUMTs//1000612/1000612.mt.disc.sam	/share/home/grp-wangyf/Result_NUMT/1-NUMTs//1000612/1000612.mt.split.sam	/share/home/grp-wangyf/lidingyang/GPU_GATK_result_hg38_noaltcontig/JN400/1000612/bwa/1000612.GPU.BQSR.no_alt.cram	chr3	93470140	93471146
1000612	5	/share/home/grp-wangyf/Result_NUMT/1-NUMTs//1000612/1000612.mt.disc.sam	/share/home/grp-wangyf/Result_NUMT/1-NUMTs//1000612/1000612.mt.split.sam	/share/home/grp-wangyf/lidingyang/GPU_GATK_result_hg38_noaltcontig/JN400/1000612/bwa/1000612.GPU.BQSR.no_alt.cram	chr4	86138199	86139694
1000612	20	/share/home/grp-wangyf/Result_NUMT/1-NUMTs//1000612/1000612.mt.disc.sam	/share/home/grp-wangyf/Result_NUMT/1-NUMTs//1000612/1000612.mt.split.sam	/share/home/grp-wangyf/lidingyang/GPU_GATK_result_hg38_noaltcontig/JN400/1000612/bwa/1000612.GPU.BQSR.no_alt.cram	chr5	32337691	32339178
HG001	3	/mnt/d/5-NCBI-Reference/3-Human/example/output/HG001/HG001.mt.disc.sam	/mnt/d/5-NCBI-Reference/3-Human/example/output/HG001/HG001.mt.split.sam	/mnt/d/5-NCBI-Reference/3-Human/example/HG001.bam	chr1	633396	634413
HG001	2	/mnt/d/5-NCBI-Reference/3-Human/example/output/HG001/HG001.mt.disc.sam	/mnt/d/5-NCBI-Reference/3-Human/example/output/HG001/HG001.mt.split.sam	/mnt/d/5-NCBI-Reference/3-Human/example/HG001.bam	chr11	49861375	49862857
HG001	3	/mnt/d/5-NCBI-Reference/3-Human/example/output/HG001/HG001.mt.disc.sam	/mnt/d/5-NCBI-Reference/3-Human/example/output/HG001/HG001.mt.split.sam	/mnt/d/5-NCBI-Reference/3-Human/example/HG001.bam	chr5	32337638	32339095
HG002	3	/mnt/d/5-NCBI-Reference/3-Human/example/output/HG002/HG002.mt.disc.sam	/mnt/d/5-NCBI-Reference/3-Human/example/output/HG002/HG002.mt.split.sam	/mnt/d/5-NCBI-Reference/3-Human/example/HG002_5X.bam	chr1	633402	634418
HG002	4	/mnt/d/5-NCBI-Reference/3-Human/example/output/HG002/HG002.mt.disc.sam	/mnt/d/5-NCBI-Reference/3-Human/example/output/HG002/HG002.mt.split.sam	/mnt/d/5-NCBI-Reference/3-Human/example/HG002_5X.bam	chr11	49861520	49862789
HG002	5	/mnt/d/5-NCBI-Reference/3-Human/example/output/HG002/HG002.mt.disc.sam	/mnt/d/5-NCBI-Reference/3-Human/example/output/HG002/HG002.mt.split.sam	/mnt/d/5-NCBI-Reference/3-Human/example/HG002_5X.bam	chr21	9675697	9677286
HG002	3	/mnt/d/5-NCBI-Reference/3-Human/example/output/HG002/HG002.mt.disc.sam	/mnt/d/5-NCBI-Reference/3-Human/example/output/HG002/HG002.mt.split.sam	/mnt/d/5-NCBI-Reference/3-Human/example/HG002_5X.bam	chr5	32337782	32339138
HG002	2	/mnt/d/5-NCBI-Reference/3-Human/example/output/HG002/HG002.mt.disc.sam	/mnt/d/5-NCBI-Reference/3-Human/example/output/HG002/HG002.mt.split.sam	/mnt/d/5-NCBI-Reference/3-Human/example/HG002_5X.bam	chr9	129055	130496
HG003	2	/mnt/d/5-NCBI-Reference/3-Human/example/output/HG003/HG003.mt.disc.sam	/mnt/d/5-NCBI-Reference/3-Human/example/output/HG003/HG003.mt.split.sam	/mnt/d/5-NCBI-Reference/3-Human/example/HG003_5X.bam	chr11	49861232	49862244
HG003	2	/mnt/d/5-NCBI-Reference/3-Human/example/output/HG003/HG003.mt.disc.sam	/mnt/d/5-NCBI-Reference/3-Human/example/output/HG003/HG003.mt.split.sam	/mnt/d/5-NCBI-Reference/3-Human/example/HG003_5X.bam	chr17	22520868	22521868
HG004	4	/mnt/d/5-NCBI-Reference/3-Human/example/output/HG004/HG004.mt.disc.sam	/mnt/d/5-NCBI-Reference/3-Human/example/output/HG004/HG004.mt.split.sam	/mnt/d/5-NCBI-Reference/3-Human/example/HG004_5X.bam	chr1	633426	634463
HG004	2	/mnt/d/5-NCBI-Reference/3-Human/example/output/HG004/HG004.mt.disc.sam	/mnt/d/5-NCBI-Reference/3-Human/example/output/HG004/HG004.mt.split.sam	/mnt/d/5-NCBI-Reference/3-Human/example/HG004_5X.bam	chr11	49861615	49862641
HG004	5	/mnt/d/5-NCBI-Reference/3-Human/example/output/HG004/HG004.mt.disc.sam	/mnt/d/5-NCBI-Reference/3-Human/example/output/HG004/HG004.mt.split.sam	/mnt/d/5-NCBI-Reference/3-Human/example/HG004_5X.bam	chr21	9675484	9676754
HG004	3	/mnt/d/5-NCBI-Reference/3-Human/example/output/HG004/HG004.mt.disc.sam	/mnt/d/5-NCBI-Reference/3-Human/example/output/HG004/HG004.mt.split.sam	/mnt/d/5-NCBI-Reference/3-Human/example/HG004_5X.bam	chr5	32337431	32338722
HG006	4	/mnt/d/5-NCBI-Reference/3-Human/example/output/HG006/HG006.mt.disc.sam	/mnt/d/5-NCBI-Reference/3-Human/example/output/HG006/HG006.mt.split.sam	/mnt/d/5-NCBI-Reference/3-Human/example/HG006_5X.bam	chr1	633434	634463
HG006	5	/mnt/d/5-NCBI-Reference/3-Human/example/output/HG006/HG006.mt.disc.sam	/mnt/d/5-NCBI-Reference/3-Human/example/output/HG006/HG006.mt.split.sam	/mnt/d/5-NCBI-Reference/3-Human/example/HG006_5X.bam	chr11	49861573	49862793
HG006	4	/mnt/d/5-NCBI-Reference/3-Human/example/output/HG006/HG006.mt.disc.sam	/mnt/d/5-NCBI-Reference/3-Human/example/output/HG006/HG006.mt.split.sam	/mnt/d/5-NCBI-Reference/3-Human/example/HG006_5X.bam	chr17	22520868	22521877
HG006	2	/mnt/d/5-NCBI-Reference/3-Human/example/output/HG006/HG006.mt.disc.sam	/mnt/d/5-NCBI-Reference/3-Human/example/output/HG006/HG006.mt.split.sam	/mnt/d/5-NCBI-Reference/3-Human/example/HG006_5X.bam	chr2	33666443	33667605
HG006	2	/mnt/d/5-NCBI-Reference/3-Human/example/output/HG006/HG006.mt.disc.sam	/mnt/d/5-NCBI-Reference/3-Human/example/output/HG006/HG006.mt.split.sam	/mnt/d/5-NCBI-Reference/3-Human/example/HG006_5X.bam	chr2	33667252	33668265
HG006	4	/mnt/d/5-NCBI-Reference/3-Human/example/output/HG006/HG006.mt.disc.sam	/mnt/d/5-NCBI-Reference/3-Human/example/output/HG006/HG006.mt.split.sam	/mnt/d/5-NCBI-Reference/3-Human/example/HG006_5X.bam	chr20	21473736	21475180
