0	1000434	chr11_49861843_49862261_chrMboth_16089_16477	21	21	1
1	1000434	chr17_22521368_22521375_chrMboth_1_16485	136	136	1
2	1000434	chr1_118142057_118142209_chrMboth_2584_2584	6	6	1
3	1000434	chr1_631914_631999_chrMboth_6505_6934	2	2	1
4	1000434	chr21_21708212_21708379_chrMboth_5713_5731	3	3	1
5	1000434	chr21_9676259_9676617_chrMboth_12361_13001	6	6	1
6	1000434	chr3_93470382_93470646_chrMboth_5829_15997	3	3	1
7	1000434	chr9_129526_129867_chrMboth_6225_6346	11	11	1
0	1000592	chr11_100144604_100145058_chrMboth_11499_11503	8	8	1
1	1000592	chr11_49861835_49862214_chrMboth_16089_16464	16	16	1
2	1000592	chr17_22521368_22521377_chrMboth_1_16479	120	120	1
3	1000592	chr2_133740356_133740874_chrMboth_1_16459	18	18	1
4	1000592	chr4_126418746_126419124_chrMboth_14031_14031	4	4	1
5	1000592	chr9_129447_129861_chrMboth_6225_6316	16	16	1
6	1000592	chr9_65725109_65725150_chrMboth_6239_6281	2	2	1
0	1000612	chr11_49861772_49862178_chrMboth_16089_16470	41	41	1
1	1000612	chr13_109424160_109424173_chrMboth_854_976	2	2	1
2	1000612	chr13_16330169_16330174_chrMboth_833_833	2	2	1
3	1000612	chr17_22521367_22521371_chrMboth_1_16491	189	189	1
4	1000612	chr1_59195542_59195990_chrMboth_15421_15421	6	6	1
5	1000612	chr1_629111_629927_chrMboth_3601_4932	4	4	1
6	1000612	chr1_631995_632547_chrMboth_6593_7064	3	3	1
7	1000612	chr1_634013_634831_chrMboth_8612_9862	3	3	1
8	1000612	chr3_93470640_93470646_chrMboth_12981_16440	2	2	1
9	1000612	chr4_86138699_86139194_chrMboth_6148_6148	5	5	1
10	1000612	chr5_32338191_32338678_chrMboth_12720_14905	20	20	1
0	HG001	chr11_49861875_49862357_chrMboth_16089_16340	2	2	1
1	HG001	chr1_633896_633913_chrMboth_9735_9872	3	3	1
2	HG001	chr5_32338138_32338595_chrMboth_12720_14835	3	3	1
0	HG002	chr11_49862020_49862289_chrMboth_16095_16391	4	4	1
1	HG002	chr1_633902_633918_chrMboth_7701_10226	3	3	1
2	HG002	chr21_9676197_9676786_chrMboth_12389_12811	5	5	1
3	HG002	chr5_32338282_32338638_chrMboth_12720_14831	3	3	1
4	HG002	chr9_129555_129996_chrMboth_6262_6296	2	2	1
0	HG003	chr11_49861732_49861744_chrMboth_16111_16338	2	2	1
1	HG003	chr17_22521368_22521368_chrMboth_116_331	2	2	1
0	HG004	chr11_49862115_49862141_chrMboth_16294_16312	2	2	1
1	HG004	chr1_633926_633963_chrMboth_7543_9859	4	4	1
2	HG004	chr21_9675984_9676254_chrMboth_12361_12555	5	5	1
3	HG004	chr5_32337931_32338222_chrMboth_12720_14868	3	3	1
0	HG006	chr11_49862073_49862293_chrMboth_16095_16302	5	5	1
1	HG006	chr17_22521368_22521377_chrMboth_343_16191	4	4	1
2	HG006	chr1_633934_633963_chrMboth_7913_10053	4	4	1
3	HG006	chr20_21474236_21474680_chrMboth_9309_12530	4	4	1
4	HG006	chr2_33666943_33667105_chrMboth_14777_14821	2	2	1
5	HG006	chr2_33667752_33667765_chrMboth_14777_14855	2	2	1
