chr	start	end	Cluster_No	reads	mt_positions	subCluster_No	Cluster_ID	IndividualID
chr1	631414	632499	2	[631914, 631999]	[6934, 6505]	2	chr1_631914_631999_chrMboth_6505_6934	1000434
chr1	118141557	118142709	6	[118142057, 118142094, 118142099, 118142106, 118142120, 118142209]	[2584, 2584, 2584, 2584, 2584, 2584]	6	chr1_118142057_118142209_chrMboth_2584_2584	1000434
chr11	49861343	49862761	21	[49861843, 49861859, 49861860, 49861861, 49861873, 49861875, 49861883, 49861894, 49861898, 49861913, 49861918, 49861921, 49861936, 49861940, 49862020, 49862020, 49862020, 49862062, 49862120, 49862168, 49862261]	[16473, 16322, 16447, 16089, 16187, 16351, 16211, 16418, 16383, 16425, 16350, 16362, 16470, 16195, 16089, 16397, 16089, 16447, 16089, 16477, 16357]	21	chr11_49861843_49862261_chrMboth_16089_16477	1000434
chr17	22520868	22521875	136	[22521368, 22521368, 22521368, 22521368, 22521368, 22521368, 22521368, 22521368, 22521368, 22521368, 22521368, 22521368, 22521368, 22521368, 22521368, 22521368, 22521368, 22521368, 22521368, 22521368, 22521368, 22521368, 22521368, 22521368, 22521368, 22521368, 22521368, 22521368, 22521368, 22521368, 22521368, 22521368, 22521368, 22521368, 22521368, 22521368, 22521368, 22521368, 22521368, 22521368, 22521368, 22521368, 22521368, 22521368, 22521368, 22521368, 22521368, 22521368, 22521368, 22521368, 22521368, 22521368, 22521368, 22521368, 22521368, 22521368, 22521368, 22521368, 22521368, 22521368, 22521368, 22521368, 22521368, 22521368, 22521368, 22521368, 22521368, 22521368, 22521368, 22521368, 22521368, 22521368, 22521368, 22521368, 22521368, 22521368, 22521368, 22521368, 22521368, 22521368, 22521368, 22521368, 22521368, 22521368, 22521368, 22521368, 22521368, 22521368, 22521368, 22521368, 22521368, 22521368, 22521368, 22521368, 22521368, 22521368, 22521368, 22521368, 22521368, 22521368, 22521368, 22521368, 22521368, 22521368, 22521368, 22521368, 22521368, 22521368, 22521368, 22521368, 22521368, 22521368, 22521368, 22521368, 22521368, 22521368, 22521368, 22521368, 22521368, 22521368, 22521368, 22521368, 22521368, 22521368, 22521368, 22521368, 22521368, 22521368, 22521368, 22521368, 22521368, 22521368, 22521368, 22521368, 22521371, 22521375]	[16329, 16430, 16313, 16196, 16268, 75, 16422, 16265, 16407, 37, 16375, 16352, 16271, 16363, 16219, 16346, 16289, 16355, 16066, 16292, 214, 97, 16429, 16271, 171, 83, 16443, 16272, 16450, 16442, 16351, 16277, 16348, 16406, 90, 112, 16292, 16412, 16369, 16385, 16423, 16361, 152, 16463, 16265, 16328, 16424, 16356, 112, 16342, 16345, 16401, 61, 16323, 25, 116, 16338, 16329, 16332, 16259, 16329, 16263, 16346, 16444, 16263, 16350, 16402, 72, 16365, 16176, 84, 197, 16470, 16378, 16213, 16199, 16398, 132, 16249, 16350, 16471, 16369, 16485, 16296, 16328, 16304, 16206, 32, 16303, 16312, 16335, 16268, 456, 31, 16268, 1, 16377, 16323, 56, 54, 16267, 16347, 16345, 16293, 16331, 16364, 65, 113, 16407, 16358, 16307, 16309, 16332, 60, 16381, 16305, 16286, 52, 16326, 16257, 73, 16271, 16266, 16355, 138, 16364, 88, 16439, 16372, 16296, 16441, 16316, 1, 16400, 2, 170]	136	chr17_22521368_22521375_chrMboth_1_16485	1000434
chr21	9675759	9677117	6	[9676259, 9676325, 9676325, 9676329, 9676613, 9676617]	[12471, 12973, 13001, 12361, 12361, 12361]	6	chr21_9676259_9676617_chrMboth_12361_13001	1000434
chr21	21707712	21708879	3	[21708212, 21708335, 21708379]	[5731, 5713, 5713]	3	chr21_21708212_21708379_chrMboth_5713_5731	1000434
chr3	93469882	93471146	3	[93470382, 93470452, 93470646]	[7550, 15997, 5829]	3	chr3_93470382_93470646_chrMboth_5829_15997	1000434
chr9	129026	130367	11	[129526, 129527, 129596, 129622, 129633, 129645, 129681, 129686, 129689, 129824, 129867]	[6307, 6346, 6244, 6225, 6329, 6330, 6235, 6314, 6275, 6230, 6225]	11	chr9_129526_129867_chrMboth_6225_6346	1000434
chr11	49861335	49862714	16	[49861835, 49861837, 49861892, 49861918, 49861941, 49861946, 49862020, 49862020, 49862053, 49862063, 49862063, 49862090, 49862094, 49862105, 49862145, 49862214]	[16342, 16089, 16091, 16167, 16403, 16175, 16404, 16433, 16089, 16089, 16464, 16089, 16302, 16089, 16089, 16121]	16	chr11_49861835_49862214_chrMboth_16089_16464	1000592
chr11	100144104	100145558	8	[100144604, 100144710, 100144760, 100144810, 100144825, 100145005, 100145050, 100145058]	[11499, 11499, 11503, 11499, 11499, 11499, 11499, 11499]	8	chr11_100144604_100145058_chrMboth_11499_11503	1000592
chr17	22520868	22521877	120	[22521368, 22521368, 22521368, 22521368, 22521368, 22521368, 22521368, 22521368, 22521368, 22521368, 22521368, 22521368, 22521368, 22521368, 22521368, 22521368, 22521368, 22521368, 22521368, 22521368, 22521368, 22521368, 22521368, 22521368, 22521368, 22521368, 22521368, 22521368, 22521368, 22521368, 22521368, 22521368, 22521368, 22521368, 22521368, 22521368, 22521368, 22521368, 22521368, 22521368, 22521368, 22521368, 22521368, 22521368, 22521368, 22521368, 22521368, 22521368, 22521368, 22521368, 22521368, 22521368, 22521368, 22521368, 22521368, 22521368, 22521368, 22521368, 22521368, 22521368, 22521368, 22521368, 22521368, 22521368, 22521368, 22521368, 22521368, 22521368, 22521368, 22521368, 22521368, 22521368, 22521368, 22521368, 22521368, 22521368, 22521368, 22521368, 22521368, 22521368, 22521368, 22521368, 22521368, 22521368, 22521368, 22521368, 22521368, 22521368, 22521368, 22521368, 22521368, 22521368, 22521368, 22521368, 22521368, 22521368, 22521368, 22521368, 22521368, 22521368, 22521368, 22521368, 22521368, 22521368, 22521368, 22521368, 22521368, 22521368, 22521368, 22521368, 22521368, 22521368, 22521368, 22521369, 22521371, 22521371, 22521371, 22521372, 22521373, 22521377]	[16332, 16381, 114, 16409, 16448, 16401, 16279, 16314, 16293, 16381, 16392, 16361, 16336, 16300, 16281, 16361, 16325, 75, 16379, 16379, 159, 16363, 1, 16385, 16198, 16324, 16283, 16279, 16433, 224, 16331, 16323, 16357, 100, 16440, 100, 16342, 16282, 73, 16469, 16470, 16243, 16224, 16417, 80, 16210, 16403, 16260, 39, 16198, 16340, 16371, 16383, 16378, 145, 16324, 77, 16234, 159, 16479, 16358, 16368, 16319, 214, 16396, 16304, 104, 16339, 63, 16290, 16250, 16341, 16256, 16340, 16363, 16405, 16310, 139, 16307, 16257, 16343, 84, 16351, 75, 16333, 16374, 1, 16215, 16424, 16272, 108, 126, 16366, 3, 94, 16312, 42, 16329, 16327, 16328, 16419, 16313, 16219, 16428, 131, 16398, 154, 16301, 16212, 16390, 16382, 16374, 16435, 16336, 16422, 16234, 16274, 207, 16233, 60]	120	chr17_22521368_22521377_chrMboth_1_16479	1000592
chr2	133739856	133741374	18	[133740356, 133740470, 133740571, 133740572, 133740575, 133740660, 133740660, 133740660, 133740660, 133740660, 133740660, 133740660, 133740678, 133740754, 133740754, 133740794, 133740841, 133740874]	[13498, 16400, 13669, 1, 16400, 16454, 16400, 13426, 13651, 16400, 85, 16400, 16422, 16400, 16459, 16400, 119, 13487]	18	chr2_133740356_133740874_chrMboth_1_16459	1000592
chr4	126418246	126419624	4	[126418746, 126418748, 126418795, 126419124]	[14031, 14031, 14031, 14031]	4	chr4_126418746_126419124_chrMboth_14031_14031	1000592
chr9	128947	130361	16	[129447, 129524, 129537, 129564, 129623, 129628, 129642, 129650, 129651, 129767, 129767, 129767, 129767, 129782, 129805, 129861]	[6266, 6225, 6226, 6225, 6277, 6316, 6225, 6256, 6310, 6225, 6316, 6258, 6261, 6225, 6279, 6283]	16	chr9_129447_129861_chrMboth_6225_6316	1000592
chr9	65724609	65725650	2	[65725109, 65725150]	[6281, 6239]	2	chr9_65725109_65725150_chrMboth_6239_6281	1000592
chr1	628611	630427	4	[629111, 629330, 629648, 629927]	[4231, 3711, 4932, 3601]	4	chr1_629111_629927_chrMboth_3601_4932	1000612
chr1	631495	633047	3	[631995, 632112, 632547]	[6593, 6685, 7064]	3	chr1_631995_632547_chrMboth_6593_7064	1000612
chr1	633513	635331	3	[634013, 634508, 634831]	[8612, 9862, 9073]	3	chr1_634013_634831_chrMboth_8612_9862	1000612
chr1	59195042	59196490	6	[59195542, 59195611, 59195613, 59195625, 59195734, 59195990]	[15421, 15421, 15421, 15421, 15421, 15421]	6	chr1_59195542_59195990_chrMboth_15421_15421	1000612
chr11	49861272	49862678	41	[49861772, 49861790, 49861838, 49861840, 49861843, 49861866, 49861867, 49861872, 49861877, 49861891, 49861894, 49861899, 49861905, 49861914, 49861925, 49862020, 49862020, 49862020, 49862020, 49862020, 49862020, 49862023, 49862043, 49862051, 49862059, 49862075, 49862077, 49862080, 49862093, 49862104, 49862112, 49862113, 49862116, 49862142, 49862143, 49862143, 49862146, 49862153, 49862160, 49862163, 49862178]	[16219, 16127, 16203, 16465, 16089, 16142, 16454, 16089, 16200, 16439, 16451, 16470, 16357, 16357, 16379, 16089, 16141, 16089, 16379, 16110, 16175, 16248, 16423, 16113, 16260, 16141, 16124, 16207, 16410, 16455, 16089, 16407, 16089, 16089, 16329, 16102, 16089, 16089, 16089, 16458, 16089]	41	chr11_49861772_49862178_chrMboth_16089_16470	1000612
chr13	16329669	16330674	2	[16330169, 16330174]	[833, 833]	2	chr13_16330169_16330174_chrMboth_833_833	1000612
chr13	109423660	109424673	2	[109424160, 109424173]	[976, 854]	2	chr13_109424160_109424173_chrMboth_854_976	1000612
chr17	22520867	22521871	189	[22521367, 22521368, 22521368, 22521368, 22521368, 22521368, 22521368, 22521368, 22521368, 22521368, 22521368, 22521368, 22521368, 22521368, 22521368, 22521368, 22521368, 22521368, 22521368, 22521368, 22521368, 22521368, 22521368, 22521368, 22521368, 22521368, 22521368, 22521368, 22521368, 22521368, 22521368, 22521368, 22521368, 22521368, 22521368, 22521368, 22521368, 22521368, 22521368, 22521368, 22521368, 22521368, 22521368, 22521368, 22521368, 22521368, 22521368, 22521368, 22521368, 22521368, 22521368, 22521368, 22521368, 22521368, 22521368, 22521368, 22521368, 22521368, 22521368, 22521368, 22521368, 22521368, 22521368, 22521368, 22521368, 22521368, 22521368, 22521368, 22521368, 22521368, 22521368, 22521368, 22521368, 22521368, 22521368, 22521368, 22521368, 22521368, 22521368, 22521368, 22521368, 22521368, 22521368, 22521368, 22521368, 22521368, 22521368, 22521368, 22521368, 22521368, 22521368, 22521368, 22521368, 22521368, 22521368, 22521368, 22521368, 22521368, 22521368, 22521368, 22521368, 22521368, 22521368, 22521368, 22521368, 22521368, 22521368, 22521368, 22521368, 22521368, 22521368, 22521368, 22521368, 22521368, 22521368, 22521368, 22521368, 22521368, 22521368, 22521368, 22521368, 22521368, 22521368, 22521368, 22521368, 22521368, 22521368, 22521368, 22521368, 22521368, 22521368, 22521368, 22521368, 22521368, 22521368, 22521368, 22521368, 22521368, 22521368, 22521368, 22521368, 22521368, 22521368, 22521368, 22521368, 22521368, 22521368, 22521368, 22521368, 22521368, 22521368, 22521368, 22521368, 22521368, 22521368, 22521368, 22521368, 22521368, 22521368, 22521368, 22521368, 22521368, 22521368, 22521368, 22521368, 22521368, 22521368, 22521368, 22521368, 22521368, 22521368, 22521368, 22521368, 22521368, 22521368, 22521368, 22521368, 22521368, 22521368, 22521368, 22521369, 22521369, 22521371, 22521371, 22521371, 22521371, 22521371, 22521371, 22521371]	[1, 100, 16342, 80, 1, 16219, 1, 16282, 16346, 16318, 16276, 153, 16491, 16406, 16215, 153, 16361, 16348, 16385, 16205, 16291, 16349, 16186, 16332, 153, 16229, 16214, 16338, 211, 16220, 16436, 73, 48, 16407, 108, 16301, 16253, 16294, 16300, 203, 184, 16352, 16322, 153, 16401, 16409, 1, 16349, 16317, 130, 16348, 72, 84, 42, 117, 16237, 16204, 16260, 16252, 16465, 101, 16403, 16305, 16408, 16258, 102, 129, 16375, 160, 16314, 16305, 16358, 124, 16394, 65, 16401, 16284, 16332, 16321, 16340, 188, 111, 16396, 16353, 16292, 103, 16340, 16310, 16320, 16299, 16353, 126, 16247, 16327, 16399, 154, 16410, 16276, 16267, 92, 16386, 16295, 97, 198, 16318, 16421, 16471, 16374, 16306, 16336, 16420, 16417, 8, 16391, 113, 16233, 16361, 16213, 16445, 16266, 16276, 16206, 16242, 16265, 16305, 80, 16282, 104, 216, 16422, 115, 16270, 1, 53, 16240, 16322, 116, 16344, 16355, 16265, 16487, 224, 205, 100, 16345, 16412, 16243, 16331, 16182, 16478, 16310, 142, 78, 16324, 16368, 16323, 16457, 16333, 16394, 16306, 16326, 16335, 132, 16332, 16284, 80, 16399, 16363, 79, 16194, 16451, 16317, 16325, 101, 16212, 16226, 250, 16332, 16285, 16304, 16290, 16393, 16195, 78, 16275, 1, 16308, 33, 16450]	189	chr17_22521367_22521371_chrMboth_1_16491	1000612
chr3	93470140	93471146	2	[93470640, 93470646]	[12981, 16440]	2	chr3_93470640_93470646_chrMboth_12981_16440	1000612
chr4	86138199	86139694	5	[86138699, 86138752, 86138825, 86139180, 86139194]	[6148, 6148, 6148, 6148, 6148]	5	chr4_86138699_86139194_chrMboth_6148_6148	1000612
chr5	32337691	32339178	20	[32338191, 32338205, 32338261, 32338284, 32338287, 32338309, 32338310, 32338381, 32338393, 32338434, 32338485, 32338503, 32338511, 32338529, 32338537, 32338569, 32338582, 32338653, 32338659, 32338678]	[12736, 14905, 12729, 12783, 14836, 12754, 14890, 14849, 12720, 12720, 12721, 14861, 12781, 12720, 14831, 12721, 14831, 12720, 12725, 14831]	20	chr5_32338191_32338678_chrMboth_12720_14905	1000612
chr1	633396	634413	3	[633896, 633900, 633913]	[9735, 9872, 9818]	3	chr1_633896_633913_chrMboth_9735_9872	HG001
chr11	49861375	49862857	2	[49861875, 49862357]	[16089, 16340]	2	chr11_49861875_49862357_chrMboth_16089_16340	HG001
chr5	32337638	32339095	3	[32338138, 32338319, 32338595]	[12720, 14835, 12737]	3	chr5_32338138_32338595_chrMboth_12720_14835	HG001
chr1	633402	634418	3	[633902, 633911, 633918]	[7701, 10226, 9234]	3	chr1_633902_633918_chrMboth_7701_10226	HG002
chr11	49861520	49862789	4	[49862020, 49862122, 49862183, 49862289]	[16373, 16095, 16338, 16391]	4	chr11_49862020_49862289_chrMboth_16095_16391	HG002
chr21	9675697	9677286	5	[9676197, 9676198, 9676218, 9676333, 9676786]	[12811, 12706, 12389, 12746, 12452]	5	chr21_9676197_9676786_chrMboth_12389_12811	HG002
chr5	32337782	32339138	3	[32338282, 32338499, 32338638]	[12743, 12720, 14831]	3	chr5_32338282_32338638_chrMboth_12720_14831	HG002
chr9	129055	130496	2	[129555, 129996]	[6262, 6296]	2	chr9_129555_129996_chrMboth_6262_6296	HG002
chr11	49861232	49862244	2	[49861732, 49861744]	[16111, 16338]	2	chr11_49861732_49861744_chrMboth_16111_16338	HG003
chr17	22520868	22521868	2	[22521368, 22521368]	[116, 331]	2	chr17_22521368_22521368_chrMboth_116_331	HG003
chr1	633426	634463	4	[633926, 633933, 633953, 633963]	[7543, 7772, 9828, 9859]	4	chr1_633926_633963_chrMboth_7543_9859	HG004
chr11	49861615	49862641	2	[49862115, 49862141]	[16312, 16294]	2	chr11_49862115_49862141_chrMboth_16294_16312	HG004
chr21	9675484	9676754	5	[9675984, 9676188, 9676210, 9676237, 9676254]	[12382, 12361, 12555, 12467, 12470]	5	chr21_9675984_9676254_chrMboth_12361_12555	HG004
chr5	32337431	32338722	3	[32337931, 32338068, 32338222]	[14867, 12720, 14868]	3	chr5_32337931_32338222_chrMboth_12720_14868	HG004
chr1	633434	634463	4	[633934, 633934, 633952, 633963]	[9905, 7913, 9926, 10053]	4	chr1_633934_633963_chrMboth_7913_10053	HG006
chr11	49861573	49862793	5	[49862073, 49862082, 49862170, 49862187, 49862293]	[16294, 16302, 16107, 16095, 16135]	5	chr11_49862073_49862293_chrMboth_16095_16302	HG006
chr17	22520868	22521877	4	[22521368, 22521368, 22521368, 22521377]	[343, 348, 16191, 15938]	4	chr17_22521368_22521377_chrMboth_343_16191	HG006
chr2	33666443	33667605	2	[33666943, 33667105]	[14821, 14777]	2	chr2_33666943_33667105_chrMboth_14777_14821	HG006
chr2	33667252	33668265	2	[33667752, 33667765]	[14855, 14777]	2	chr2_33667752_33667765_chrMboth_14777_14855	HG006
chr20	21473736	21475180	4	[21474236, 21474345, 21474664, 21474680]	[9309, 9377, 12530, 12340]	4	chr20_21474236_21474680_chrMboth_9309_12530	HG006
