nu_Tend_Bleft	nuleft	chr1	118142017	+	1	-1	1000434
nu_Tend_Bleft	nuleft	chr1	118142050	+	11	-1	1000434
nu_Tend_Bleft	nuleft	chr1	118142097	+	2	-1	1000434
nu_Tend_Bleft	nuleft	chr1	118142101	+	2	-1	1000434
nu_Tend_Bleft	nuleft	chr1	118142105	+	2	-1	1000434
nu_Tend_Bleft	nuleft	chr1	118142115	+	1	-1	1000434
nu_Tend_Bleft	nuleft	chr1	118142126	+	1	-1	1000434
nu_Tend_Bleft	nuleft	chr1	118142136	+	1	-1	1000434
nu_Tend_Bleft	nuleft	chr1	118142139	+	1	-1	1000434
nu_Tend_Bleft	nuleft	chr1	118142147	+	1	-1	1000434
nu_Tend_Bleft	nuleft	chr1	118142154	+	1	-1	1000434
nu_Tend_Bleft	nuleft	chr1	118142156	+	1	-1	1000434
nu_Tend_Bleft	nuleft	chr1	118142166	+	1	-1	1000434
nu_Tend_Bleft	nuleft	chr1	118142168	+	1	-1	1000434
nu_Tend_Bleft	nuleft	chr1	118142171	+	1	-1	1000434
mt_Tend	mtRight	MT	2613	+	1	-1	1000434
mt_Tend	mtRight	MT	2618	+	1	-1	1000434
mt_Tend	mtRight	MT	2647	+	1	-1	1000434
mt_Tend	mtRight	MT	2652	+	18	-1	1000434
nu_Tend_Bleft	nuleft	chr11	49862049	+	1	-1	1000434
nu_Tend_Bleft	nuleft	chr11	49862056	+	1	-1	1000434
nu_Tend_Bleft	nuleft	chr11	49862082	+	1	-1	1000434
nu_Tend_Bleft	nuleft	chr11	49862116	+	1	-1	1000434
nu_Tend_Bleft	nuleft	chr11	49862137	+	1	-1	1000434
nu_Tend_Bleft	nuleft	chr11	49862147	+	1	-1	1000434
mt_Tstart	mtRight	MT	-1	-	5	16088	1000434
nu_Tend_Bleft	nuleft	chr17	22521434	+	8	-1	1000434
nu_Tend_Bleft	nuleft	chr17	22521435	+	9	-1	1000434
nu_Tend_Bleft	nuleft	chr17	22521437	+	1	-1	1000434
nu_Tend_Bleft	nuleft	chr17	22521439	+	2	-1	1000434
nu_Tend_Bleft	nuleft	chr17	22521440	+	1	-1	1000434
nu_Tend_Bleft	nuleft	chr17	22521441	+	1	-1	1000434
nu_Tend_Bleft	nuleft	chr17	22521444	+	10	-1	1000434
nu_Tend_Bleft	nuleft	chr17	22521445	+	8	-1	1000434
nu_Tend_Bleft	nuleft	chr17	22521446	+	2	-1	1000434
nu_Tend_Bleft	nuleft	chr17	22521447	+	1	-1	1000434
nu_Tend_Bleft	nuleft	chr17	22521448	+	1	-1	1000434
nu_Tend_Bleft	nuleft	chr17	22521449	+	5	-1	1000434
nu_Tend_Bleft	nuleft	chr17	22521450	+	10	-1	1000434
nu_Tend_Bleft	nuleft	chr17	22521451	+	8	-1	1000434
nu_Tend_Bleft	nuleft	chr17	22521452	+	10	-1	1000434
nu_Tend_Bleft	nuleft	chr17	22521453	+	8	-1	1000434
nu_Tend_Bleft	nuleft	chr17	22521454	+	5	-1	1000434
nu_Tend_Bleft	nuleft	chr17	22521455	+	10	-1	1000434
nu_Tend_Bleft	nuleft	chr17	22521456	+	15	-1	1000434
nu_Tend_Bleft	nuleft	chr17	22521457	+	10	-1	1000434
nu_Tend_Bleft	nuleft	chr17	22521458	+	5	-1	1000434
nu_Tend_Bleft	nuleft	chr17	22521459	+	14	-1	1000434
nu_Tend_Bleft	nuleft	chr17	22521460	+	59	-1	1000434
nu_Tend_Bleft	nuleft	chr17	22521461	+	10	-1	1000434
mt_Tend	mtRight	MT	16565	+	1	-1	1000434
mt_Tend	mtRight	MT	16569	+	212	-1	1000434
nu_Tend_Bleft	nuleft	chr21	21708298	+	1	-1	1000434
nu_Tend_Bleft	nuleft	chr21	21708362	+	1	-1	1000434
nu_Tend_Bleft	nuleft	chr21	21708378	+	1	-1	1000434
mt_Tstart	mtRight	MT	-1	-	2	5712	1000434
nu_Tend_Bleft	nuleft	chr21	9676572	+	1	-1	1000434
nu_Tend_Bleft	nuleft	chr21	9676635	+	1	-1	1000434
mt_Tend	mtRight	MT	12476	+	1	-1	1000434
mt_Tend	mtRight	MT	13227	+	1	-1	1000434
nu_Tend_Bleft	nuleft	chr9	129767	+	13	-1	1000434
nu_Tend_Bleft	nuleft	chr9	129846	+	1	-1	1000434
nu_Tend_Bleft	nuleft	chr9	129858	+	1	-1	1000434
nu_Tend_Bleft	nuleft	chr9	129880	+	1	-1	1000434
nu_Tend_Bleft	nuleft	chr9	130169	+	1	-1	1000434
nu_Tstart_Bright	nuright	chr9	-1	+	1	129621	1000434
mt_Tstart	mtRight	MT	-1	-	3	6224	1000434
mt_Tstart	mtRight	MT	-1	-	1	6313	1000434
mt_Tstart	mtRight	MT	-1	-	1	6328	1000434
mt_Tstart	mtRight	MT	-1	-	1	6329	1000434
mt_Tstart	mtRight	MT	-1	-	2	6337	1000434
mt_Tstart	mtRight	MT	-1	-	1	6345	1000434
mt_Tstart	mtRight	MT	-1	-	2	6357	1000434
mt_Tstart	mtRight	MT	-1	-	1	6360	1000434
mt_Tstart	mtRight	MT	-1	-	1	6365	1000434
mt_Tstart	mtRight	MT	-1	-	1	6366	1000434
mt_Tstart	mtRight	MT	-1	-	1	6381	1000434
mt_Tstart	mtRight	MT	-1	-	1	6385	1000434
nu_Tend_Bleft	nuleft	chr11	100145018	+	22	-1	1000592
nu_Tend_Bleft	nuleft	chr11	100145038	+	4	-1	1000592
nu_Tend_Bleft	nuleft	chr11	100145043	+	2	-1	1000592
nu_Tend_Bleft	nuleft	chr11	100145050	+	2	-1	1000592
nu_Tend_Bleft	nuleft	chr11	100145056	+	2	-1	1000592
nu_Tend_Bleft	nuleft	chr11	100145057	+	4	-1	1000592
nu_Tend_Bleft	nuleft	chr11	100145058	+	2	-1	1000592
nu_Tend_Bleft	nuleft	chr11	100145071	+	1	-1	1000592
nu_Tend_Bleft	nuleft	chr11	100145081	+	1	-1	1000592
nu_Tend_Bleft	nuleft	chr11	100145082	+	1	-1	1000592
nu_Tend_Bleft	nuleft	chr11	100145105	+	1	-1	1000592
nu_Tend_Bleft	nuleft	chr11	100145112	+	1	-1	1000592
nu_Tend_Bleft	nuleft	chr11	100145117	+	1	-1	1000592
mt_Tstart	mtRight	MT	-1	-	23	11498	1000592
mt_Tstart	mtRight	MT	-1	-	2	11502	1000592
mt_Tstart	mtRight	MT	-1	-	1	11505	1000592
mt_Tstart	mtRight	MT	-1	-	1	11512	1000592
nu_Tend_Bleft	nuleft	chr11	49862054	+	1	-1	1000592
nu_Tend_Bleft	nuleft	chr11	49862090	+	1	-1	1000592
nu_Tend_Bleft	nuleft	chr11	49862098	+	1	-1	1000592
nu_Tend_Bleft	nuleft	chr11	49862105	+	1	-1	1000592
mt_Tstart	mtRight	MT	-1	-	4	16088	1000592
nu_Tend_Bleft	nuleft	chr17	22521425	+	1	-1	1000592
nu_Tend_Bleft	nuleft	chr17	22521432	+	1	-1	1000592
nu_Tend_Bleft	nuleft	chr17	22521434	+	6	-1	1000592
nu_Tend_Bleft	nuleft	chr17	22521435	+	6	-1	1000592
nu_Tend_Bleft	nuleft	chr17	22521436	+	4	-1	1000592
nu_Tend_Bleft	nuleft	chr17	22521437	+	10	-1	1000592
nu_Tend_Bleft	nuleft	chr17	22521438	+	6	-1	1000592
nu_Tend_Bleft	nuleft	chr17	22521439	+	5	-1	1000592
nu_Tend_Bleft	nuleft	chr17	22521440	+	8	-1	1000592
nu_Tend_Bleft	nuleft	chr17	22521441	+	4	-1	1000592
nu_Tend_Bleft	nuleft	chr17	22521442	+	7	-1	1000592
nu_Tend_Bleft	nuleft	chr17	22521443	+	8	-1	1000592
nu_Tend_Bleft	nuleft	chr17	22521444	+	6	-1	1000592
nu_Tend_Bleft	nuleft	chr17	22521445	+	7	-1	1000592
nu_Tend_Bleft	nuleft	chr17	22521446	+	12	-1	1000592
nu_Tend_Bleft	nuleft	chr17	22521447	+	4	-1	1000592
nu_Tend_Bleft	nuleft	chr17	22521448	+	5	-1	1000592
nu_Tend_Bleft	nuleft	chr17	22521449	+	5	-1	1000592
nu_Tend_Bleft	nuleft	chr17	22521450	+	6	-1	1000592
nu_Tend_Bleft	nuleft	chr17	22521451	+	5	-1	1000592
nu_Tend_Bleft	nuleft	chr17	22521452	+	2	-1	1000592
nu_Tend_Bleft	nuleft	chr17	22521453	+	5	-1	1000592
nu_Tend_Bleft	nuleft	chr17	22521454	+	3	-1	1000592
nu_Tend_Bleft	nuleft	chr17	22521455	+	1	-1	1000592
nu_Tend_Bleft	nuleft	chr17	22521456	+	11	-1	1000592
nu_Tend_Bleft	nuleft	chr17	22521457	+	11	-1	1000592
nu_Tend_Bleft	nuleft	chr17	22521458	+	8	-1	1000592
nu_Tend_Bleft	nuleft	chr17	22521459	+	6	-1	1000592
nu_Tend_Bleft	nuleft	chr17	22521460	+	47	-1	1000592
nu_Tend_Bleft	nuleft	chr17	22521461	+	9	-1	1000592
mt_Tend	mtRight	MT	16564	+	1	-1	1000592
mt_Tend	mtRight	MT	16569	+	220	-1	1000592
nu_Tend_Bleft	nuleft	chr2	133740654	+	8	-1	1000592
nu_Tend_Bleft	nuleft	chr2	133740701	+	1	-1	1000592
nu_Tend_Bleft	nuleft	chr2	133740704	+	1	-1	1000592
nu_Tend_Bleft	nuleft	chr2	133740708	+	1	-1	1000592
nu_Tend_Bleft	nuleft	chr2	133740723	+	1	-1	1000592
nu_Tend_Bleft	nuleft	chr2	133740725	+	1	-1	1000592
nu_Tend_Bleft	nuleft	chr2	133740740	+	2	-1	1000592
nu_Tend_Bleft	nuleft	chr2	133740750	+	1	-1	1000592
nu_Tend_Bleft	nuleft	chr2	133740754	+	1	-1	1000592
nu_Tend_Bleft	nuleft	chr2	133740768	+	1	-1	1000592
nu_Tend_Bleft	nuleft	chr2	133740801	+	1	-1	1000592
mt_Tstart	mtRight	MT	-1	-	1	13634	1000592
mt_Tstart	mtRight	MT	-1	-	1	13650	1000592
mt_Tstart	mtRight	MT	-1	-	1	13668	1000592
mt_Tstart	mtRight	MT	-1	-	1	13680	1000592
mt_Tstart	mtRight	MT	-1	-	1	13683	1000592
mt_Tstart	mtRight	MT	-1	-	2	13684	1000592
mt_Tstart	mtRight	MT	-1	-	1	13709	1000592
mt_Tstart	mtRight	MT	-1	-	10	16399	1000592
nu_Tend_Bleft	nuleft	chr4	126419044	+	9	-1	1000592
nu_Tend_Bleft	nuleft	chr4	126419089	+	2	-1	1000592
nu_Tend_Bleft	nuleft	chr4	126419093	+	2	-1	1000592
nu_Tend_Bleft	nuleft	chr4	126419109	+	1	-1	1000592
nu_Tend_Bleft	nuleft	chr4	126419125	+	1	-1	1000592
nu_Tend_Bleft	nuleft	chr4	126419129	+	1	-1	1000592
nu_Tend_Bleft	nuleft	chr4	126419130	+	1	-1	1000592
nu_Tend_Bleft	nuleft	chr4	126419142	+	1	-1	1000592
nu_Tend_Bleft	nuleft	chr4	126419148	+	1	-1	1000592
nu_Tstart_Bright	nuright	chr4	-1	+	1	126418899	1000592
nu_Tstart_Bright	nuright	chr4	-1	+	1	126419050	1000592
mt_Tstart	mtRight	MT	-1	-	1	14029	1000592
mt_Tstart	mtRight	MT	-1	-	11	14030	1000592
mt_Tstart	mtRight	MT	-1	-	1	14032	1000592
mt_Tstart	mtRight	MT	-1	-	1	14046	1000592
mt_Tstart	mtRight	MT	-1	-	1	14056	1000592
nu_Tend_Bleft	nuleft	chr9	129767	+	8	-1	1000592
nu_Tend_Bleft	nuleft	chr9	129837	+	1	-1	1000592
nu_Tend_Bleft	nuleft	chr9	129845	+	1	-1	1000592
mt_Tstart	mtRight	MT	-1	-	1	6224	1000592
mt_Tstart	mtRight	MT	-1	-	1	6229	1000592
mt_Tstart	mtRight	MT	-1	-	1	6309	1000592
mt_Tstart	mtRight	MT	-1	-	2	6315	1000592
mt_Tstart	mtRight	MT	-1	-	1	6319	1000592
mt_Tstart	mtRight	MT	-1	-	1	6341	1000592
mt_Tstart	mtRight	MT	-1	-	1	6345	1000592
mt_Tstart	mtRight	MT	-1	-	1	6347	1000592
mt_Tstart	mtRight	MT	-1	-	1	6361	1000592
nu_Tend_Bleft	nuleft	chr1	59195750	+	1	-1	1000612
nu_Tend_Bleft	nuleft	chr1	59195876	+	1	-1	1000612
nu_Tend_Bleft	nuleft	chr1	59195878	+	1	-1	1000612
nu_Tend_Bleft	nuleft	chr1	59195881	+	27	-1	1000612
nu_Tend_Bleft	nuleft	chr1	59195911	+	2	-1	1000612
nu_Tend_Bleft	nuleft	chr1	59195917	+	2	-1	1000612
nu_Tend_Bleft	nuleft	chr1	59195921	+	2	-1	1000612
nu_Tend_Bleft	nuleft	chr1	59195926	+	2	-1	1000612
nu_Tend_Bleft	nuleft	chr1	59195930	+	2	-1	1000612
nu_Tend_Bleft	nuleft	chr1	59195932	+	2	-1	1000612
nu_Tend_Bleft	nuleft	chr1	59195939	+	1	-1	1000612
nu_Tend_Bleft	nuleft	chr1	59195950	+	1	-1	1000612
nu_Tend_Bleft	nuleft	chr1	59195973	+	1	-1	1000612
nu_Tend_Bleft	nuleft	chr1	59195977	+	1	-1	1000612
nu_Tend_Bleft	nuleft	chr1	59195994	+	2	-1	1000612
nu_Tend_Bleft	nuleft	chr1	59195995	+	1	-1	1000612
nu_Tend_Bleft	nuleft	chr1	59196014	+	1	-1	1000612
mt_Tstart	mtRight	MT	-1	-	25	15420	1000612
mt_Tstart	mtRight	MT	-1	-	1	15422	1000612
mt_Tstart	mtRight	MT	-1	-	2	15423	1000612
mt_Tstart	mtRight	MT	-1	-	1	15425	1000612
mt_Tstart	mtRight	MT	-1	-	1	15431	1000612
mt_Tstart	mtRight	MT	-1	-	1	15433	1000612
mt_Tstart	mtRight	MT	-1	-	1	15437	1000612
mt_Tstart	mtRight	MT	-1	-	1	15438	1000612
mt_Tstart	mtRight	MT	-1	-	2	15439	1000612
mt_Tstart	mtRight	MT	-1	-	1	15440	1000612
nu_Tend_Bleft	nuleft	chr1	629550	+	1	-1	1000612
nu_Tend_Bleft	nuleft	chr1	629854	+	1	-1	1000612
nu_Tend_Bleft	nuleft	chr1	630007	+	1	-1	1000612
nu_Tend_Bleft	nuleft	chr1	219814641	+	1	-1	1000612
nu_Tstart_Bright	nuright	chr1	-1	+	1	629313	1000612
nu_Tstart_Bright	nuright	chr1	-1	+	1	629650	1000612
mt_Tstart	mtRight	MT	-1	+	1	4143	1000612
mt_Tstart	mtRight	MT	-1	+	1	4480	1000612
mt_Tend	mtRight	MT	4272	+	1	-1	1000612
mt_Tend	mtRight	MT	4308	+	1	-1	1000612
mt_Tend	mtRight	MT	4684	+	1	-1	1000612
mt_Tend	mtRight	MT	4906	+	1	-1	1000612
nu_Tend_Bleft	nuleft	chr1	631966	+	1	-1	1000612
nu_Tend_Bleft	nuleft	chr1	632036	+	1	-1	1000612
nu_Tstart_Bright	nuright	chr1	-1	+	1	632512	1000612
mt_Tstart	mtRight	MT	-1	+	1	7341	1000612
mt_Tend	mtRight	MT	6910	+	1	-1	1000612
mt_Tend	mtRight	MT	6979	+	1	-1	1000612
nu_Tend_Bleft	nuleft	chr1	633560	+	1	-1	1000612
nu_Tend_Bleft	nuleft	chr1	634477	+	1	-1	1000612
nu_Tend_Bleft	nuleft	chr1	634538	+	1	-1	1000612
nu_Tend_Bleft	nuleft	chr1	634594	+	1	-1	1000612
nu_Tend_Bleft	nuleft	chr1	634905	+	1	-1	1000612
mt_Tend	mtRight	MT	8391	+	1	-1	1000612
mt_Tend	mtRight	MT	9308	+	1	-1	1000612
mt_Tend	mtRight	MT	9425	+	1	-1	1000612
mt_Tend	mtRight	MT	9484	+	1	-1	1000612
mt_Tend	mtRight	MT	9811	+	1	-1	1000612
nu_Tend_Bleft	nuleft	chr11	49862051	+	1	-1	1000612
nu_Tend_Bleft	nuleft	chr11	49862060	+	1	-1	1000612
nu_Tend_Bleft	nuleft	chr11	49862061	+	1	-1	1000612
nu_Tend_Bleft	nuleft	chr11	49862068	+	1	-1	1000612
nu_Tend_Bleft	nuleft	chr11	49862073	+	1	-1	1000612
nu_Tend_Bleft	nuleft	chr11	49862075	+	2	-1	1000612
nu_Tend_Bleft	nuleft	chr11	49862078	+	1	-1	1000612
nu_Tend_Bleft	nuleft	chr11	49862079	+	1	-1	1000612
nu_Tend_Bleft	nuleft	chr11	49862081	+	1	-1	1000612
nu_Tend_Bleft	nuleft	chr11	49862083	+	2	-1	1000612
nu_Tend_Bleft	nuleft	chr11	49862085	+	1	-1	1000612
nu_Tend_Bleft	nuleft	chr11	49862098	+	1	-1	1000612
nu_Tend_Bleft	nuleft	chr11	49862104	+	1	-1	1000612
nu_Tend_Bleft	nuleft	chr11	49862107	+	1	-1	1000612
nu_Tend_Bleft	nuleft	chr11	49862111	+	1	-1	1000612
nu_Tend_Bleft	nuleft	chr11	49862123	+	1	-1	1000612
nu_Tend_Bleft	nuleft	chr11	49862141	+	1	-1	1000612
mt_Tstart	mtRight	MT	-1	-	19	16088	1000612
nu_Tend_Bleft	nuleft	chr13	109424243	+	1	-1	1000612
mt_Tstart	mtRight	MT	-1	-	1	1052	1000612
mt_Tstart	mtRight	MT	-1	-	1	1118	1000612
nu_Tend_Bleft	nuleft	chr13	17170650	+	2	-1	1000612
mt_Tend	mtRight	MT	876	+	1	-1	1000612
mt_Tend	mtRight	MT	894	+	1	-1	1000612
nu_Tend_Bleft	nuleft	chr17	22521434	+	10	-1	1000612
nu_Tend_Bleft	nuleft	chr17	22521435	+	9	-1	1000612
nu_Tend_Bleft	nuleft	chr17	22521436	+	11	-1	1000612
nu_Tend_Bleft	nuleft	chr17	22521437	+	12	-1	1000612
nu_Tend_Bleft	nuleft	chr17	22521438	+	7	-1	1000612
nu_Tend_Bleft	nuleft	chr17	22521439	+	14	-1	1000612
nu_Tend_Bleft	nuleft	chr17	22521440	+	11	-1	1000612
nu_Tend_Bleft	nuleft	chr17	22521441	+	8	-1	1000612
nu_Tend_Bleft	nuleft	chr17	22521442	+	12	-1	1000612
nu_Tend_Bleft	nuleft	chr17	22521443	+	7	-1	1000612
nu_Tend_Bleft	nuleft	chr17	22521444	+	9	-1	1000612
nu_Tend_Bleft	nuleft	chr17	22521445	+	10	-1	1000612
nu_Tend_Bleft	nuleft	chr17	22521446	+	13	-1	1000612
nu_Tend_Bleft	nuleft	chr17	22521447	+	11	-1	1000612
nu_Tend_Bleft	nuleft	chr17	22521448	+	5	-1	1000612
nu_Tend_Bleft	nuleft	chr17	22521449	+	8	-1	1000612
nu_Tend_Bleft	nuleft	chr17	22521450	+	15	-1	1000612
nu_Tend_Bleft	nuleft	chr17	22521451	+	12	-1	1000612
nu_Tend_Bleft	nuleft	chr17	22521452	+	8	-1	1000612
nu_Tend_Bleft	nuleft	chr17	22521453	+	3	-1	1000612
nu_Tend_Bleft	nuleft	chr17	22521454	+	9	-1	1000612
nu_Tend_Bleft	nuleft	chr17	22521455	+	11	-1	1000612
nu_Tend_Bleft	nuleft	chr17	22521456	+	9	-1	1000612
nu_Tend_Bleft	nuleft	chr17	22521457	+	17	-1	1000612
nu_Tend_Bleft	nuleft	chr17	22521458	+	17	-1	1000612
nu_Tend_Bleft	nuleft	chr17	22521459	+	15	-1	1000612
nu_Tend_Bleft	nuleft	chr17	22521460	+	72	-1	1000612
nu_Tend_Bleft	nuleft	chr17	22521461	+	10	-1	1000612
mt_Tend	mtRight	MT	16569	+	357	-1	1000612
nu_Tend_Bleft	nuleft	chr4	86138985	+	5	-1	1000612
mt_Tstart	mtRight	MT	-1	-	3	6147	1000612
mt_Tstart	mtRight	MT	-1	-	1	6160	1000612
mt_Tstart	mtRight	MT	-1	-	1	6177	1000612
nu_Tend_Bleft	nuleft	chr5	32338477	+	6	-1	1000612
nu_Tend_Bleft	nuleft	chr5	32338521	+	1	-1	1000612
nu_Tend_Bleft	nuleft	chr5	32338523	+	1	-1	1000612
nu_Tend_Bleft	nuleft	chr5	32338527	+	1	-1	1000612
nu_Tend_Bleft	nuleft	chr5	32338529	+	1	-1	1000612
nu_Tend_Bleft	nuleft	chr5	32338530	+	1	-1	1000612
nu_Tend_Bleft	nuleft	chr5	32338538	+	1	-1	1000612
nu_Tend_Bleft	nuleft	chr5	32338552	+	1	-1	1000612
nu_Tend_Bleft	nuleft	chr5	32338577	+	1	-1	1000612
nu_Tend_Bleft	nuleft	chr5	32338579	+	1	-1	1000612
nu_Tend_Bleft	nuleft	chr5	32338582	+	1	-1	1000612
nu_Tend_Bleft	nuleft	chr5	32338586	+	1	-1	1000612
nu_Tstart_Bright	nuright	chr5	-1	+	1	32338626	1000612
nu_Tstart_Bright	nuright	chr5	-1	+	1	32338643	1000612
nu_Tstart_Bright	nuright	chr5	-1	+	1	32338677	1000612
mt_Tstart	mtRight	MT	-1	-	11	12719	1000612
mt_Tend	mtRight	MT	14861	+	1	-1	1000612
mt_Tend	mtRight	MT	14869	+	1	-1	1000612
mt_Tend	mtRight	MT	14877	+	1	-1	1000612
mt_Tend	mtRight	MT	14884	+	1	-1	1000612
mt_Tend	mtRight	MT	14896	+	1	-1	1000612
mt_Tend	mtRight	MT	14932	+	1	-1	1000612
mt_Tend	mtRight	MT	14937	+	1	-1	1000612
nu_Tend_Bleft	nuleft	chr11	49862079	+	1	-1	HG001
mt_Tstart	mtRight	MT	-1	-	1	16088	HG001
nu_Tend_Bleft	nuleft	chr5	32338477	+	1	-1	HG001
mt_Tend	mtRight	MT	12821	+	1	-1	HG001
mt_Tend	mtRight	MT	14932	+	1	-1	HG001
nu_Tend_Bleft	nuleft	chr11	49862077	+	1	-1	HG002
nu_Tend_Bleft	nuleft	chr11	49862132	+	1	-1	HG002
mt_Tstart	mtRight	MT	-1	-	2	16088	HG002
nu_Tstart_Bright	nuright	chr5	-1	+	1	32338670	HG002
mt_Tstart	mtRight	MT	-1	-	1	12762	HG002
mt_Tstart	mtRight	MT	-1	-	1	14830	HG002
mt_Tend	mtRight	MT	14977	+	1	-1	HG002
nu_Tend_Bleft	nuleft	chr9	129767	+	1	-1	HG002
mt_Tend	mtRight	MT	6325	+	1	-1	HG002
nu_Tend_Bleft	nuleft	chr11	49862111	+	1	-1	HG004
mt_Tstart	mtRight	MT	-1	-	1	16088	HG004
mt_Tstart	mtRight	MT	-1	-	2	14830	HG004
mt_Tend	mtRight	MT	12778	+	1	-1	HG004
mt_Tend	mtRight	MT	12817	+	1	-1	HG004
nu_Tend_Bleft	nuleft	chr11	49862060	+	1	-1	HG006
nu_Tend_Bleft	nuleft	chr11	49862062	+	1	-1	HG006
mt_Tstart	mtRight	MT	-1	-	2	16088	HG006
nu_Tend_Bleft	nuleft	chr2	33667489	+	1	-1	HG006
mt_Tstart	mtRight	MT	-1	-	1	14776	HG006
