ref	alt	pos	sampleID	numtID	contigID	numtLength	numt_start	numt_end	comment	varCount
C	T	8144	HG001_all_regions	HG001_chr1.633396.634413|HWI-D00360:5:H814YADXX:2:1208:19606:98914	HG001_chr1.633396.634413|HWI-D00360:5:H814YADXX:2:1208:19606:98914	148	8091.0	8238.0	best_hit_to_mtDNA	4
G	A	8156	HG001_all_regions	HG001_chr1.633396.634413|HWI-D00360:5:H814YADXX:2:1208:19606:98914	HG001_chr1.633396.634413|HWI-D00360:5:H814YADXX:2:1208:19606:98914	148	8091.0	8238.0	best_hit_to_mtDNA	4
T	C	8171	HG001_all_regions	HG001_chr1.633396.634413|HWI-D00360:5:H814YADXX:2:1208:19606:98914	HG001_chr1.633396.634413|HWI-D00360:5:H814YADXX:2:1208:19606:98914	148	8091.0	8238.0	best_hit_to_mtDNA	4
C	T	8207	HG001_all_regions	HG001_chr1.633396.634413|HWI-D00360:5:H814YADXX:2:1208:19606:98914	HG001_chr1.633396.634413|HWI-D00360:5:H814YADXX:2:1208:19606:98914	148	8091.0	8238.0	best_hit_to_mtDNA	4
T	C	8171	HG001_all_regions	HG001_chr1.633396.634413|HISEQ1:15:H9258ADXX:1:1212:16021:52150	HG001_chr1.633396.634413|HISEQ1:15:H9258ADXX:1:1212:16021:52150	148	8166.0	8313.0	best_hit_to_mtDNA	2
C	T	8207	HG001_all_regions	HG001_chr1.633396.634413|HISEQ1:15:H9258ADXX:1:1212:16021:52150	HG001_chr1.633396.634413|HISEQ1:15:H9258ADXX:1:1212:16021:52150	148	8166.0	8313.0	best_hit_to_mtDNA	2
C	T	8207	HG001_all_regions	HG001_chr1.633396.634413|HISEQ1:9:H8962ADXX:1:2210:4803:58938	HG001_chr1.633396.634413|HISEQ1:9:H8962ADXX:1:2210:4803:58938	148	8170.0	8317.0	best_hit_to_mtDNA	1
G	A	8294	HG001_all_regions	HG001_chr1.633396.634413|HISEQ1:11:H8GV6ADXX:1:1211:20254:24767	HG001_chr1.633396.634413|HISEQ1:11:H8GV6ADXX:1:1211:20254:24767	148	8224.0	8371.0	best_hit_to_mtDNA	3
T	G	8320	HG001_all_regions	HG001_chr1.633396.634413|HISEQ1:11:H8GV6ADXX:1:1211:20254:24767	HG001_chr1.633396.634413|HISEQ1:11:H8GV6ADXX:1:1211:20254:24767	148	8224.0	8371.0	best_hit_to_mtDNA	3
G	C	8317	HG001_all_regions	HG001_chr1.633396.634413|HISEQ1:13:H8G92ADXX:2:1110:19119:86978	HG001_chr1.633396.634413|HISEQ1:13:H8G92ADXX:2:1110:19119:86978	148	8277.0	8423.0	best_hit_to_mtDNA	5
A	C	8319	HG001_all_regions	HG001_chr1.633396.634413|HISEQ1:13:H8G92ADXX:2:1110:19119:86978	HG001_chr1.633396.634413|HISEQ1:13:H8G92ADXX:2:1110:19119:86978	148	8277.0	8423.0	best_hit_to_mtDNA	5
C	T	8402	HG001_all_regions	HG001_chr1.633396.634413|HISEQ1:13:H8G92ADXX:2:1110:19119:86978	HG001_chr1.633396.634413|HISEQ1:13:H8G92ADXX:2:1110:19119:86978	148	8277.0	8423.0	best_hit_to_mtDNA	5
C	A	8413	HG001_all_regions	HG001_chr1.633396.634413|HISEQ1:13:H8G92ADXX:2:1110:19119:86978	HG001_chr1.633396.634413|HISEQ1:13:H8G92ADXX:2:1110:19119:86978	148	8277.0	8423.0	best_hit_to_mtDNA	5
A	C	8474	HG001_all_regions	HG001_chr1.633396.634413|HWI-D00360:8:H88U0ADXX:2:1107:11523:68955	HG001_chr1.633396.634413|HWI-D00360:8:H88U0ADXX:2:1107:11523:68955	148	8471.0	8602.0	best_hit_to_mtDNA	18
T	C	8477	HG001_all_regions	HG001_chr1.633396.634413|HWI-D00360:8:H88U0ADXX:2:1107:11523:68955	HG001_chr1.633396.634413|HWI-D00360:8:H88U0ADXX:2:1107:11523:68955	148	8471.0	8602.0	best_hit_to_mtDNA	18
T	C	8481	HG001_all_regions	HG001_chr1.633396.634413|HWI-D00360:8:H88U0ADXX:2:1107:11523:68955	HG001_chr1.633396.634413|HWI-D00360:8:H88U0ADXX:2:1107:11523:68955	148	8471.0	8602.0	best_hit_to_mtDNA	18
T	A	8494	HG001_all_regions	HG001_chr1.633396.634413|HWI-D00360:8:H88U0ADXX:2:1107:11523:68955	HG001_chr1.633396.634413|HWI-D00360:8:H88U0ADXX:2:1107:11523:68955	148	8471.0	8602.0	best_hit_to_mtDNA	18
T	A	8500	HG001_all_regions	HG001_chr1.633396.634413|HWI-D00360:8:H88U0ADXX:2:1107:11523:68955	HG001_chr1.633396.634413|HWI-D00360:8:H88U0ADXX:2:1107:11523:68955	148	8471.0	8602.0	best_hit_to_mtDNA	18
T	C	8507	HG001_all_regions	HG001_chr1.633396.634413|HWI-D00360:8:H88U0ADXX:2:1107:11523:68955	HG001_chr1.633396.634413|HWI-D00360:8:H88U0ADXX:2:1107:11523:68955	148	8471.0	8602.0	best_hit_to_mtDNA	18
T	A	8510	HG001_all_regions	HG001_chr1.633396.634413|HWI-D00360:8:H88U0ADXX:2:1107:11523:68955	HG001_chr1.633396.634413|HWI-D00360:8:H88U0ADXX:2:1107:11523:68955	148	8471.0	8602.0	best_hit_to_mtDNA	18
A	C	8516	HG001_all_regions	HG001_chr1.633396.634413|HWI-D00360:8:H88U0ADXX:2:1107:11523:68955	HG001_chr1.633396.634413|HWI-D00360:8:H88U0ADXX:2:1107:11523:68955	148	8471.0	8602.0	best_hit_to_mtDNA	18
C	A	8527	HG001_all_regions	HG001_chr1.633396.634413|HWI-D00360:8:H88U0ADXX:2:1107:11523:68955	HG001_chr1.633396.634413|HWI-D00360:8:H88U0ADXX:2:1107:11523:68955	148	8471.0	8602.0	best_hit_to_mtDNA	18
G	A	8537	HG001_all_regions	HG001_chr1.633396.634413|HWI-D00360:8:H88U0ADXX:2:1107:11523:68955	HG001_chr1.633396.634413|HWI-D00360:8:H88U0ADXX:2:1107:11523:68955	148	8471.0	8602.0	best_hit_to_mtDNA	18
G	C	8549	HG001_all_regions	HG001_chr1.633396.634413|HWI-D00360:8:H88U0ADXX:2:1107:11523:68955	HG001_chr1.633396.634413|HWI-D00360:8:H88U0ADXX:2:1107:11523:68955	148	8471.0	8602.0	best_hit_to_mtDNA	18
T	C	8571	HG001_all_regions	HG001_chr1.633396.634413|HWI-D00360:8:H88U0ADXX:2:1107:11523:68955	HG001_chr1.633396.634413|HWI-D00360:8:H88U0ADXX:2:1107:11523:68955	148	8471.0	8602.0	best_hit_to_mtDNA	18
G	C	8577	HG001_all_regions	HG001_chr1.633396.634413|HWI-D00360:8:H88U0ADXX:2:1107:11523:68955	HG001_chr1.633396.634413|HWI-D00360:8:H88U0ADXX:2:1107:11523:68955	148	8471.0	8602.0	best_hit_to_mtDNA	18
A	C	8581	HG001_all_regions	HG001_chr1.633396.634413|HWI-D00360:8:H88U0ADXX:2:1107:11523:68955	HG001_chr1.633396.634413|HWI-D00360:8:H88U0ADXX:2:1107:11523:68955	148	8471.0	8602.0	best_hit_to_mtDNA	18
C	T	8770	HG001_all_regions	HG001_chr1.633396.634413|HISEQ1:14:H8GGVADXX:2:1208:15065:61481	HG001_chr1.633396.634413|HISEQ1:14:H8GGVADXX:2:1208:15065:61481	148	8715.0	8862.0	best_hit_to_mtDNA	2
A	G	8864	HG001_all_regions	HG001_chr1.633396.634413|HISEQ1:11:H8GV6ADXX:2:2102:11920:91644	HG001_chr1.633396.634413|HISEQ1:11:H8GV6ADXX:2:2102:11920:91644	148	8734.0	8879.0	best_hit_to_mtDNA	3
A	T	8743	HG001_all_regions	HG001_chr1.633396.634413|HISEQ1:11:H8GV6ADXX:2:2111:20074:17103	HG001_chr1.633396.634413|HISEQ1:11:H8GV6ADXX:2:2111:20074:17103	148	8740.0	8886.0	best_hit_to_mtDNA	7
A	C	8778	HG001_all_regions	HG001_chr1.633396.634413|HISEQ1:11:H8GV6ADXX:2:2111:20074:17103	HG001_chr1.633396.634413|HISEQ1:11:H8GV6ADXX:2:2111:20074:17103	148	8740.0	8886.0	best_hit_to_mtDNA	7
C	A	8800	HG001_all_regions	HG001_chr1.633396.634413|HISEQ1:11:H8GV6ADXX:2:2111:20074:17103	HG001_chr1.633396.634413|HISEQ1:11:H8GV6ADXX:2:2111:20074:17103	148	8740.0	8886.0	best_hit_to_mtDNA	7
C	A	8802	HG001_all_regions	HG001_chr1.633396.634413|HISEQ1:11:H8GV6ADXX:2:2111:20074:17103	HG001_chr1.633396.634413|HISEQ1:11:H8GV6ADXX:2:2111:20074:17103	148	8740.0	8886.0	best_hit_to_mtDNA	7
A	C	8807	HG001_all_regions	HG001_chr1.633396.634413|HISEQ1:11:H8GV6ADXX:2:2111:20074:17103	HG001_chr1.633396.634413|HISEQ1:11:H8GV6ADXX:2:2111:20074:17103	148	8740.0	8886.0	best_hit_to_mtDNA	7
A	C	8830	HG001_all_regions	HG001_chr1.633396.634413|HISEQ1:11:H8GV6ADXX:2:2111:20074:17103	HG001_chr1.633396.634413|HISEQ1:11:H8GV6ADXX:2:2111:20074:17103	148	8740.0	8886.0	best_hit_to_mtDNA	7
A	G	8864	HG001_all_regions	HG001_chr1.633396.634413|HISEQ1:11:H8GV6ADXX:2:2111:20074:17103	HG001_chr1.633396.634413|HISEQ1:11:H8GV6ADXX:2:2111:20074:17103	148	8740.0	8886.0	best_hit_to_mtDNA	7
A	G	8864	HG001_all_regions	HG001_chr1.633396.634413|HISEQ1:16:H948VADXX:1:1104:16286:24082	HG001_chr1.633396.634413|HISEQ1:16:H948VADXX:1:1104:16286:24082	148	8771.0	8909.0	best_hit_to_mtDNA	8
C	T	8772	HG001_all_regions	HG001_chr1.633396.634413|HISEQ1:16:H948VADXX:1:1104:16286:24082	HG001_chr1.633396.634413|HISEQ1:16:H948VADXX:1:1104:16286:24082	148	8771.0	8909.0	best_hit_to_mtDNA	6
A	C	8773	HG001_all_regions	HG001_chr1.633396.634413|HISEQ1:16:H948VADXX:1:1104:16286:24082	HG001_chr1.633396.634413|HISEQ1:16:H948VADXX:1:1104:16286:24082	148	8771.0	8909.0	best_hit_to_mtDNA	6
A	T	8774	HG001_all_regions	HG001_chr1.633396.634413|HISEQ1:16:H948VADXX:1:1104:16286:24082	HG001_chr1.633396.634413|HISEQ1:16:H948VADXX:1:1104:16286:24082	148	8771.0	8909.0	best_hit_to_mtDNA	6
A	G	8864	HG001_all_regions	HG001_chr1.633396.634413|HISEQ1:16:H948VADXX:1:1104:16286:24082	HG001_chr1.633396.634413|HISEQ1:16:H948VADXX:1:1104:16286:24082	148	8771.0	8909.0	best_hit_to_mtDNA	6
A	G	8864	HG001_all_regions	HG001_chr1.633396.634413|HISEQ1:13:H8G92ADXX:1:2212:3744:90306	HG001_chr1.633396.634413|HISEQ1:13:H8G92ADXX:1:2212:3744:90306	148	8797.0	8944.0	best_hit_to_mtDNA	1
A	G	8864	HG001_all_regions	HG001_chr1.633396.634413|HISEQ1:9:H8962ADXX:2:2204:10740:56526	HG001_chr1.633396.634413|HISEQ1:9:H8962ADXX:2:2204:10740:56526	148	8799.0	8946.0	best_hit_to_mtDNA	1
A	T	9233	HG001_all_regions	HG001_chr1.633396.634413|HWI-D00360:6:H81VLADXX:2:1116:11751:85239	HG001_chr1.633396.634413|HWI-D00360:6:H81VLADXX:2:1116:11751:85239	148	9178.0	9325.0	best_hit_to_mtDNA	3
A	C	9246	HG001_all_regions	HG001_chr1.633396.634413|HWI-D00360:6:H81VLADXX:2:1116:11751:85239	HG001_chr1.633396.634413|HWI-D00360:6:H81VLADXX:2:1116:11751:85239	148	9178.0	9325.0	best_hit_to_mtDNA	3
A	G	9258	HG001_all_regions	HG001_chr1.633396.634413|HWI-D00360:6:H81VLADXX:2:1116:11751:85239	HG001_chr1.633396.634413|HWI-D00360:6:H81VLADXX:2:1116:11751:85239	148	9178.0	9325.0	best_hit_to_mtDNA	3
A	C	9218	HG001_all_regions	HG001_chr1.633396.634413|HISEQ1:14:H8GGVADXX:1:1214:18519:96631	HG001_chr1.633396.634413|HISEQ1:14:H8GGVADXX:1:1214:18519:96631	148	9184.0	9331.0	best_hit_to_mtDNA	6
A	G	9240	HG001_all_regions	HG001_chr1.633396.634413|HISEQ1:14:H8GGVADXX:1:1214:18519:96631	HG001_chr1.633396.634413|HISEQ1:14:H8GGVADXX:1:1214:18519:96631	148	9184.0	9331.0	best_hit_to_mtDNA	6
A	G	9258	HG001_all_regions	HG001_chr1.633396.634413|HISEQ1:14:H8GGVADXX:1:1214:18519:96631	HG001_chr1.633396.634413|HISEQ1:14:H8GGVADXX:1:1214:18519:96631	148	9184.0	9331.0	best_hit_to_mtDNA	6
C	G	9285	HG001_all_regions	HG001_chr1.633396.634413|HISEQ1:14:H8GGVADXX:1:1214:18519:96631	HG001_chr1.633396.634413|HISEQ1:14:H8GGVADXX:1:1214:18519:96631	148	9184.0	9331.0	best_hit_to_mtDNA	6
A	T	9292	HG001_all_regions	HG001_chr1.633396.634413|HISEQ1:14:H8GGVADXX:1:1214:18519:96631	HG001_chr1.633396.634413|HISEQ1:14:H8GGVADXX:1:1214:18519:96631	148	9184.0	9331.0	best_hit_to_mtDNA	6
A	G	9317	HG001_all_regions	HG001_chr1.633396.634413|HISEQ1:14:H8GGVADXX:1:1214:18519:96631	HG001_chr1.633396.634413|HISEQ1:14:H8GGVADXX:1:1214:18519:96631	148	9184.0	9331.0	best_hit_to_mtDNA	6
T	A	16507	HG001_all_regions	HG001_chr11.49861375.49862857|HISEQ1:17:H947YADXX:2:2203:20024:98659	HG001_chr11.49861375.49862857|HISEQ1:17:H947YADXX:2:2203:20024:98659	66	16499.0	16569.0	best_hit_to_mtDNA	3
T	C	16524	HG001_all_regions	HG001_chr11.49861375.49862857|HISEQ1:17:H947YADXX:2:2203:20024:98659	HG001_chr11.49861375.49862857|HISEQ1:17:H947YADXX:2:2203:20024:98659	66	16499.0	16569.0	best_hit_to_mtDNA	3
C	T	16532	HG001_all_regions	HG001_chr11.49861375.49862857|HISEQ1:17:H947YADXX:2:2203:20024:98659	HG001_chr11.49861375.49862857|HISEQ1:17:H947YADXX:2:2203:20024:98659	66	16499.0	16569.0	best_hit_to_mtDNA	3
G	A	16501	HG001_all_regions	HG001_chr11.49861375.49862857|HISEQ1:11:H8GV6ADXX:2:1202:20626:51321	HG001_chr11.49861375.49862857|HISEQ1:11:H8GV6ADXX:2:1202:20626:51321	80	16485.0	16569.0	best_hit_to_mtDNA	3
T	C	16524	HG001_all_regions	HG001_chr11.49861375.49862857|HISEQ1:11:H8GV6ADXX:2:1202:20626:51321	HG001_chr11.49861375.49862857|HISEQ1:11:H8GV6ADXX:2:1202:20626:51321	80	16485.0	16569.0	best_hit_to_mtDNA	3
C	T	16532	HG001_all_regions	HG001_chr11.49861375.49862857|HISEQ1:11:H8GV6ADXX:2:1202:20626:51321	HG001_chr11.49861375.49862857|HISEQ1:11:H8GV6ADXX:2:1202:20626:51321	80	16485.0	16569.0	best_hit_to_mtDNA	3
T	C	12717	HG001_all_regions	HG001_chr5.32337638.32339095|HWI-D00360:8:H88U0ADXX:1:2107:15363:82618	HG001_chr5.32337638.32339095|HWI-D00360:8:H88U0ADXX:1:2107:15363:82618	155	12715.0	12821.0	best_hit_to_mtDNA	43
T	C	12718	HG001_all_regions	HG001_chr5.32337638.32339095|HWI-D00360:8:H88U0ADXX:1:2107:15363:82618	HG001_chr5.32337638.32339095|HWI-D00360:8:H88U0ADXX:1:2107:15363:82618	155	12715.0	12821.0	best_hit_to_mtDNA	43
C	T	12720	HG001_all_regions	HG001_chr5.32337638.32339095|HWI-D00360:8:H88U0ADXX:1:2107:15363:82618	HG001_chr5.32337638.32339095|HWI-D00360:8:H88U0ADXX:1:2107:15363:82618	155	12715.0	12821.0	best_hit_to_mtDNA	43
C	T	12721	HG001_all_regions	HG001_chr5.32337638.32339095|HWI-D00360:8:H88U0ADXX:1:2107:15363:82618	HG001_chr5.32337638.32339095|HWI-D00360:8:H88U0ADXX:1:2107:15363:82618	155	12715.0	12821.0	best_hit_to_mtDNA	43
A	G	12722	HG001_all_regions	HG001_chr5.32337638.32339095|HWI-D00360:8:H88U0ADXX:1:2107:15363:82618	HG001_chr5.32337638.32339095|HWI-D00360:8:H88U0ADXX:1:2107:15363:82618	155	12715.0	12821.0	best_hit_to_mtDNA	43
T	C	12723	HG001_all_regions	HG001_chr5.32337638.32339095|HWI-D00360:8:H88U0ADXX:1:2107:15363:82618	HG001_chr5.32337638.32339095|HWI-D00360:8:H88U0ADXX:1:2107:15363:82618	155	12715.0	12821.0	best_hit_to_mtDNA	43
C	G	14832	HG001_all_regions	HG001_chr5.32337638.32339095|HWI-D00360:7:H88WKADXX:1:1214:17891:24868	HG001_chr5.32337638.32339095|HWI-D00360:7:H88WKADXX:1:1214:17891:24868	158	14831.0	14932.0	best_hit_to_mtDNA	46
T	C	14833	HG001_all_regions	HG001_chr5.32337638.32339095|HWI-D00360:7:H88WKADXX:1:1214:17891:24868	HG001_chr5.32337638.32339095|HWI-D00360:7:H88WKADXX:1:1214:17891:24868	158	14831.0	14932.0	best_hit_to_mtDNA	46
C	T	14834	HG001_all_regions	HG001_chr5.32337638.32339095|HWI-D00360:7:H88WKADXX:1:1214:17891:24868	HG001_chr5.32337638.32339095|HWI-D00360:7:H88WKADXX:1:1214:17891:24868	158	14831.0	14932.0	best_hit_to_mtDNA	46
C	G	14835	HG001_all_regions	HG001_chr5.32337638.32339095|HWI-D00360:7:H88WKADXX:1:1214:17891:24868	HG001_chr5.32337638.32339095|HWI-D00360:7:H88WKADXX:1:1214:17891:24868	158	14831.0	14932.0	best_hit_to_mtDNA	46
