	Pvalue_less(0.0004999999999999449) & Pvalue_greater(1.0)
0	0.16727584237578527
1	0.17075956596230726
2	0.16901770416904627
3	0.17033123929183325
4	0.17067390062821244
5	0.1706453455168475
6	0.16710451170759566
7	0.16961736150770987
8	0.1671330668189606
9	0.16918903483723585
10	0.17033123929183325
11	0.17001713306681895
12	0.16824671616219303
13	0.16818960593946317
14	0.17010279840091377
15	0.17224443175328383
16	0.1706453455168475
17	0.17041690462592804
18	0.16973158195316962
19	0.17241576242147344
20	0.1698172472872644
21	0.16933181039406053
22	0.17164477441462023
23	0.17215876641918904
24	0.17164477441462023
25	0.16907481439177613
26	0.16990291262135923
27	0.16918903483723585
28	0.17001713306681895
29	0.17110222729868646
30	0.1718732153055397
31	0.16741861793260993
32	0.1683038263849229
33	0.17015990862364364
34	0.17158766419189034
35	0.17307252998286693
36	0.16910336950314106
37	0.17541404911479155
38	0.17173043974871502
39	0.17173043974871502
40	0.16967447173043976
41	0.17035979440319818
42	0.17153055396916048
43	0.16604797258709308
44	0.1707310108509423
45	0.1727869788692176
46	0.17153055396916048
47	0.16916047972587092
48	0.17235865219874358
49	0.16690462592804112
50	0.17241576242147344
51	0.17010279840091377
52	0.16876070816676186
53	0.16927470017133067
54	0.17084523129640206
55	0.1706453455168475
56	0.1698172472872644
57	0.17298686464877214
58	0.17055968018275272
59	0.17010279840091377
60	0.17164477441462023
61	0.17081667618503713
62	0.1687321530553969
63	0.17201599086236435
64	0.16856082238720732
65	0.16978869217589948
66	0.16950314106225015
67	0.1712164477441462
68	0.1693889206167904
69	0.17184466019417477
70	0.16876070816676186
71	0.17158766419189034
72	0.16993146773272416
73	0.17110222729868646
74	0.1682181610508281
75	0.16784694460308394
76	0.16790405482581383
77	0.167390062821245
78	0.17050256996002283
79	0.17004568817818388
80	0.17033123929183325
81	0.16953169617361508
82	0.17272986864648773
83	0.16933181039406053
84	0.16761850371216447
85	0.16818960593946317
86	0.17004568817818388
87	0.17093089663049685
88	0.16893203883495145
89	0.1706453455168475
90	0.169131924614506
91	0.16944603083952028
92	0.165648201027984
93	0.17067390062821244
94	0.17167332952598516
95	0.17061679040548258
96	0.17190177041690463
97	0.16918903483723585
98	0.16956025128498
99	0.16633352370074242
100	0.16941747572815535
101	0.1702170188463735
102	0.16956025128498
103	0.17055968018275272
104	0.1727869788692176
105	0.17055968018275272
106	0.17024557395773843
107	0.17007424328954882
108	0.17067390062821244
109	0.1710451170759566
110	0.16701884637350087
111	0.16619074814391777
112	0.16867504283266704
113	0.1718161050828098
114	0.1658195316961736
115	0.1707310108509423
116	0.17090234151913192
117	0.17292975442604225
118	0.17193032552826956
119	0.16876070816676186
120	0.17090234151913192
121	0.1701313535122787
122	0.16724728726442034
123	0.1717018846373501
124	0.1702170188463735
125	0.17230154197601372
126	0.16998857795545402
127	0.16956025128498
128	0.16576242147344375
129	0.1702170188463735
130	0.1718732153055397
131	0.1703883495145631
132	0.1718732153055397
133	0.17301541976013707
134	0.17167332952598516
135	0.16933181039406053
136	0.16724728726442034
137	0.1706453455168475
138	0.1718161050828098
139	0.17027412906910336
140	0.17341519131924615
141	0.17035979440319818
142	0.17292975442604225
143	0.1667904054825814
144	0.1718732153055397
145	0.1667332952598515
146	0.1681324957167333
147	0.1681324957167333
148	0.16584808680753854
149	0.17689891490576815
150	0.1718161050828098
151	0.16719017704169045
152	0.16776127926898915
153	0.17224443175328383
154	0.17318675042832668
155	0.16798972015990862
156	0.1659623072529983
157	0.16964591661907483
158	0.1687892632781268
159	0.17144488863506568
160	0.17004568817818388
161	0.17127355796687607
162	0.17004568817818388
163	0.16716162193032552
164	0.1723872073101085
165	0.16944603083952028
166	0.1670474014848658
167	0.16947458595088521
168	0.16841804683038264
169	0.17224443175328383
170	0.17167332952598516
171	0.17141633352370075
172	0.16893203883495145
173	0.1679611650485437
174	0.16690462592804112
175	0.16944603083952028
176	0.16950314106225015
177	0.17058823529411765
178	0.17033123929183325
179	0.16924614505996574
180	0.1712164477441462
181	0.17015990862364364
182	0.16858937749857225
183	0.16727584237578527
184	0.17058823529411765
185	0.16790405482581383
186	0.1643061107938321
187	0.1709594517418618
188	0.1715591090805254
189	0.17218732153055397
190	0.1718732153055397
191	0.17147344374643061
192	0.16961736150770987
193	0.16724728726442034
194	0.1683038263849229
195	0.16858937749857225
196	0.17292975442604225
197	0.1667904054825814
198	0.16856082238720732
199	0.1684751570531125
200	0.1699600228440891
201	0.17281553398058253
202	0.17084523129640206
203	0.16973158195316962
204	0.17284408909194746
205	0.17258709308966305
206	0.16870359794403197
207	0.1699600228440891
208	0.17010279840091377
209	0.17001713306681895
210	0.17430039977155912
211	0.17575671045117075
212	0.17601370645345518
213	0.1686464877213021
214	0.17124500285551114
215	0.16736150770988006
216	0.171302113078241
217	0.16896059394631638
218	0.17398629354654482
219	0.16861793260993718
220	0.17201599086236435
221	0.16850371216447743
222	0.17401484865790975
223	0.1709594517418618
224	0.1699600228440891
225	0.17215876641918904
226	0.17007424328954882
227	0.17224443175328383
228	0.16724728726442034
229	0.1733009708737864
230	0.1704740148486579
231	0.17033123929183325
232	0.17204454597372928
233	0.17084523129640206
234	0.16716162193032552
235	0.17007424328954882
236	0.16784694460308394
237	0.16910336950314106
238	0.171302113078241
239	0.16510565391205026
240	0.17144488863506568
241	0.1697030268418047
242	0.1712164477441462
243	0.17081667618503713
244	0.16956025128498
245	0.17147344374643061
246	0.17218732153055397
247	0.16858937749857225
248	0.16636207881210738
249	0.16836093660765278
250	0.16773272415762422
251	0.16936036550542546
252	0.16579097658480868
253	0.17061679040548258
254	0.17001713306681895
255	0.1707881210736722
256	0.171302113078241
257	0.1721302113078241
258	0.16656196459166192
259	0.17075956596230726
260	0.17090234151913192
261	0.1725299828669332
262	0.16573386636207882
263	0.16716162193032552
264	0.1683894917190177
265	0.17010279840091377
266	0.17244431753283837
267	0.16804683038263848
268	0.1679611650485437
269	0.17118789263278128
270	0.17050256996002283
271	0.16524842946887494
272	0.16950314106225015
273	0.16561964591661907
274	0.1706453455168475
275	0.16801827527127355
276	0.17027412906910336
277	0.1709594517418618
278	0.17190177041690463
279	0.1712164477441462
280	0.16773272415762422
281	0.17010279840091377
282	0.16953169617361508
283	0.17110222729868646
284	0.1671330668189606
285	0.17027412906910336
286	0.16936036550542546
287	0.17070245573957737
288	0.17215876641918904
289	0.1693889206167904
290	0.1716162193032553
291	0.17093089663049685
292	0.1715591090805254
293	0.16990291262135923
294	0.17070245573957737
295	0.1670474014848658
296	0.1723872073101085
297	0.1711307824100514
298	0.17133066818960593
299	0.1716162193032553
300	0.16924614505996574
301	0.17255853797829812
302	0.17244431753283837
303	0.16790405482581383
304	0.1686464877213021
305	0.16933181039406053
306	0.1698743575099943
307	0.17124500285551114
308	0.17127355796687607
309	0.1688749286122216
310	0.1719588806396345
311	0.16876070816676186
312	0.17147344374643061
313	0.17133066818960593
314	0.16610508280982295
315	0.1711307824100514
316	0.16953169617361508
317	0.17158766419189034
318	0.17301541976013707
319	0.16733295259851513
320	0.16961736150770987
321	0.1662193032552827
322	0.1716162193032553
323	0.17075956596230726
324	0.16804683038263848
325	0.17001713306681895
326	0.17141633352370075
327	0.16599086236436322
328	0.17061679040548258
329	0.16956025128498
330	0.16684751570531126
331	0.1690462592804112
332	0.16773272415762422
333	0.16898914905768134
334	0.16656196459166192
335	0.17127355796687607
336	0.16470588235294117
337	0.16833238149628785
338	0.17004568817818388
339	0.1707881210736722
340	0.17292975442604225
341	0.1683894917190177
342	0.16984580239862934
343	0.16776127926898915
344	0.1744717304397487
345	0.17035979440319818
346	0.17475728155339806
347	0.170873786407767
348	0.17335808109651626
349	0.17307252998286693
350	0.1705311250713878
351	0.1686464877213021
352	0.1717018846373501
353	0.1646487721302113
354	0.17055968018275272
355	0.17210165619645917
356	0.17110222729868646
357	0.1682181610508281
358	0.1687892632781268
359	0.17110222729868646
360	0.1711307824100514
361	0.17250142775556826
362	0.17173043974871502
363	0.16833238149628785
364	0.16947458595088521
365	0.16967447173043976
366	0.17115933752141632
367	0.16941747572815535
368	0.1673043974871502
369	0.17084523129640206
370	0.16896059394631638
371	0.16927470017133067
372	0.17124500285551114
373	0.17084523129640206
374	0.1719588806396345
375	0.16924614505996574
376	0.171302113078241
377	0.17250142775556826
378	0.1675613934894346
379	0.1670474014848658
380	0.16876070816676186
381	0.17135922330097086
382	0.17184466019417477
383	0.17018846373500857
384	0.1684751570531125
385	0.1686464877213021
386	0.1687321530553969
387	0.1722158766419189
388	0.17115933752141632
389	0.16941747572815535
390	0.16967447173043976
391	0.16793260993717876
392	0.16933181039406053
393	0.17081667618503713
394	0.17024557395773843
395	0.16856082238720732
396	0.16910336950314106
397	0.16807538549400342
398	0.16719017704169045
399	0.1718732153055397
400	0.16856082238720732
401	0.17267275842375784
402	0.17350085665334095
403	0.16778983438035408
404	0.1706453455168475
405	0.16818960593946317
406	0.17001713306681895
407	0.16901770416904627
408	0.17030268418046832
409	0.17035979440319818
410	0.17307252998286693
411	0.1746430611079383
412	0.1679611650485437
413	0.16707595659623073
414	0.17338663620788122
415	0.16958880639634494
416	0.16998857795545402
417	0.16804683038263848
418	0.16901770416904627
419	0.1707881210736722
420	0.17090234151913192
421	0.1699600228440891
422	0.17084523129640206
423	0.1707881210736722
424	0.16867504283266704
425	0.17024557395773843
426	0.16890348372358652
427	0.1673043974871502
428	0.17267275842375784
429	0.1687892632781268
430	0.1699600228440891
431	0.17055968018275272
432	0.17027412906910336
433	0.17010279840091377
434	0.17204454597372928
435	0.16916047972587092
436	0.17215876641918904
437	0.17378640776699028
438	0.17075956596230726
439	0.17041690462592804
440	0.17035979440319818
441	0.1701313535122787
442	0.17350085665334095
443	0.1701313535122787
444	0.16898914905768134
445	0.17127355796687607
446	0.1710451170759566
447	0.17058823529411765
448	0.16684751570531126
449	0.1710451170759566
450	0.16724728726442034
451	0.16419189034837237
452	0.17392918332381496
453	0.16858937749857225
454	0.16876070816676186
455	0.17061679040548258
456	0.16818960593946317
457	0.17270131353512277
458	0.1650485436893204
459	0.1687321530553969
460	0.17018846373500857
461	0.16667618503712164
462	0.17055968018275272
463	0.167818389491719
464	0.16584808680753854
465	0.16867504283266704
466	0.17175899486007995
467	0.1671330668189606
468	0.16916047972587092
469	0.17173043974871502
470	0.17055968018275272
471	0.17090234151913192
472	0.17035979440319818
473	0.16719017704169045
474	0.1738720731010851
475	0.17093089663049685
476	0.17058823529411765
477	0.1731296402055968
478	0.1711307824100514
479	0.16918903483723585
480	0.17061679040548258
481	0.16850371216447743
482	0.16816105082809824
483	0.17033123929183325
484	0.17301541976013707
485	0.17144488863506568
486	0.173043974871502
487	0.16836093660765278
488	0.16804683038263848
489	0.17241576242147344
490	0.16693318103940605
491	0.16661907481439178
492	0.1688749286122216
493	0.17261564820102798
494	0.1693032552826956
495	0.16747572815533981
496	0.1709594517418618
497	0.16644774414620217
498	0.17178754997144488
499	0.16881781838949173
500	0.16998857795545402
501	0.17033123929183325
502	0.1711307824100514
503	0.17070245573957737
504	0.16956025128498
505	0.1719588806396345
506	0.1698743575099943
507	0.1693889206167904
508	0.1676470588235294
509	0.16861793260993718
510	0.16924614505996574
511	0.1701313535122787
512	0.17018846373500857
513	0.16907481439177613
514	0.17098800685322674
515	0.1735579668760708
516	0.16956025128498
517	0.16670474014848657
518	0.17041690462592804
519	0.17307252998286693
520	0.17050256996002283
521	0.17298686464877214
522	0.16876070816676186
523	0.16881781838949173
524	0.16896059394631638
525	0.16727584237578527
526	0.170873786407767
527	0.17055968018275272
528	0.17050256996002283
529	0.16947458595088521
530	0.1702170188463735
531	0.17093089663049685
532	0.16719017704169045
533	0.1729583095374072
534	0.1687892632781268
535	0.17150199885779555
536	0.16964591661907483
537	0.17027412906910336
538	0.16753283837806968
539	0.16804683038263848
540	0.17067390062821244
541	0.17490005711022272
542	0.17055968018275272
543	0.17027412906910336
544	0.17050256996002283
545	0.16856082238720732
546	0.17093089663049685
547	0.17030268418046832
548	0.17010279840091377
549	0.16950314106225015
550	0.169131924614506
551	0.17307252998286693
552	0.17015990862364364
553	0.17418617932609937
554	0.16933181039406053
555	0.1693889206167904
556	0.16604797258709308
557	0.1676470588235294
558	0.1718161050828098
559	0.17318675042832668
560	0.17058823529411765
561	0.17175899486007995
562	0.1692175899486008
563	0.1732153055396916
564	0.1692175899486008
565	0.1692175899486008
566	0.16798972015990862
567	0.17107367218732153
568	0.16747572815533981
569	0.16861793260993718
570	0.16978869217589948
571	0.17144488863506568
572	0.17290119931467732
573	0.16961736150770987
574	0.17124500285551114
575	0.17344374643061108
576	0.17041690462592804
577	0.16993146773272416
578	0.1697030268418047
579	0.16861793260993718
580	0.1676470588235294
581	0.1679611650485437
582	0.1716162193032553
583	0.16910336950314106
584	0.17124500285551114
585	0.16836093660765278
586	0.16761850371216447
587	0.1735579668760708
588	0.17218732153055397
589	0.16816105082809824
590	0.17153055396916048
591	0.16973158195316962
592	0.16978869217589948
593	0.17133066818960593
594	0.1697030268418047
595	0.17061679040548258
596	0.16758994860079954
597	0.16927470017133067
598	0.17061679040548258
599	0.16824671616219303
600	0.17144488863506568
601	0.16890348372358652
602	0.17184466019417477
603	0.17081667618503713
604	0.1650485436893204
605	0.16861793260993718
606	0.17070245573957737
607	0.16933181039406053
608	0.16681896059394632
609	0.17284408909194746
610	0.17375785265562535
611	0.17327241576242147
612	0.17070245573957737
613	0.16973158195316962
614	0.16976013706453455
615	0.16850371216447743
616	0.1688749286122216
617	0.17058823529411765
618	0.16624785836664763
619	0.16753283837806968
620	0.17418617932609937
621	0.16947458595088521
622	0.17093089663049685
623	0.17030268418046832
624	0.16953169617361508
625	0.17281553398058253
626	0.1693889206167904
627	0.16787549971444887
628	0.16798972015990862
629	0.16998857795545402
630	0.1663049685893775
631	0.17255853797829812
632	0.16924614505996574
633	0.16858937749857225
634	0.16741861793260993
635	0.17001713306681895
636	0.16844660194174757
637	0.16659051970302685
638	0.17044545973729297
639	0.17044545973729297
640	0.16953169617361508
641	0.16836093660765278
642	0.16876070816676186
643	0.1717018846373501
644	0.16810394060536837
645	0.1715591090805254
646	0.17030268418046832
647	0.16998857795545402
648	0.17215876641918904
649	0.16824671616219303
650	0.16816105082809824
651	0.17144488863506568
652	0.16916047972587092
653	0.16927470017133067
654	0.16744717304397488
655	0.16978869217589948
656	0.17344374643061108
657	0.17127355796687607
658	0.17210165619645917
659	0.16933181039406053
660	0.16933181039406053
661	0.1693889206167904
662	0.17167332952598516
663	0.16744717304397488
664	0.16936036550542546
665	0.16936036550542546
666	0.17058823529411765
667	0.16767561393489436
668	0.16890348372358652
669	0.1673043974871502
670	0.16978869217589948
671	0.16690462592804112
672	0.17173043974871502
673	0.17444317532838377
674	0.16944603083952028
675	0.16933181039406053
676	0.16521987435750998
677	0.1693889206167904
678	0.16773272415762422
679	0.16978869217589948
680	0.1707881210736722
681	0.16750428326670475
682	0.16750428326670475
683	0.1681324957167333
684	0.16910336950314106
685	0.17347230154197602
686	0.17158766419189034
687	0.17081667618503713
688	0.1736150770988007
689	0.16747572815533981
690	0.16881781838949173
691	0.16924614505996574
692	0.17055968018275272
693	0.16916047972587092
694	0.17033123929183325
695	0.16870359794403197
696	0.1697030268418047
697	0.17110222729868646
698	0.1675613934894346
699	0.16893203883495145
700	0.17344374643061108
701	0.17061679040548258
702	0.17224443175328383
703	0.16884637350085666
704	0.1707881210736722
705	0.17067390062821244
706	0.1692175899486008
707	0.1739577384351799
708	0.16901770416904627
709	0.16733295259851513
710	0.1681324957167333
711	0.16536264991433466
712	0.17267275842375784
713	0.17272986864648773
714	0.17147344374643061
715	0.1699600228440891
716	0.1667332952598515
717	0.17158766419189034
718	0.17441462021701884
719	0.17173043974871502
720	0.16944603083952028
721	0.17127355796687607
722	0.17150199885779555
723	0.16696173615077098
724	0.16867504283266704
725	0.16936036550542546
726	0.17227298686464876
727	0.17081667618503713
728	0.16984580239862934
729	0.1725299828669332
730	0.17124500285551114
731	0.17178754997144488
732	0.17033123929183325
733	0.17001713306681895
734	0.16918903483723585
735	0.167818389491719
736	0.16818960593946317
737	0.1699600228440891
738	0.1716162193032553
739	0.16719017704169045
740	0.17061679040548258
741	0.17098800685322674
742	0.16907481439177613
743	0.16976013706453455
744	0.16990291262135923
745	0.1697030268418047
746	0.16984580239862934
747	0.17235865219874358
748	0.16850371216447743
749	0.17350085665334095
750	0.1697030268418047
751	0.16876070816676186
752	0.16833238149628785
753	0.1699600228440891
754	0.1748715019988578
755	0.169131924614506
756	0.16944603083952028
757	0.1718732153055397
758	0.17475728155339806
759	0.1698172472872644
760	0.16773272415762422
761	0.1713877784123358
762	0.16961736150770987
763	0.169131924614506
764	0.16953169617361508
765	0.17301541976013707
766	0.170873786407767
767	0.1682181610508281
768	0.17118789263278128
769	0.16778983438035408
770	0.1671330668189606
771	0.16527698458023987
772	0.17058823529411765
773	0.17230154197601372
774	0.16724728726442034
775	0.1717018846373501
776	0.17527127355796687
777	0.1687321530553969
778	0.17255853797829812
779	0.17118789263278128
780	0.17081667618503713
781	0.1723872073101085
782	0.17124500285551114
783	0.17107367218732153
784	0.16953169617361508
785	0.1684751570531125
786	0.17001713306681895
787	0.175214163335237
788	0.17033123929183325
789	0.1717018846373501
790	0.16984580239862934
791	0.16793260993717876
792	0.171302113078241
793	0.17007424328954882
794	0.16681896059394632
795	0.17135922330097086
796	0.16944603083952028
797	0.17190177041690463
798	0.1686464877213021
799	0.17144488863506568
800	0.17227298686464876
801	0.16918903483723585
802	0.16918903483723585
803	0.16944603083952028
804	0.16850371216447743
805	0.17235865219874358
806	0.17204454597372928
807	0.16787549971444887
808	0.16776127926898915
809	0.16867504283266704
810	0.17001713306681895
811	0.16790405482581383
812	0.1664762992575671
813	0.17315819531696175
814	0.16967447173043976
815	0.1704740148486579
816	0.17310108509423186
817	0.17178754997144488
818	0.17450028555111366
819	0.16953169617361508
820	0.17173043974871502
821	0.1701313535122787
822	0.17207310108509424
823	0.1718161050828098
824	0.17001713306681895
825	0.17093089663049685
826	0.17090234151913192
827	0.17098800685322674
828	0.16896059394631638
829	0.1727869788692176
830	0.16676185037121644
831	0.17018846373500857
832	0.17041690462592804
833	0.16884637350085666
834	0.1682181610508281
835	0.1705311250713878
836	0.1748715019988578
837	0.17015990862364364
838	0.16707595659623073
839	0.16933181039406053
840	0.16947458595088521
841	0.17030268418046832
842	0.170873786407767
843	0.17024557395773843
844	0.1705311250713878
845	0.1688749286122216
846	0.16807538549400342
847	0.16956025128498
848	0.17124500285551114
849	0.17153055396916048
850	0.16767561393489436
851	0.16856082238720732
852	0.16701884637350087
853	0.1710451170759566
854	0.17255853797829812
855	0.17318675042832668
856	0.17124500285551114
857	0.1722158766419189
858	0.16944603083952028
859	0.17055968018275272
860	0.16867504283266704
861	0.1688749286122216
862	0.16804683038263848
863	0.17281553398058253
864	0.17004568817818388
865	0.16804683038263848
866	0.17093089663049685
867	0.16541976013706453
868	0.16816105082809824
869	0.16967447173043976
870	0.16459166190748145
871	0.16684751570531126
872	0.1671330668189606
873	0.16956025128498
874	0.16976013706453455
875	0.1653912050256996
876	0.1710451170759566
877	0.17207310108509424
878	0.17061679040548258
879	0.16950314106225015
880	0.16964591661907483
881	0.16856082238720732
882	0.1699600228440891
883	0.1724728726442033
884	0.16993146773272416
885	0.16750428326670475
886	0.16958880639634494
887	0.17230154197601372
888	0.16958880639634494
889	0.17010279840091377
890	0.17364363221016563
891	0.16690462592804112
892	0.1721302113078241
893	0.17352941176470588
894	0.170873786407767
895	0.17261564820102798
896	0.1701313535122787
897	0.17004568817818388
898	0.17007424328954882
899	0.16896059394631638
900	0.16750428326670475
901	0.1712164477441462
902	0.1698172472872644
903	0.17467161621930324
904	0.17215876641918904
905	0.1737007424328955
906	0.1698172472872644
907	0.16801827527127355
908	0.1697030268418047
909	0.16724728726442034
910	0.1671330668189606
911	0.17075956596230726
912	0.1725299828669332
913	0.17070245573957737
914	0.1676470588235294
915	0.1697030268418047
916	0.1726442033123929
917	0.1692175899486008
918	0.16998857795545402
919	0.171302113078241
920	0.1659623072529983
921	0.17358652198743574
922	0.1737007424328955
923	0.16733295259851513
924	0.17107367218732153
925	0.16656196459166192
926	0.1683894917190177
927	0.16896059394631638
928	0.17018846373500857
929	0.16967447173043976
930	0.1690462592804112
931	0.17055968018275272
932	0.1686464877213021
933	0.167818389491719
934	0.1688749286122216
935	0.16916047972587092
936	0.16793260993717876
937	0.1721302113078241
938	0.16950314106225015
939	0.1736150770988007
940	0.167818389491719
941	0.1731296402055968
942	0.1707310108509423
943	0.1699600228440891
944	0.16750428326670475
945	0.17158766419189034
946	0.1711307824100514
947	0.1748715019988578
948	0.1709594517418618
949	0.16933181039406053
950	0.16624785836664763
951	0.1711307824100514
952	0.16733295259851513
953	0.16850371216447743
954	0.17307252998286693
955	0.1723872073101085
956	0.16967447173043976
957	0.1702170188463735
958	0.17098800685322674
959	0.16978869217589948
960	0.17007424328954882
961	0.17067390062821244
962	0.17270131353512277
963	0.16710451170759566
964	0.1722158766419189
965	0.16933181039406053
966	0.17204454597372928
967	0.16818960593946317
968	0.17015990862364364
969	0.1702170188463735
970	0.17115933752141632
971	0.16941747572815535
972	0.1681324957167333
973	0.17381496287835524
974	0.16844660194174757
975	0.17067390062821244
976	0.17015990862364364
977	0.17007424328954882
978	0.17001713306681895
979	0.17261564820102798
980	0.16810394060536837
981	0.17001713306681895
982	0.17093089663049685
983	0.16787549971444887
984	0.17378640776699028
985	0.1737007424328955
986	0.17344374643061108
987	0.17010279840091377
988	0.16896059394631638
989	0.17164477441462023
990	0.17173043974871502
991	0.17193032552826956
992	0.16841804683038264
993	0.17044545973729297
994	0.16773272415762422
995	0.1676470588235294
996	0.1711307824100514
997	0.16501998857795547
998	0.16676185037121644
999	0.16767561393489436
1000	0.17001713306681895
1001	0.17081667618503713
1002	0.17215876641918904
1003	0.17055968018275272
1004	0.17101656196459167
1005	0.16958880639634494
1006	0.170873786407767
1007	0.17084523129640206
1008	0.17081667618503713
1009	0.17315819531696175
1010	0.16681896059394632
1011	0.17010279840091377
1012	0.16767561393489436
1013	0.16967447173043976
1014	0.16956025128498
1015	0.16641918903483724
1016	0.16696173615077098
1017	0.16867504283266704
1018	0.1718161050828098
1019	0.16973158195316962
1020	0.17158766419189034
1021	0.17230154197601372
1022	0.17338663620788122
1023	0.17332952598515133
1024	0.16701884637350087
1025	0.16644774414620217
1026	0.17024557395773843
1027	0.1679611650485437
1028	0.17001713306681895
1029	0.16747572815533981
1030	0.16801827527127355
1031	0.17218732153055397
1032	0.17184466019417477
1033	0.17315819531696175
1034	0.16776127926898915
1035	0.16627641347801256
1036	0.1707881210736722
1037	0.17061679040548258
1038	0.1702170188463735
1039	0.16761850371216447
1040	0.1688749286122216
1041	0.16941747572815535
1042	0.173043974871502
1043	0.17164477441462023
1044	0.17084523129640206
1045	0.17015990862364364
1046	0.173043974871502
1047	0.16767561393489436
1048	0.16950314106225015
1049	0.17075956596230726
1050	0.1699600228440891
1051	0.17004568817818388
1052	0.17030268418046832
1053	0.16787549971444887
1054	0.17075956596230726
1055	0.169131924614506
1056	0.17124500285551114
1057	0.17201599086236435
1058	0.1697030268418047
1059	0.1731296402055968
1060	0.17133066818960593
1061	0.17144488863506568
1062	0.16956025128498
1063	0.17033123929183325
1064	0.1729583095374072
1065	0.17004568817818388
1066	0.16984580239862934
1067	0.1672187321530554
1068	0.1661336379211879
1069	0.17084523129640206
1070	0.17015990862364364
1071	0.17001713306681895
1072	0.17175899486007995
1073	0.16790405482581383
1074	0.17201599086236435
1075	0.1687892632781268
1076	0.17150199885779555
1077	0.1690462592804112
1078	0.17004568817818388
1079	0.16933181039406053
1080	0.17110222729868646
1081	0.17035979440319818
1082	0.17390062821245003
1083	0.1693032552826956
1084	0.16810394060536837
1085	0.17033123929183325
1086	0.167818389491719
1087	0.16784694460308394
1088	0.1716162193032553
1089	0.17027412906910336
1090	0.17424328954882923
1091	0.16833238149628785
1092	0.1707881210736722
1093	0.17127355796687607
1094	0.17061679040548258
1095	0.1742718446601942
1096	0.1705311250713878
1097	0.16824671616219303
1098	0.16810394060536837
1099	0.16901770416904627
1100	0.16836093660765278
1101	0.1742718446601942
1102	0.17061679040548258
1103	0.1690462592804112
1104	0.17035979440319818
1105	0.17033123929183325
1106	0.1698172472872644
1107	0.17055968018275272
1108	0.16870359794403197
1109	0.16736150770988006
1110	0.16804683038263848
1111	0.17230154197601372
1112	0.1705311250713878
1113	0.1712164477441462
1114	0.16833238149628785
1115	0.16584808680753854
1116	0.17150199885779555
1117	0.1690462592804112
1118	0.16827527127355796
1119	0.16924614505996574
1120	0.1713877784123358
1121	0.16993146773272416
1122	0.17101656196459167
1123	0.16947458595088521
1124	0.16790405482581383
1125	0.16858937749857225
1126	0.17150199885779555
1127	0.1713877784123358
1128	0.16836093660765278
1129	0.17118789263278128
1130	0.170873786407767
1131	0.1692175899486008
1132	0.16941747572815535
1133	0.17010279840091377
1134	0.1725299828669332
1135	0.17193032552826956
1136	0.1688749286122216
1137	0.17044545973729297
1138	0.17141633352370075
1139	0.17284408909194746
1140	0.17190177041690463
1141	0.1697030268418047
1142	0.1722158766419189
1143	0.16941747572815535
1144	0.16867504283266704
1145	0.16784694460308394
1146	0.17175899486007995
1147	0.16898914905768134
1148	0.16993146773272416
1149	0.1698743575099943
1150	0.1687321530553969
1151	0.17235865219874358
1152	0.16884637350085666
1153	0.1684751570531125
1154	0.17141633352370075
1155	0.17075956596230726
1156	0.17432895488292405
1157	0.17101656196459167
1158	0.16870359794403197
1159	0.16998857795545402
1160	0.16990291262135923
1161	0.16893203883495145
1162	0.16553398058252428
1163	0.1693889206167904
1164	0.16787549971444887
1165	0.17173043974871502
1166	0.17101656196459167
1167	0.16576242147344375
1168	0.17001713306681895
1169	0.16998857795545402
1170	0.16850371216447743
1171	0.1704740148486579
1172	0.1721302113078241
1173	0.17207310108509424
1174	0.17415762421473444
1175	0.17027412906910336
1176	0.17035979440319818
1177	0.17027412906910336
1178	0.16944603083952028
1179	0.17175899486007995
1180	0.17041690462592804
1181	0.17007424328954882
1182	0.17158766419189034
1183	0.17035979440319818
1184	0.16827527127355796
1185	0.16807538549400342
1186	0.17207310108509424
1187	0.16993146773272416
1188	0.16907481439177613
1189	0.1719588806396345
1190	0.17001713306681895
1191	0.17124500285551114
1192	0.1701313535122787
1193	0.17090234151913192
1194	0.16867504283266704
1195	0.16741861793260993
1196	0.1669902912621359
1197	0.1711307824100514
1198	0.17018846373500857
1199	0.16741861793260993
1200	0.1686464877213021
1201	0.17210165619645917
1202	0.1671330668189606
1203	0.17318675042832668
1204	0.16747572815533981
1205	0.16827527127355796
1206	0.1663049685893775
1207	0.16953169617361508
1208	0.17024557395773843
1209	0.17033123929183325
1210	0.16850371216447743
1211	0.16850371216447743
1212	0.167818389491719
1213	0.17301541976013707
1214	0.17030268418046832
1215	0.17058823529411765
1216	0.17044545973729297
1217	0.1675613934894346
1218	0.1711307824100514
1219	0.1721302113078241
1220	0.17341519131924615
1221	0.1707310108509423
1222	0.17107367218732153
1223	0.17190177041690463
1224	0.16956025128498
1225	0.1687321530553969
1226	0.16750428326670475
1227	0.17001713306681895
1228	0.17050256996002283
1229	0.16579097658480868
1230	0.1682181610508281
1231	0.16947458595088521
1232	0.17544260422615648
1233	0.17541404911479155
1234	0.16933181039406053
1235	0.16710451170759566
1236	0.16910336950314106
1237	0.17010279840091377
1238	0.17058823529411765
1239	0.16964591661907483
1240	0.170873786407767
1241	0.17050256996002283
1242	0.16978869217589948
1243	0.1705311250713878
1244	0.16901770416904627
1245	0.169131924614506
1246	0.1718161050828098
1247	0.1722158766419189
1248	0.17532838378069673
1249	0.16616219303255284
1250	0.16958880639634494
1251	0.17227298686464876
1252	0.170873786407767
1253	0.16856082238720732
1254	0.17332952598515133
1255	0.1687321530553969
1256	0.17061679040548258
1257	0.17261564820102798
1258	0.17233009708737865
1259	0.16858937749857225
1260	0.17050256996002283
1261	0.16998857795545402
1262	0.1687321530553969
1263	0.1693889206167904
1264	0.17055968018275272
1265	0.16950314106225015
1266	0.1712164477441462
1267	0.1705311250713878
1268	0.1704740148486579
1269	0.1707310108509423
1270	0.16644774414620217
1271	0.1673043974871502
1272	0.17010279840091377
1273	0.16941747572815535
1274	0.1676470588235294
1275	0.17210165619645917
1276	0.17284408909194746
1277	0.16907481439177613
1278	0.1756139348943461
1279	0.17124500285551114
1280	0.16964591661907483
1281	0.1703883495145631
1282	0.1693032552826956
1283	0.17035979440319818
1284	0.17110222729868646
1285	0.17001713306681895
1286	0.16976013706453455
1287	0.1690462592804112
1288	0.173043974871502
1289	0.1683894917190177
1290	0.1703883495145631
1291	0.16924614505996574
1292	0.17115933752141632
1293	0.17001713306681895
1294	0.16758994860079954
1295	0.16984580239862934
1296	0.16853226727584236
1297	0.1683894917190177
1298	0.1703883495145631
1299	0.16984580239862934
1300	0.17327241576242147
1301	0.17292975442604225
1302	0.171302113078241
1303	0.1707310108509423
1304	0.17164477441462023
1305	0.16936036550542546
1306	0.17147344374643061
1307	0.170873786407767
1308	0.17135922330097086
1309	0.16710451170759566
1310	0.16776127926898915
1311	0.1715591090805254
1312	0.17592804111936036
1313	0.16973158195316962
1314	0.17033123929183325
1315	0.17018846373500857
1316	0.1725299828669332
1317	0.1693032552826956
1318	0.16793260993717876
1319	0.16976013706453455
1320	0.17107367218732153
1321	0.16941747572815535
1322	0.167818389491719
1323	0.16918903483723585
1324	0.1705311250713878
1325	0.16741861793260993
1326	0.17044545973729297
1327	0.1735579668760708
1328	0.17193032552826956
1329	0.16427755568246716
1330	0.16976013706453455
1331	0.17033123929183325
1332	0.1741290691033695
1333	0.17532838378069673
1334	0.16761850371216447
1335	0.16758994860079954
1336	0.17275842375785266
1337	0.16916047972587092
1338	0.17135922330097086
1339	0.16636207881210738
1340	0.1686464877213021
1341	0.17115933752141632
1342	0.16733295259851513
1343	0.17175899486007995
1344	0.16907481439177613
1345	0.16881781838949173
1346	0.1707310108509423
1347	0.16750428326670475
1348	0.16884637350085666
1349	0.1721302113078241
1350	0.1706453455168475
1351	0.17058823529411765
1352	0.16870359794403197
1353	0.1735579668760708
1354	0.16758994860079954
1355	0.17201599086236435
1356	0.17067390062821244
1357	0.17158766419189034
1358	0.17178754997144488
1359	0.17381496287835524
1360	0.1699600228440891
1361	0.17141633352370075
1362	0.17101656196459167
1363	0.16853226727584236
1364	0.1698743575099943
1365	0.17075956596230726
1366	0.16896059394631638
1367	0.1676470588235294
1368	0.17233009708737865
1369	0.16798972015990862
1370	0.1711307824100514
1371	0.1721302113078241
1372	0.17258709308966305
1373	0.16841804683038264
1374	0.16744717304397488
1375	0.16958880639634494
1376	0.16727584237578527
1377	0.17070245573957737
1378	0.17315819531696175
1379	0.16950314106225015
1380	0.16667618503712164
1381	0.16793260993717876
1382	0.16953169617361508
1383	0.17210165619645917
1384	0.17332952598515133
1385	0.16778983438035408
1386	0.1693032552826956
1387	0.17118789263278128
1388	0.1684751570531125
1389	0.1688749286122216
1390	0.1688749286122216
1391	0.16707595659623073
1392	0.17041690462592804
1393	0.1682181610508281
1394	0.16947458595088521
1395	0.16901770416904627
1396	0.16790405482581383
1397	0.1698172472872644
1398	0.16896059394631638
1399	0.16941747572815535
1400	0.16599086236436322
1401	0.17255853797829812
1402	0.1667904054825814
1403	0.17067390062821244
1404	0.17107367218732153
1405	0.17081667618503713
1406	0.16753283837806968
1407	0.1705311250713878
1408	0.16787549971444887
1409	0.1702170188463735
1410	0.17018846373500857
1411	0.17250142775556826
1412	0.16693318103940605
1413	0.16836093660765278
1414	0.16818960593946317
1415	0.17098800685322674
1416	0.17061679040548258
1417	0.1709594517418618
1418	0.1684751570531125
1419	0.17018846373500857
1420	0.17024557395773843
1421	0.16881781838949173
1422	0.17001713306681895
1423	0.1698743575099943
1424	0.1682181610508281
1425	0.17010279840091377
1426	0.17307252998286693
1427	0.16470588235294117
1428	0.1687321530553969
1429	0.17352941176470588
1430	0.1666476299257567
1431	0.16753283837806968
1432	0.16810394060536837
1433	0.16593375214163336
1434	0.17027412906910336
1435	0.16484865790976586
1436	0.17101656196459167
1437	0.16767561393489436
1438	0.17281553398058253
1439	0.1718732153055397
1440	0.16898914905768134
1441	0.16870359794403197
1442	0.16676185037121644
1443	0.16958880639634494
1444	0.1693032552826956
1445	0.1672187321530554
1446	0.1748715019988578
1447	0.1682181610508281
1448	0.1688749286122216
1449	0.1692175899486008
1450	0.16984580239862934
1451	0.1703883495145631
1452	0.16676185037121644
1453	0.1703883495145631
1454	0.17010279840091377
1455	0.17044545973729297
1456	0.16984580239862934
1457	0.1729583095374072
1458	0.17335808109651626
1459	0.16601941747572815
1460	0.17024557395773843
1461	0.17027412906910336
1462	0.17141633352370075
1463	0.16856082238720732
1464	0.16947458595088521
1465	0.16958880639634494
1466	0.1693889206167904
1467	0.17147344374643061
1468	0.16801827527127355
1469	0.173043974871502
1470	0.1673043974871502
1471	0.17178754997144488
1472	0.16833238149628785
1473	0.17110222729868646
1474	0.16890348372358652
1475	0.1692175899486008
1476	0.16787549971444887
1477	0.16510565391205026
1478	0.16907481439177613
1479	0.1707881210736722
1480	0.17444317532838377
1481	0.16890348372358652
1482	0.17141633352370075
1483	0.16964591661907483
1484	0.1707310108509423
1485	0.17193032552826956
1486	0.1702170188463735
1487	0.171302113078241
1488	0.17133066818960593
1489	0.16853226727584236
1490	0.16881781838949173
1491	0.16961736150770987
1492	0.16701884637350087
1493	0.17035979440319818
1494	0.16858937749857225
1495	0.16924614505996574
1496	0.1698172472872644
1497	0.1705311250713878
1498	0.1703883495145631
1499	0.17015990862364364
1500	0.17061679040548258
1501	0.1693889206167904
1502	0.1710451170759566
1503	0.16707595659623073
1504	0.1728726442033124
1505	0.16856082238720732
1506	0.1721302113078241
1507	0.16910336950314106
1508	0.1693032552826956
1509	0.17110222729868646
1510	0.17292975442604225
1511	0.17258709308966305
1512	0.1703883495145631
1513	0.1710451170759566
1514	0.1692175899486008
1515	0.16816105082809824
1516	0.1681324957167333
1517	0.16964591661907483
1518	0.16973158195316962
1519	0.16778983438035408
1520	0.17001713306681895
1521	0.17055968018275272
1522	0.1693032552826956
1523	0.16810394060536837
1524	0.1675613934894346
1525	0.17033123929183325
1526	0.1736150770988007
1527	0.17098800685322674
1528	0.1704740148486579
1529	0.17190177041690463
1530	0.1701313535122787
1531	0.1667332952598515
1532	0.16858937749857225
1533	0.1667332952598515
1534	0.17432895488292405
1535	0.16696173615077098
1536	0.17133066818960593
1537	0.17061679040548258
1538	0.16810394060536837
1539	0.17101656196459167
1540	0.16856082238720732
1541	0.17055968018275272
1542	0.1705311250713878
1543	0.1707310108509423
1544	0.17124500285551114
1545	0.17235865219874358
1546	0.17115933752141632
1547	0.17093089663049685
1548	0.1712164477441462
1549	0.16953169617361508
1550	0.1690462592804112
1551	0.17153055396916048
1552	0.1728726442033124
1553	0.1705311250713878
1554	0.16927470017133067
1555	0.1699600228440891
1556	0.16670474014848657
1557	0.1686464877213021
1558	0.16807538549400342
1559	0.16741861793260993
1560	0.17058823529411765
1561	0.17275842375785266
1562	0.16947458595088521
1563	0.17352941176470588
1564	0.17024557395773843
1565	0.1682181610508281
1566	0.16727584237578527
1567	0.1698172472872644
1568	0.16856082238720732
1569	0.1712164477441462
1570	0.17332952598515133
1571	0.17327241576242147
1572	0.1716162193032553
1573	0.16787549971444887
1574	0.16961736150770987
1575	0.16767561393489436
1576	0.16956025128498
1577	0.1683894917190177
1578	0.1725299828669332
1579	0.1709594517418618
1580	0.16650485436893203
1581	0.16967447173043976
1582	0.17141633352370075
1583	0.16593375214163336
1584	0.17033123929183325
1585	0.17173043974871502
1586	0.16653340948029696
1587	0.17004568817818388
1588	0.1673043974871502
1589	0.1710451170759566
1590	0.16804683038263848
1591	0.1735579668760708
1592	0.16964591661907483
1593	0.17001713306681895
1594	0.16933181039406053
1595	0.16833238149628785
1596	0.1697030268418047
1597	0.1703883495145631
1598	0.1709594517418618
1599	0.16856082238720732
1600	0.1664762992575671
1601	0.1682181610508281
1602	0.17107367218732153
1603	0.17141633352370075
1604	0.1692175899486008
1605	0.17153055396916048
1606	0.16956025128498
1607	0.16867504283266704
1608	0.1683894917190177
1609	0.16961736150770987
1610	0.17110222729868646
1611	0.17133066818960593
1612	0.1718732153055397
1613	0.16787549971444887
1614	0.17207310108509424
1615	0.16867504283266704
1616	0.16901770416904627
1617	0.17250142775556826
1618	0.1681324957167333
1619	0.17041690462592804
1620	0.16990291262135923
1621	0.17173043974871502
1622	0.17224443175328383
1623	0.1690462592804112
1624	0.1688749286122216
1625	0.16850371216447743
1626	0.1705311250713878
1627	0.16836093660765278
1628	0.16559109080525414
1629	0.17178754997144488
1630	0.16901770416904627
1631	0.17193032552826956
1632	0.167390062821245
1633	0.16604797258709308
1634	0.16924614505996574
1635	0.16844660194174757
1636	0.17204454597372928
1637	0.16990291262135923
1638	0.1677041690462593
1639	0.16790405482581383
1640	0.1703883495145631
1641	0.16627641347801256
1642	0.17250142775556826
1643	0.16884637350085666
1644	0.1731296402055968
1645	0.17067390062821244
1646	0.16870359794403197
1647	0.17027412906910336
1648	0.16958880639634494
1649	0.17310108509423186
1650	0.16978869217589948
1651	0.1679611650485437
1652	0.16519131924614505
1653	0.17133066818960593
1654	0.16984580239862934
1655	0.17267275842375784
1656	0.16918903483723585
1657	0.16984580239862934
1658	0.16807538549400342
1659	0.16998857795545402
1660	0.16984580239862934
1661	0.17218732153055397
1662	0.1702170188463735
1663	0.17250142775556826
1664	0.16824671616219303
1665	0.17044545973729297
1666	0.1692175899486008
1667	0.16793260993717876
1668	0.16804683038263848
1669	0.169131924614506
1670	0.17435750999428898
1671	0.17004568817818388
1672	0.16733295259851513
1673	0.17218732153055397
1674	0.17058823529411765
1675	0.1675613934894346
1676	0.16858937749857225
1677	0.17235865219874358
1678	0.16958880639634494
1679	0.16784694460308394
1680	0.16941747572815535
1681	0.1672187321530554
1682	0.16850371216447743
1683	0.16753283837806968
1684	0.1715591090805254
1685	0.16816105082809824
1686	0.16547687035979441
1687	0.16984580239862934
1688	0.1702170188463735
1689	0.17015990862364364
1690	0.1704740148486579
1691	0.16876070816676186
1692	0.1717018846373501
1693	0.17141633352370075
1694	0.16861793260993718
1695	0.16898914905768134
1696	0.16958880639634494
1697	0.1698172472872644
1698	0.16816105082809824
1699	0.16841804683038264
1700	0.17707024557395773
1701	0.17441462021701884
1702	0.17033123929183325
1703	0.17135922330097086
1704	0.17024557395773843
1705	0.17044545973729297
1706	0.16896059394631638
1707	0.17075956596230726
1708	0.17127355796687607
1709	0.16793260993717876
1710	0.17173043974871502
1711	0.1709594517418618
1712	0.16890348372358652
1713	0.1701313535122787
1714	0.1722158766419189
1715	0.17224443175328383
1716	0.16918903483723585
1717	0.17432895488292405
1718	0.16901770416904627
1719	0.1692175899486008
1720	0.16918903483723585
1721	0.16893203883495145
1722	0.16693318103940605
1723	0.1712164477441462
1724	0.16696173615077098
1725	0.1672187321530554
1726	0.17241576242147344
1727	0.17075956596230726
1728	0.17061679040548258
1729	0.17004568817818388
1730	0.16961736150770987
1731	0.17044545973729297
1732	0.17292975442604225
1733	0.16870359794403197
1734	0.17218732153055397
1735	0.16681896059394632
1736	0.16978869217589948
1737	0.16924614505996574
1738	0.1705311250713878
1739	0.1722158766419189
1740	0.17024557395773843
1741	0.17210165619645917
1742	0.16767561393489436
1743	0.17007424328954882
1744	0.17124500285551114
1745	0.16961736150770987
1746	0.1699600228440891
1747	0.17344374643061108
1748	0.17133066818960593
1749	0.16964591661907483
1750	0.16616219303255284
1751	0.17133066818960593
1752	0.1716162193032553
1753	0.17218732153055397
1754	0.16944603083952028
1755	0.17158766419189034
1756	0.169131924614506
1757	0.1683894917190177
1758	0.1707310108509423
1759	0.17018846373500857
1760	0.17033123929183325
1761	0.16836093660765278
1762	0.16670474014848657
1763	0.16761850371216447
1764	0.1698172472872644
1765	0.16918903483723585
1766	0.17153055396916048
1767	0.16896059394631638
1768	0.17050256996002283
1769	0.16633352370074242
1770	0.16956025128498
1771	0.17227298686464876
1772	0.17167332952598516
1773	0.16973158195316962
1774	0.1663049685893775
1775	0.17233009708737865
1776	0.16901770416904627
1777	0.17258709308966305
1778	0.1707310108509423
1779	0.17210165619645917
1780	0.17007424328954882
1781	0.1690462592804112
1782	0.16827527127355796
1783	0.17101656196459167
1784	0.16958880639634494
1785	0.1704740148486579
1786	0.16479154768703597
1787	0.16853226727584236
1788	0.16736150770988006
1789	0.16676185037121644
1790	0.17301541976013707
1791	0.16710451170759566
1792	0.1690462592804112
1793	0.17067390062821244
1794	0.1702170188463735
1795	0.16747572815533981
1796	0.1693889206167904
1797	0.1711307824100514
1798	0.16884637350085666
1799	0.17090234151913192
1800	0.16824671616219303
1801	0.17067390062821244
1802	0.1687321530553969
1803	0.17292975442604225
1804	0.1702170188463735
1805	0.16750428326670475
1806	0.165648201027984
1807	0.16716162193032552
1808	0.1671330668189606
1809	0.1690462592804112
1810	0.16927470017133067
1811	0.16967447173043976
1812	0.17030268418046832
1813	0.16927470017133067
1814	0.17292975442604225
1815	0.17024557395773843
1816	0.16950314106225015
1817	0.1710451170759566
1818	0.16750428326670475
1819	0.1684751570531125
1820	0.16936036550542546
1821	0.17173043974871502
1822	0.17258709308966305
1823	0.17098800685322674
1824	0.16850371216447743
1825	0.16707595659623073
1826	0.17184466019417477
1827	0.1683894917190177
1828	0.16958880639634494
1829	0.1672187321530554
1830	0.17070245573957737
1831	0.1690462592804112
1832	0.16576242147344375
1833	0.1683894917190177
1834	0.16918903483723585
1835	0.16784694460308394
1836	0.16858937749857225
1837	0.16973158195316962
1838	0.16619074814391777
1839	0.16896059394631638
1840	0.16907481439177613
1841	0.16941747572815535
1842	0.17267275842375784
1843	0.1717018846373501
1844	0.17015990862364364
1845	0.17147344374643061
1846	0.17018846373500857
1847	0.17144488863506568
1848	0.17055968018275272
1849	0.16790405482581383
1850	0.1672187321530554
1851	0.17141633352370075
1852	0.16784694460308394
1853	0.171302113078241
1854	0.1673043974871502
1855	0.16924614505996574
1856	0.17027412906910336
1857	0.16727584237578527
1858	0.1686464877213021
1859	0.16936036550542546
1860	0.17281553398058253
1861	0.16801827527127355
1862	0.16824671616219303
1863	0.17084523129640206
1864	0.17058823529411765
1865	0.16933181039406053
1866	0.1693032552826956
1867	0.1736150770988007
1868	0.171302113078241
1869	0.16958880639634494
1870	0.1673043974871502
1871	0.17070245573957737
1872	0.1718732153055397
1873	0.16867504283266704
1874	0.16896059394631638
1875	0.16958880639634494
1876	0.16927470017133067
1877	0.1719588806396345
1878	0.16801827527127355
1879	0.17498572244431754
1880	0.1688749286122216
1881	0.1718732153055397
1882	0.17015990862364364
1883	0.16916047972587092
1884	0.16824671616219303
1885	0.1712164477441462
1886	0.1724728726442033
1887	0.1710451170759566
1888	0.1677041690462593
1889	0.1706453455168475
1890	0.17352941176470588
1891	0.16587664191890347
1892	0.1712164477441462
1893	0.17018846373500857
1894	0.16976013706453455
1895	0.1681324957167333
1896	0.17292975442604225
1897	0.1724728726442033
1898	0.16701884637350087
1899	0.17050256996002283
1900	0.17027412906910336
1901	0.16778983438035408
1902	0.16636207881210738
1903	0.1679611650485437
1904	0.17218732153055397
1905	0.17033123929183325
1906	0.16778983438035408
1907	0.1711307824100514
1908	0.17198743575099942
1909	0.1713877784123358
1910	0.17041690462592804
1911	0.16898914905768134
1912	0.17215876641918904
1913	0.17198743575099942
1914	0.16784694460308394
1915	0.17018846373500857
1916	0.16978869217589948
1917	0.16736150770988006
1918	0.17135922330097086
1919	0.16918903483723585
1920	0.1667332952598515
1921	0.1722158766419189
1922	0.17024557395773843
1923	0.17010279840091377
1924	0.17184466019417477
1925	0.1732153055396916
1926	0.16633352370074242
1927	0.17141633352370075
1928	0.16936036550542546
1929	0.16824671616219303
1930	0.1701313535122787
1931	0.17110222729868646
1932	0.17267275842375784
1933	0.16836093660765278
1934	0.16907481439177613
1935	0.17127355796687607
1936	0.17227298686464876
1937	0.1690462592804112
1938	0.16961736150770987
1939	0.17275842375785266
1940	0.17158766419189034
1941	0.17027412906910336
1942	0.1667332952598515
1943	0.1740434037692747
1944	0.1668760708166762
1945	0.16836093660765278
1946	0.17058823529411765
1947	0.171302113078241
1948	0.16850371216447743
1949	0.171302113078241
1950	0.17007424328954882
1951	0.16690462592804112
1952	0.16750428326670475
1953	0.17190177041690463
1954	0.17515705311250715
1955	0.17141633352370075
1956	0.16601941747572815
1957	0.16967447173043976
1958	0.17275842375785266
1959	0.1711307824100514
1960	0.16893203883495145
1961	0.17178754997144488
1962	0.17118789263278128
1963	0.16896059394631638
1964	0.17141633352370075
1965	0.17110222729868646
1966	0.1698172472872644
1967	0.16858937749857225
1968	0.16744717304397488
1969	0.16933181039406053
1970	0.17033123929183325
1971	0.17144488863506568
1972	0.1742718446601942
1973	0.1706453455168475
1974	0.16550542547115935
1975	0.1703883495145631
1976	0.1699600228440891
1977	0.17075956596230726
1978	0.16707595659623073
1979	0.16990291262135923
1980	0.1707881210736722
1981	0.16741861793260993
1982	0.16793260993717876
1983	0.17004568817818388
1984	0.16944603083952028
1985	0.16684751570531126
1986	0.17067390062821244
1987	0.16918903483723585
1988	0.1676470588235294
1989	0.16898914905768134
1990	0.16907481439177613
1991	0.16893203883495145
1992	0.16916047972587092
1993	0.16590519703026843
1994	0.17090234151913192
1995	0.16896059394631638
1996	0.1715591090805254
1997	0.17392918332381496
1998	0.16973158195316962
