Parameter	Value	Description
Total_NUMTs	35020	Total number of NUMTs in the genome
Target_Region_NUMTs	316	Number of NUMTs in target regions
NUMT_Length_bp	1000	Average length of NUMTs
Simulation_Runs	1999	Number of permutation simulations
Observed_Percentage	0.0090	Observed percentage of NUMTs in target regions
P_value_less	0.000500	Probability that random distribution has fewer overlaps
P_value_greater	1.000000	Probability that random distribution has more overlaps
Significance_less_than_random	Yes	Is target region depleted of NUMTs?
Significance_greater_than_random	No	Is target region enriched for NUMTs?
