human	chimp	alt	pos	sampleID	numtID	contigID	numtLength	numt_start	numt_end	comment	category
T	C	C	8097	HG002_all_regions	HG002_chr1.633402.634418|HISEQ1:19:H8VDAADXX:1:1116:12999:93335	HG002_chr1.633402.634418|HISEQ1:19:H8VDAADXX:1:1116:12999:93335	148	8087.0	8234.0	best_hit_to_mtDNA	chimpM
T	C	T	8108	HG002_all_regions	HG002_chr1.633402.634418|HISEQ1:19:H8VDAADXX:1:1116:12999:93335	HG002_chr1.633402.634418|HISEQ1:19:H8VDAADXX:1:1116:12999:93335	148	8087.0	8234.0	best_hit_to_mtDNA	humanM
T	C	C	8123	HG002_all_regions	HG002_chr1.633402.634418|HISEQ1:19:H8VDAADXX:1:1116:12999:93335	HG002_chr1.633402.634418|HISEQ1:19:H8VDAADXX:1:1116:12999:93335	148	8087.0	8234.0	best_hit_to_mtDNA	chimpM
T	C	T	8147	HG002_all_regions	HG002_chr1.633402.634418|HISEQ1:19:H8VDAADXX:1:1116:12999:93335	HG002_chr1.633402.634418|HISEQ1:19:H8VDAADXX:1:1116:12999:93335	148	8087.0	8234.0	best_hit_to_mtDNA	humanM
G	A	A	8156	HG002_all_regions	HG002_chr1.633402.634418|HISEQ1:19:H8VDAADXX:1:1116:12999:93335	HG002_chr1.633402.634418|HISEQ1:19:H8VDAADXX:1:1116:12999:93335	148	8087.0	8234.0	best_hit_to_mtDNA	chimpM
G	A	G	8159	HG002_all_regions	HG002_chr1.633402.634418|HISEQ1:19:H8VDAADXX:1:1116:12999:93335	HG002_chr1.633402.634418|HISEQ1:19:H8VDAADXX:1:1116:12999:93335	148	8087.0	8234.0	best_hit_to_mtDNA	humanM
T	C	C	8171	HG002_all_regions	HG002_chr1.633402.634418|HISEQ1:19:H8VDAADXX:1:1116:12999:93335	HG002_chr1.633402.634418|HISEQ1:19:H8VDAADXX:1:1116:12999:93335	148	8087.0	8234.0	best_hit_to_mtDNA	chimpM
T	A	T	8180	HG002_all_regions	HG002_chr1.633402.634418|HISEQ1:19:H8VDAADXX:1:1116:12999:93335	HG002_chr1.633402.634418|HISEQ1:19:H8VDAADXX:1:1116:12999:93335	148	8087.0	8234.0	best_hit_to_mtDNA	humanM
C	T	T	8207	HG002_all_regions	HG002_chr1.633402.634418|HISEQ1:19:H8VDAADXX:1:1116:12999:93335	HG002_chr1.633402.634418|HISEQ1:19:H8VDAADXX:1:1116:12999:93335	148	8087.0	8234.0	best_hit_to_mtDNA	chimpM
G	A	A	8210	HG002_all_regions	HG002_chr1.633402.634418|HISEQ1:19:H8VDAADXX:1:1116:12999:93335	HG002_chr1.633402.634418|HISEQ1:19:H8VDAADXX:1:1116:12999:93335	148	8087.0	8234.0	best_hit_to_mtDNA	chimpM
T	C	T	8231	HG002_all_regions	HG002_chr1.633402.634418|HISEQ1:19:H8VDAADXX:1:1116:12999:93335	HG002_chr1.633402.634418|HISEQ1:19:H8VDAADXX:1:1116:12999:93335	148	8087.0	8234.0	best_hit_to_mtDNA	humanM
T	C	T	8231	HG002_all_regions	HG002_chr1.633402.634418|HISEQ1:18:H8VC6ADXX:2:1105:2494:19158	HG002_chr1.633402.634418|HISEQ1:18:H8VC6ADXX:2:1105:2494:19158	149	8225.0	8608.0	best_hit_to_mtDNA	humanM
C	T	C	8234	HG002_all_regions	HG002_chr1.633402.634418|HISEQ1:18:H8VC6ADXX:2:1105:2494:19158	HG002_chr1.633402.634418|HISEQ1:18:H8VC6ADXX:2:1105:2494:19158	149	8225.0	8608.0	best_hit_to_mtDNA	humanM
G	A	G	8255	HG002_all_regions	HG002_chr1.633402.634418|HISEQ1:18:H8VC6ADXX:2:1105:2494:19158	HG002_chr1.633402.634418|HISEQ1:18:H8VC6ADXX:2:1105:2494:19158	149	8225.0	8608.0	best_hit_to_mtDNA	humanM
T	C	T	8264	HG002_all_regions	HG002_chr1.633402.634418|HISEQ1:18:H8VC6ADXX:2:1105:2494:19158	HG002_chr1.633402.634418|HISEQ1:18:H8VC6ADXX:2:1105:2494:19158	149	8225.0	8608.0	best_hit_to_mtDNA	humanM
C	T	C	8267	HG002_all_regions	HG002_chr1.633402.634418|HISEQ1:18:H8VC6ADXX:2:1105:2494:19158	HG002_chr1.633402.634418|HISEQ1:18:H8VC6ADXX:2:1105:2494:19158	149	8225.0	8608.0	best_hit_to_mtDNA	humanM
C	T	C	8278	HG002_all_regions	HG002_chr1.633402.634418|HISEQ1:18:H8VC6ADXX:2:1105:2494:19158	HG002_chr1.633402.634418|HISEQ1:18:H8VC6ADXX:2:1105:2494:19158	149	8225.0	8608.0	best_hit_to_mtDNA	humanM
C	T	C	8279	HG002_all_regions	HG002_chr1.633402.634418|HISEQ1:18:H8VC6ADXX:2:1105:2494:19158	HG002_chr1.633402.634418|HISEQ1:18:H8VC6ADXX:2:1105:2494:19158	149	8225.0	8608.0	best_hit_to_mtDNA	humanM
-	T	-	8289	HG002_all_regions	HG002_chr1.633402.634418|HISEQ1:18:H8VC6ADXX:2:1105:2494:19158	HG002_chr1.633402.634418|HISEQ1:18:H8VC6ADXX:2:1105:2494:19158	149	8225.0	8608.0	best_hit_to_mtDNA	humanM
T	C	T	8293	HG002_all_regions	HG002_chr1.633402.634418|HISEQ1:18:H8VC6ADXX:2:1105:2494:19158	HG002_chr1.633402.634418|HISEQ1:18:H8VC6ADXX:2:1105:2494:19158	149	8225.0	8608.0	best_hit_to_mtDNA	humanM
C	T	C	8299	HG002_all_regions	HG002_chr1.633402.634418|HISEQ1:18:H8VC6ADXX:2:1105:2494:19158	HG002_chr1.633402.634418|HISEQ1:18:H8VC6ADXX:2:1105:2494:19158	149	8225.0	8608.0	best_hit_to_mtDNA	humanM
T	C	T	8315	HG002_all_regions	HG002_chr1.633402.634418|HISEQ1:18:H8VC6ADXX:2:1105:2494:19158	HG002_chr1.633402.634418|HISEQ1:18:H8VC6ADXX:2:1105:2494:19158	149	8225.0	8608.0	best_hit_to_mtDNA	humanM
A	G	A	8348	HG002_all_regions	HG002_chr1.633402.634418|HISEQ1:18:H8VC6ADXX:2:1105:2494:19158	HG002_chr1.633402.634418|HISEQ1:18:H8VC6ADXX:2:1105:2494:19158	149	8225.0	8608.0	best_hit_to_mtDNA	humanM
A	G	A	8352	HG002_all_regions	HG002_chr1.633402.634418|HISEQ1:18:H8VC6ADXX:2:1105:2494:19158	HG002_chr1.633402.634418|HISEQ1:18:H8VC6ADXX:2:1105:2494:19158	149	8225.0	8608.0	best_hit_to_mtDNA	humanM
G	A	G	8255	HG002_all_regions	HG002_chr1.633402.634418|HISEQ1:19:H8VDAADXX:1:2104:10759:49439	HG002_chr1.633402.634418|HISEQ1:19:H8VDAADXX:1:2104:10759:49439	149	8238.0	8385.0	best_hit_to_mtDNA	humanM
T	C	T	8264	HG002_all_regions	HG002_chr1.633402.634418|HISEQ1:19:H8VDAADXX:1:2104:10759:49439	HG002_chr1.633402.634418|HISEQ1:19:H8VDAADXX:1:2104:10759:49439	149	8238.0	8385.0	best_hit_to_mtDNA	humanM
C	T	C	8267	HG002_all_regions	HG002_chr1.633402.634418|HISEQ1:19:H8VDAADXX:1:2104:10759:49439	HG002_chr1.633402.634418|HISEQ1:19:H8VDAADXX:1:2104:10759:49439	149	8238.0	8385.0	best_hit_to_mtDNA	humanM
C	T	C	8278	HG002_all_regions	HG002_chr1.633402.634418|HISEQ1:19:H8VDAADXX:1:2104:10759:49439	HG002_chr1.633402.634418|HISEQ1:19:H8VDAADXX:1:2104:10759:49439	149	8238.0	8385.0	best_hit_to_mtDNA	humanM
C	T	C	8279	HG002_all_regions	HG002_chr1.633402.634418|HISEQ1:19:H8VDAADXX:1:2104:10759:49439	HG002_chr1.633402.634418|HISEQ1:19:H8VDAADXX:1:2104:10759:49439	149	8238.0	8385.0	best_hit_to_mtDNA	humanM
-	T	-	8289	HG002_all_regions	HG002_chr1.633402.634418|HISEQ1:19:H8VDAADXX:1:2104:10759:49439	HG002_chr1.633402.634418|HISEQ1:19:H8VDAADXX:1:2104:10759:49439	149	8238.0	8385.0	best_hit_to_mtDNA	humanM
T	C	T	8293	HG002_all_regions	HG002_chr1.633402.634418|HISEQ1:19:H8VDAADXX:1:2104:10759:49439	HG002_chr1.633402.634418|HISEQ1:19:H8VDAADXX:1:2104:10759:49439	149	8238.0	8385.0	best_hit_to_mtDNA	humanM
C	T	C	8299	HG002_all_regions	HG002_chr1.633402.634418|HISEQ1:19:H8VDAADXX:1:2104:10759:49439	HG002_chr1.633402.634418|HISEQ1:19:H8VDAADXX:1:2104:10759:49439	149	8238.0	8385.0	best_hit_to_mtDNA	humanM
T	C	T	8315	HG002_all_regions	HG002_chr1.633402.634418|HISEQ1:19:H8VDAADXX:1:2104:10759:49439	HG002_chr1.633402.634418|HISEQ1:19:H8VDAADXX:1:2104:10759:49439	149	8238.0	8385.0	best_hit_to_mtDNA	humanM
A	G	A	8348	HG002_all_regions	HG002_chr1.633402.634418|HISEQ1:19:H8VDAADXX:1:2104:10759:49439	HG002_chr1.633402.634418|HISEQ1:19:H8VDAADXX:1:2104:10759:49439	149	8238.0	8385.0	best_hit_to_mtDNA	humanM
A	G	A	8352	HG002_all_regions	HG002_chr1.633402.634418|HISEQ1:19:H8VDAADXX:1:2104:10759:49439	HG002_chr1.633402.634418|HISEQ1:19:H8VDAADXX:1:2104:10759:49439	149	8238.0	8385.0	best_hit_to_mtDNA	humanM
G	A	G	8255	HG002_all_regions	HG002_chr1.633402.634418|HISEQ1:18:H8VC6ADXX:2:1204:14355:58861	HG002_chr1.633402.634418|HISEQ1:18:H8VC6ADXX:2:1204:14355:58861	149	8247.0	8394.0	best_hit_to_mtDNA	humanM
T	C	T	8264	HG002_all_regions	HG002_chr1.633402.634418|HISEQ1:18:H8VC6ADXX:2:1204:14355:58861	HG002_chr1.633402.634418|HISEQ1:18:H8VC6ADXX:2:1204:14355:58861	149	8247.0	8394.0	best_hit_to_mtDNA	humanM
C	T	C	8267	HG002_all_regions	HG002_chr1.633402.634418|HISEQ1:18:H8VC6ADXX:2:1204:14355:58861	HG002_chr1.633402.634418|HISEQ1:18:H8VC6ADXX:2:1204:14355:58861	149	8247.0	8394.0	best_hit_to_mtDNA	humanM
C	T	C	8278	HG002_all_regions	HG002_chr1.633402.634418|HISEQ1:18:H8VC6ADXX:2:1204:14355:58861	HG002_chr1.633402.634418|HISEQ1:18:H8VC6ADXX:2:1204:14355:58861	149	8247.0	8394.0	best_hit_to_mtDNA	humanM
C	T	C	8279	HG002_all_regions	HG002_chr1.633402.634418|HISEQ1:18:H8VC6ADXX:2:1204:14355:58861	HG002_chr1.633402.634418|HISEQ1:18:H8VC6ADXX:2:1204:14355:58861	149	8247.0	8394.0	best_hit_to_mtDNA	humanM
-	T	-	8289	HG002_all_regions	HG002_chr1.633402.634418|HISEQ1:18:H8VC6ADXX:2:1204:14355:58861	HG002_chr1.633402.634418|HISEQ1:18:H8VC6ADXX:2:1204:14355:58861	149	8247.0	8394.0	best_hit_to_mtDNA	humanM
T	C	T	8293	HG002_all_regions	HG002_chr1.633402.634418|HISEQ1:18:H8VC6ADXX:2:1204:14355:58861	HG002_chr1.633402.634418|HISEQ1:18:H8VC6ADXX:2:1204:14355:58861	149	8247.0	8394.0	best_hit_to_mtDNA	humanM
C	T	C	8299	HG002_all_regions	HG002_chr1.633402.634418|HISEQ1:18:H8VC6ADXX:2:1204:14355:58861	HG002_chr1.633402.634418|HISEQ1:18:H8VC6ADXX:2:1204:14355:58861	149	8247.0	8394.0	best_hit_to_mtDNA	humanM
T	C	T	8315	HG002_all_regions	HG002_chr1.633402.634418|HISEQ1:18:H8VC6ADXX:2:1204:14355:58861	HG002_chr1.633402.634418|HISEQ1:18:H8VC6ADXX:2:1204:14355:58861	149	8247.0	8394.0	best_hit_to_mtDNA	humanM
A	G	A	8348	HG002_all_regions	HG002_chr1.633402.634418|HISEQ1:18:H8VC6ADXX:2:1204:14355:58861	HG002_chr1.633402.634418|HISEQ1:18:H8VC6ADXX:2:1204:14355:58861	149	8247.0	8394.0	best_hit_to_mtDNA	humanM
A	G	A	8352	HG002_all_regions	HG002_chr1.633402.634418|HISEQ1:18:H8VC6ADXX:2:1204:14355:58861	HG002_chr1.633402.634418|HISEQ1:18:H8VC6ADXX:2:1204:14355:58861	149	8247.0	8394.0	best_hit_to_mtDNA	humanM
T	C	T	8388	HG002_all_regions	HG002_chr1.633402.634418|HISEQ1:18:H8VC6ADXX:2:1204:14355:58861	HG002_chr1.633402.634418|HISEQ1:18:H8VC6ADXX:2:1204:14355:58861	149	8247.0	8394.0	best_hit_to_mtDNA	humanM
A	G	A	8389	HG002_all_regions	HG002_chr1.633402.634418|HISEQ1:18:H8VC6ADXX:2:1204:14355:58861	HG002_chr1.633402.634418|HISEQ1:18:H8VC6ADXX:2:1204:14355:58861	149	8247.0	8394.0	best_hit_to_mtDNA	humanM
C	T	T	8580	HG002_all_regions	HG002_chr1.633402.634418|HISEQ1:18:H8VC6ADXX:1:2104:8827:79327	HG002_chr1.633402.634418|HISEQ1:18:H8VC6ADXX:1:2104:8827:79327	148	8578.0	8695.0	best_hit_to_mtDNA	chimpM
G	A	G	8597	HG002_all_regions	HG002_chr1.633402.634418|HISEQ1:18:H8VC6ADXX:1:2104:8827:79327	HG002_chr1.633402.634418|HISEQ1:18:H8VC6ADXX:1:2104:8827:79327	148	8578.0	8695.0	best_hit_to_mtDNA	humanM
T	C	T	8609	HG002_all_regions	HG002_chr1.633402.634418|HISEQ1:18:H8VC6ADXX:1:2104:8827:79327	HG002_chr1.633402.634418|HISEQ1:18:H8VC6ADXX:1:2104:8827:79327	148	8578.0	8695.0	best_hit_to_mtDNA	humanM
T	C	T	8619	HG002_all_regions	HG002_chr1.633402.634418|HISEQ1:18:H8VC6ADXX:1:2104:8827:79327	HG002_chr1.633402.634418|HISEQ1:18:H8VC6ADXX:1:2104:8827:79327	148	8578.0	8695.0	best_hit_to_mtDNA	humanM
A	G	A	8622	HG002_all_regions	HG002_chr1.633402.634418|HISEQ1:18:H8VC6ADXX:1:2104:8827:79327	HG002_chr1.633402.634418|HISEQ1:18:H8VC6ADXX:1:2104:8827:79327	148	8578.0	8695.0	best_hit_to_mtDNA	humanM
C	T	C	8630	HG002_all_regions	HG002_chr1.633402.634418|HISEQ1:18:H8VC6ADXX:1:2104:8827:79327	HG002_chr1.633402.634418|HISEQ1:18:H8VC6ADXX:1:2104:8827:79327	148	8578.0	8695.0	best_hit_to_mtDNA	humanM
C	T	C	8633	HG002_all_regions	HG002_chr1.633402.634418|HISEQ1:18:H8VC6ADXX:1:2104:8827:79327	HG002_chr1.633402.634418|HISEQ1:18:H8VC6ADXX:1:2104:8827:79327	148	8578.0	8695.0	best_hit_to_mtDNA	humanM
T	C	T	8637	HG002_all_regions	HG002_chr1.633402.634418|HISEQ1:18:H8VC6ADXX:1:2104:8827:79327	HG002_chr1.633402.634418|HISEQ1:18:H8VC6ADXX:1:2104:8827:79327	148	8578.0	8695.0	best_hit_to_mtDNA	humanM
C	T	T	8660	HG002_all_regions	HG002_chr1.633402.634418|HISEQ1:18:H8VC6ADXX:1:2104:8827:79327	HG002_chr1.633402.634418|HISEQ1:18:H8VC6ADXX:1:2104:8827:79327	148	8578.0	8695.0	best_hit_to_mtDNA	chimpM
C	T	C	8681	HG002_all_regions	HG002_chr1.633402.634418|HISEQ1:18:H8VC6ADXX:1:2104:8827:79327	HG002_chr1.633402.634418|HISEQ1:18:H8VC6ADXX:1:2104:8827:79327	148	8578.0	8695.0	best_hit_to_mtDNA	humanM
A	C	C	8682	HG002_all_regions	HG002_chr1.633402.634418|HISEQ1:18:H8VC6ADXX:1:2104:8827:79327	HG002_chr1.633402.634418|HISEQ1:18:H8VC6ADXX:1:2104:8827:79327	148	8578.0	8695.0	best_hit_to_mtDNA	chimpM
A	G	A	8687	HG002_all_regions	HG002_chr1.633402.634418|HISEQ1:18:H8VC6ADXX:1:2104:8827:79327	HG002_chr1.633402.634418|HISEQ1:18:H8VC6ADXX:1:2104:8827:79327	148	8578.0	8695.0	best_hit_to_mtDNA	humanM
T	C	T	8741	HG002_all_regions	HG002_chr1.633402.634418|HISEQ1:18:H8VC6ADXX:2:2116:19073:26544	HG002_chr1.633402.634418|HISEQ1:18:H8VC6ADXX:2:2116:19073:26544	148	8716.0	8863.0	best_hit_to_mtDNA	humanM
G	A	G	8769	HG002_all_regions	HG002_chr1.633402.634418|HISEQ1:18:H8VC6ADXX:2:2116:19073:26544	HG002_chr1.633402.634418|HISEQ1:18:H8VC6ADXX:2:2116:19073:26544	148	8716.0	8863.0	best_hit_to_mtDNA	humanM
T	C	T	8777	HG002_all_regions	HG002_chr1.633402.634418|HISEQ1:18:H8VC6ADXX:2:2116:19073:26544	HG002_chr1.633402.634418|HISEQ1:18:H8VC6ADXX:2:2116:19073:26544	148	8716.0	8863.0	best_hit_to_mtDNA	humanM
C	T	C	8780	HG002_all_regions	HG002_chr1.633402.634418|HISEQ1:18:H8VC6ADXX:2:2116:19073:26544	HG002_chr1.633402.634418|HISEQ1:18:H8VC6ADXX:2:2116:19073:26544	148	8716.0	8863.0	best_hit_to_mtDNA	humanM
C	T	C	8783	HG002_all_regions	HG002_chr1.633402.634418|HISEQ1:18:H8VC6ADXX:2:2116:19073:26544	HG002_chr1.633402.634418|HISEQ1:18:H8VC6ADXX:2:2116:19073:26544	148	8716.0	8863.0	best_hit_to_mtDNA	humanM
C	T	C	8786	HG002_all_regions	HG002_chr1.633402.634418|HISEQ1:18:H8VC6ADXX:2:2116:19073:26544	HG002_chr1.633402.634418|HISEQ1:18:H8VC6ADXX:2:2116:19073:26544	148	8716.0	8863.0	best_hit_to_mtDNA	humanM
A	G	A	8789	HG002_all_regions	HG002_chr1.633402.634418|HISEQ1:18:H8VC6ADXX:2:2116:19073:26544	HG002_chr1.633402.634418|HISEQ1:18:H8VC6ADXX:2:2116:19073:26544	148	8716.0	8863.0	best_hit_to_mtDNA	humanM
C	T	C	8792	HG002_all_regions	HG002_chr1.633402.634418|HISEQ1:18:H8VC6ADXX:2:2116:19073:26544	HG002_chr1.633402.634418|HISEQ1:18:H8VC6ADXX:2:2116:19073:26544	148	8716.0	8863.0	best_hit_to_mtDNA	humanM
G	A	G	8795	HG002_all_regions	HG002_chr1.633402.634418|HISEQ1:18:H8VC6ADXX:2:2116:19073:26544	HG002_chr1.633402.634418|HISEQ1:18:H8VC6ADXX:2:2116:19073:26544	148	8716.0	8863.0	best_hit_to_mtDNA	humanM
T	C	T	8798	HG002_all_regions	HG002_chr1.633402.634418|HISEQ1:18:H8VC6ADXX:2:2116:19073:26544	HG002_chr1.633402.634418|HISEQ1:18:H8VC6ADXX:2:2116:19073:26544	148	8716.0	8863.0	best_hit_to_mtDNA	humanM
T	C	T	8807	HG002_all_regions	HG002_chr1.633402.634418|HISEQ1:18:H8VC6ADXX:2:2116:19073:26544	HG002_chr1.633402.634418|HISEQ1:18:H8VC6ADXX:2:2116:19073:26544	148	8716.0	8863.0	best_hit_to_mtDNA	humanM
C	T	C	8846	HG002_all_regions	HG002_chr1.633402.634418|HISEQ1:18:H8VC6ADXX:2:2116:19073:26544	HG002_chr1.633402.634418|HISEQ1:18:H8VC6ADXX:2:2116:19073:26544	148	8716.0	8863.0	best_hit_to_mtDNA	humanM
T	C	T	8853	HG002_all_regions	HG002_chr1.633402.634418|HISEQ1:18:H8VC6ADXX:2:2116:19073:26544	HG002_chr1.633402.634418|HISEQ1:18:H8VC6ADXX:2:2116:19073:26544	148	8716.0	8863.0	best_hit_to_mtDNA	humanM
G	A	G	8861	HG002_all_regions	HG002_chr1.633402.634418|HISEQ1:18:H8VC6ADXX:2:2116:19073:26544	HG002_chr1.633402.634418|HISEQ1:18:H8VC6ADXX:2:2116:19073:26544	148	8716.0	8863.0	best_hit_to_mtDNA	humanM
T	C	T	8741	HG002_all_regions	HG002_chr1.633402.634418|HISEQ1:20:H9V1RADXX:2:1216:7826:33821	HG002_chr1.633402.634418|HISEQ1:20:H9V1RADXX:2:1216:7826:33821	148	8718.0	8865.0	best_hit_to_mtDNA	humanM
G	A	G	8769	HG002_all_regions	HG002_chr1.633402.634418|HISEQ1:20:H9V1RADXX:2:1216:7826:33821	HG002_chr1.633402.634418|HISEQ1:20:H9V1RADXX:2:1216:7826:33821	148	8718.0	8865.0	best_hit_to_mtDNA	humanM
T	C	T	8777	HG002_all_regions	HG002_chr1.633402.634418|HISEQ1:20:H9V1RADXX:2:1216:7826:33821	HG002_chr1.633402.634418|HISEQ1:20:H9V1RADXX:2:1216:7826:33821	148	8718.0	8865.0	best_hit_to_mtDNA	humanM
C	T	C	8780	HG002_all_regions	HG002_chr1.633402.634418|HISEQ1:20:H9V1RADXX:2:1216:7826:33821	HG002_chr1.633402.634418|HISEQ1:20:H9V1RADXX:2:1216:7826:33821	148	8718.0	8865.0	best_hit_to_mtDNA	humanM
C	T	C	8783	HG002_all_regions	HG002_chr1.633402.634418|HISEQ1:20:H9V1RADXX:2:1216:7826:33821	HG002_chr1.633402.634418|HISEQ1:20:H9V1RADXX:2:1216:7826:33821	148	8718.0	8865.0	best_hit_to_mtDNA	humanM
C	T	C	8786	HG002_all_regions	HG002_chr1.633402.634418|HISEQ1:20:H9V1RADXX:2:1216:7826:33821	HG002_chr1.633402.634418|HISEQ1:20:H9V1RADXX:2:1216:7826:33821	148	8718.0	8865.0	best_hit_to_mtDNA	humanM
A	G	A	8789	HG002_all_regions	HG002_chr1.633402.634418|HISEQ1:20:H9V1RADXX:2:1216:7826:33821	HG002_chr1.633402.634418|HISEQ1:20:H9V1RADXX:2:1216:7826:33821	148	8718.0	8865.0	best_hit_to_mtDNA	humanM
C	T	C	8792	HG002_all_regions	HG002_chr1.633402.634418|HISEQ1:20:H9V1RADXX:2:1216:7826:33821	HG002_chr1.633402.634418|HISEQ1:20:H9V1RADXX:2:1216:7826:33821	148	8718.0	8865.0	best_hit_to_mtDNA	humanM
G	A	G	8795	HG002_all_regions	HG002_chr1.633402.634418|HISEQ1:20:H9V1RADXX:2:1216:7826:33821	HG002_chr1.633402.634418|HISEQ1:20:H9V1RADXX:2:1216:7826:33821	148	8718.0	8865.0	best_hit_to_mtDNA	humanM
T	C	T	8798	HG002_all_regions	HG002_chr1.633402.634418|HISEQ1:20:H9V1RADXX:2:1216:7826:33821	HG002_chr1.633402.634418|HISEQ1:20:H9V1RADXX:2:1216:7826:33821	148	8718.0	8865.0	best_hit_to_mtDNA	humanM
T	C	T	8807	HG002_all_regions	HG002_chr1.633402.634418|HISEQ1:20:H9V1RADXX:2:1216:7826:33821	HG002_chr1.633402.634418|HISEQ1:20:H9V1RADXX:2:1216:7826:33821	148	8718.0	8865.0	best_hit_to_mtDNA	humanM
C	T	C	8846	HG002_all_regions	HG002_chr1.633402.634418|HISEQ1:20:H9V1RADXX:2:1216:7826:33821	HG002_chr1.633402.634418|HISEQ1:20:H9V1RADXX:2:1216:7826:33821	148	8718.0	8865.0	best_hit_to_mtDNA	humanM
T	C	T	8853	HG002_all_regions	HG002_chr1.633402.634418|HISEQ1:20:H9V1RADXX:2:1216:7826:33821	HG002_chr1.633402.634418|HISEQ1:20:H9V1RADXX:2:1216:7826:33821	148	8718.0	8865.0	best_hit_to_mtDNA	humanM
G	A	G	8861	HG002_all_regions	HG002_chr1.633402.634418|HISEQ1:20:H9V1RADXX:2:1216:7826:33821	HG002_chr1.633402.634418|HISEQ1:20:H9V1RADXX:2:1216:7826:33821	148	8718.0	8865.0	best_hit_to_mtDNA	humanM
T	C	T	8741	HG002_all_regions	HG002_chr1.633402.634418|HISEQ1:18:H8VC6ADXX:1:1114:1441:15297	HG002_chr1.633402.634418|HISEQ1:18:H8VC6ADXX:1:1114:1441:15297	148	8735.0	8882.0	best_hit_to_mtDNA	humanM
G	A	G	8769	HG002_all_regions	HG002_chr1.633402.634418|HISEQ1:18:H8VC6ADXX:1:1114:1441:15297	HG002_chr1.633402.634418|HISEQ1:18:H8VC6ADXX:1:1114:1441:15297	148	8735.0	8882.0	best_hit_to_mtDNA	humanM
T	C	T	8777	HG002_all_regions	HG002_chr1.633402.634418|HISEQ1:18:H8VC6ADXX:1:1114:1441:15297	HG002_chr1.633402.634418|HISEQ1:18:H8VC6ADXX:1:1114:1441:15297	148	8735.0	8882.0	best_hit_to_mtDNA	humanM
C	T	C	8780	HG002_all_regions	HG002_chr1.633402.634418|HISEQ1:18:H8VC6ADXX:1:1114:1441:15297	HG002_chr1.633402.634418|HISEQ1:18:H8VC6ADXX:1:1114:1441:15297	148	8735.0	8882.0	best_hit_to_mtDNA	humanM
C	T	C	8783	HG002_all_regions	HG002_chr1.633402.634418|HISEQ1:18:H8VC6ADXX:1:1114:1441:15297	HG002_chr1.633402.634418|HISEQ1:18:H8VC6ADXX:1:1114:1441:15297	148	8735.0	8882.0	best_hit_to_mtDNA	humanM
C	T	C	8786	HG002_all_regions	HG002_chr1.633402.634418|HISEQ1:18:H8VC6ADXX:1:1114:1441:15297	HG002_chr1.633402.634418|HISEQ1:18:H8VC6ADXX:1:1114:1441:15297	148	8735.0	8882.0	best_hit_to_mtDNA	humanM
A	G	A	8789	HG002_all_regions	HG002_chr1.633402.634418|HISEQ1:18:H8VC6ADXX:1:1114:1441:15297	HG002_chr1.633402.634418|HISEQ1:18:H8VC6ADXX:1:1114:1441:15297	148	8735.0	8882.0	best_hit_to_mtDNA	humanM
C	T	C	8792	HG002_all_regions	HG002_chr1.633402.634418|HISEQ1:18:H8VC6ADXX:1:1114:1441:15297	HG002_chr1.633402.634418|HISEQ1:18:H8VC6ADXX:1:1114:1441:15297	148	8735.0	8882.0	best_hit_to_mtDNA	humanM
G	A	G	8795	HG002_all_regions	HG002_chr1.633402.634418|HISEQ1:18:H8VC6ADXX:1:1114:1441:15297	HG002_chr1.633402.634418|HISEQ1:18:H8VC6ADXX:1:1114:1441:15297	148	8735.0	8882.0	best_hit_to_mtDNA	humanM
T	C	T	8798	HG002_all_regions	HG002_chr1.633402.634418|HISEQ1:18:H8VC6ADXX:1:1114:1441:15297	HG002_chr1.633402.634418|HISEQ1:18:H8VC6ADXX:1:1114:1441:15297	148	8735.0	8882.0	best_hit_to_mtDNA	humanM
T	C	T	8807	HG002_all_regions	HG002_chr1.633402.634418|HISEQ1:18:H8VC6ADXX:1:1114:1441:15297	HG002_chr1.633402.634418|HISEQ1:18:H8VC6ADXX:1:1114:1441:15297	148	8735.0	8882.0	best_hit_to_mtDNA	humanM
C	T	C	8846	HG002_all_regions	HG002_chr1.633402.634418|HISEQ1:18:H8VC6ADXX:1:1114:1441:15297	HG002_chr1.633402.634418|HISEQ1:18:H8VC6ADXX:1:1114:1441:15297	148	8735.0	8882.0	best_hit_to_mtDNA	humanM
T	C	T	8853	HG002_all_regions	HG002_chr1.633402.634418|HISEQ1:18:H8VC6ADXX:1:1114:1441:15297	HG002_chr1.633402.634418|HISEQ1:18:H8VC6ADXX:1:1114:1441:15297	148	8735.0	8882.0	best_hit_to_mtDNA	humanM
G	A	G	8861	HG002_all_regions	HG002_chr1.633402.634418|HISEQ1:18:H8VC6ADXX:1:1114:1441:15297	HG002_chr1.633402.634418|HISEQ1:18:H8VC6ADXX:1:1114:1441:15297	148	8735.0	8882.0	best_hit_to_mtDNA	humanM
A	G	G	8865	HG002_all_regions	HG002_chr1.633402.634418|HISEQ1:18:H8VC6ADXX:1:1114:1441:15297	HG002_chr1.633402.634418|HISEQ1:18:H8VC6ADXX:1:1114:1441:15297	148	8735.0	8882.0	best_hit_to_mtDNA	chimpM
G	A	G	8870	HG002_all_regions	HG002_chr1.633402.634418|HISEQ1:18:H8VC6ADXX:1:1114:1441:15297	HG002_chr1.633402.634418|HISEQ1:18:H8VC6ADXX:1:1114:1441:15297	148	8735.0	8882.0	best_hit_to_mtDNA	humanM
A	G	A	8871	HG002_all_regions	HG002_chr1.633402.634418|HISEQ1:18:H8VC6ADXX:1:1114:1441:15297	HG002_chr1.633402.634418|HISEQ1:18:H8VC6ADXX:1:1114:1441:15297	148	8735.0	8882.0	best_hit_to_mtDNA	humanM
T	C	T	8873	HG002_all_regions	HG002_chr1.633402.634418|HISEQ1:18:H8VC6ADXX:1:1114:1441:15297	HG002_chr1.633402.634418|HISEQ1:18:H8VC6ADXX:1:1114:1441:15297	148	8735.0	8882.0	best_hit_to_mtDNA	humanM
G	A	G	8769	HG002_all_regions	HG002_chr1.633402.634418|HISEQ1:19:H8VDAADXX:1:1113:4609:6159	HG002_chr1.633402.634418|HISEQ1:19:H8VDAADXX:1:1113:4609:6159	148	8741.0	8863.0	best_hit_to_mtDNA	humanM
T	C	T	8777	HG002_all_regions	HG002_chr1.633402.634418|HISEQ1:19:H8VDAADXX:1:1113:4609:6159	HG002_chr1.633402.634418|HISEQ1:19:H8VDAADXX:1:1113:4609:6159	148	8741.0	8863.0	best_hit_to_mtDNA	humanM
C	T	C	8780	HG002_all_regions	HG002_chr1.633402.634418|HISEQ1:19:H8VDAADXX:1:1113:4609:6159	HG002_chr1.633402.634418|HISEQ1:19:H8VDAADXX:1:1113:4609:6159	148	8741.0	8863.0	best_hit_to_mtDNA	humanM
C	T	C	8783	HG002_all_regions	HG002_chr1.633402.634418|HISEQ1:19:H8VDAADXX:1:1113:4609:6159	HG002_chr1.633402.634418|HISEQ1:19:H8VDAADXX:1:1113:4609:6159	148	8741.0	8863.0	best_hit_to_mtDNA	humanM
C	T	C	8786	HG002_all_regions	HG002_chr1.633402.634418|HISEQ1:19:H8VDAADXX:1:1113:4609:6159	HG002_chr1.633402.634418|HISEQ1:19:H8VDAADXX:1:1113:4609:6159	148	8741.0	8863.0	best_hit_to_mtDNA	humanM
A	G	A	8789	HG002_all_regions	HG002_chr1.633402.634418|HISEQ1:19:H8VDAADXX:1:1113:4609:6159	HG002_chr1.633402.634418|HISEQ1:19:H8VDAADXX:1:1113:4609:6159	148	8741.0	8863.0	best_hit_to_mtDNA	humanM
C	T	C	8792	HG002_all_regions	HG002_chr1.633402.634418|HISEQ1:19:H8VDAADXX:1:1113:4609:6159	HG002_chr1.633402.634418|HISEQ1:19:H8VDAADXX:1:1113:4609:6159	148	8741.0	8863.0	best_hit_to_mtDNA	humanM
G	A	G	8795	HG002_all_regions	HG002_chr1.633402.634418|HISEQ1:19:H8VDAADXX:1:1113:4609:6159	HG002_chr1.633402.634418|HISEQ1:19:H8VDAADXX:1:1113:4609:6159	148	8741.0	8863.0	best_hit_to_mtDNA	humanM
T	C	T	8798	HG002_all_regions	HG002_chr1.633402.634418|HISEQ1:19:H8VDAADXX:1:1113:4609:6159	HG002_chr1.633402.634418|HISEQ1:19:H8VDAADXX:1:1113:4609:6159	148	8741.0	8863.0	best_hit_to_mtDNA	humanM
T	C	T	8807	HG002_all_regions	HG002_chr1.633402.634418|HISEQ1:19:H8VDAADXX:1:1113:4609:6159	HG002_chr1.633402.634418|HISEQ1:19:H8VDAADXX:1:1113:4609:6159	148	8741.0	8863.0	best_hit_to_mtDNA	humanM
C	T	C	8846	HG002_all_regions	HG002_chr1.633402.634418|HISEQ1:19:H8VDAADXX:1:1113:4609:6159	HG002_chr1.633402.634418|HISEQ1:19:H8VDAADXX:1:1113:4609:6159	148	8741.0	8863.0	best_hit_to_mtDNA	humanM
T	C	T	8853	HG002_all_regions	HG002_chr1.633402.634418|HISEQ1:19:H8VDAADXX:1:1113:4609:6159	HG002_chr1.633402.634418|HISEQ1:19:H8VDAADXX:1:1113:4609:6159	148	8741.0	8863.0	best_hit_to_mtDNA	humanM
G	A	G	8861	HG002_all_regions	HG002_chr1.633402.634418|HISEQ1:19:H8VDAADXX:1:1113:4609:6159	HG002_chr1.633402.634418|HISEQ1:19:H8VDAADXX:1:1113:4609:6159	148	8741.0	8863.0	best_hit_to_mtDNA	humanM
G	A	G	8769	HG002_all_regions	HG002_chr1.633402.634418|HISEQ1:19:H8VDAADXX:1:1113:4609:6159	HG002_chr1.633402.634418|HISEQ1:19:H8VDAADXX:1:1113:4609:6159	148	8741.0	8863.0	best_hit_to_mtDNA	humanM
T	C	T	8777	HG002_all_regions	HG002_chr1.633402.634418|HISEQ1:19:H8VDAADXX:1:1113:4609:6159	HG002_chr1.633402.634418|HISEQ1:19:H8VDAADXX:1:1113:4609:6159	148	8741.0	8863.0	best_hit_to_mtDNA	humanM
C	T	C	8780	HG002_all_regions	HG002_chr1.633402.634418|HISEQ1:19:H8VDAADXX:1:1113:4609:6159	HG002_chr1.633402.634418|HISEQ1:19:H8VDAADXX:1:1113:4609:6159	148	8741.0	8863.0	best_hit_to_mtDNA	humanM
C	T	C	8783	HG002_all_regions	HG002_chr1.633402.634418|HISEQ1:19:H8VDAADXX:1:1113:4609:6159	HG002_chr1.633402.634418|HISEQ1:19:H8VDAADXX:1:1113:4609:6159	148	8741.0	8863.0	best_hit_to_mtDNA	humanM
C	T	C	8786	HG002_all_regions	HG002_chr1.633402.634418|HISEQ1:19:H8VDAADXX:1:1113:4609:6159	HG002_chr1.633402.634418|HISEQ1:19:H8VDAADXX:1:1113:4609:6159	148	8741.0	8863.0	best_hit_to_mtDNA	humanM
A	G	A	8789	HG002_all_regions	HG002_chr1.633402.634418|HISEQ1:19:H8VDAADXX:1:1113:4609:6159	HG002_chr1.633402.634418|HISEQ1:19:H8VDAADXX:1:1113:4609:6159	148	8741.0	8863.0	best_hit_to_mtDNA	humanM
C	T	C	8792	HG002_all_regions	HG002_chr1.633402.634418|HISEQ1:19:H8VDAADXX:1:1113:4609:6159	HG002_chr1.633402.634418|HISEQ1:19:H8VDAADXX:1:1113:4609:6159	148	8741.0	8863.0	best_hit_to_mtDNA	humanM
G	A	G	8795	HG002_all_regions	HG002_chr1.633402.634418|HISEQ1:19:H8VDAADXX:1:1113:4609:6159	HG002_chr1.633402.634418|HISEQ1:19:H8VDAADXX:1:1113:4609:6159	148	8741.0	8863.0	best_hit_to_mtDNA	humanM
T	C	T	8798	HG002_all_regions	HG002_chr1.633402.634418|HISEQ1:19:H8VDAADXX:1:1113:4609:6159	HG002_chr1.633402.634418|HISEQ1:19:H8VDAADXX:1:1113:4609:6159	148	8741.0	8863.0	best_hit_to_mtDNA	humanM
T	C	T	8807	HG002_all_regions	HG002_chr1.633402.634418|HISEQ1:19:H8VDAADXX:1:1113:4609:6159	HG002_chr1.633402.634418|HISEQ1:19:H8VDAADXX:1:1113:4609:6159	148	8741.0	8863.0	best_hit_to_mtDNA	humanM
C	T	C	8846	HG002_all_regions	HG002_chr1.633402.634418|HISEQ1:19:H8VDAADXX:1:1113:4609:6159	HG002_chr1.633402.634418|HISEQ1:19:H8VDAADXX:1:1113:4609:6159	148	8741.0	8863.0	best_hit_to_mtDNA	humanM
T	C	T	8853	HG002_all_regions	HG002_chr1.633402.634418|HISEQ1:19:H8VDAADXX:1:1113:4609:6159	HG002_chr1.633402.634418|HISEQ1:19:H8VDAADXX:1:1113:4609:6159	148	8741.0	8863.0	best_hit_to_mtDNA	humanM
G	A	G	8861	HG002_all_regions	HG002_chr1.633402.634418|HISEQ1:19:H8VDAADXX:1:1113:4609:6159	HG002_chr1.633402.634418|HISEQ1:19:H8VDAADXX:1:1113:4609:6159	148	8741.0	8863.0	best_hit_to_mtDNA	humanM
G	A	G	8769	HG002_all_regions	HG002_chr1.633402.634418|HISEQ1:18:H8VC6ADXX:2:1102:11727:16881	HG002_chr1.633402.634418|HISEQ1:18:H8VC6ADXX:2:1102:11727:16881	148	8756.0	8881.0	best_hit_to_mtDNA	humanM
T	C	T	8777	HG002_all_regions	HG002_chr1.633402.634418|HISEQ1:18:H8VC6ADXX:2:1102:11727:16881	HG002_chr1.633402.634418|HISEQ1:18:H8VC6ADXX:2:1102:11727:16881	148	8756.0	8881.0	best_hit_to_mtDNA	humanM
C	T	C	8780	HG002_all_regions	HG002_chr1.633402.634418|HISEQ1:18:H8VC6ADXX:2:1102:11727:16881	HG002_chr1.633402.634418|HISEQ1:18:H8VC6ADXX:2:1102:11727:16881	148	8756.0	8881.0	best_hit_to_mtDNA	humanM
C	T	C	8783	HG002_all_regions	HG002_chr1.633402.634418|HISEQ1:18:H8VC6ADXX:2:1102:11727:16881	HG002_chr1.633402.634418|HISEQ1:18:H8VC6ADXX:2:1102:11727:16881	148	8756.0	8881.0	best_hit_to_mtDNA	humanM
C	T	C	8786	HG002_all_regions	HG002_chr1.633402.634418|HISEQ1:18:H8VC6ADXX:2:1102:11727:16881	HG002_chr1.633402.634418|HISEQ1:18:H8VC6ADXX:2:1102:11727:16881	148	8756.0	8881.0	best_hit_to_mtDNA	humanM
A	G	A	8789	HG002_all_regions	HG002_chr1.633402.634418|HISEQ1:18:H8VC6ADXX:2:1102:11727:16881	HG002_chr1.633402.634418|HISEQ1:18:H8VC6ADXX:2:1102:11727:16881	148	8756.0	8881.0	best_hit_to_mtDNA	humanM
C	T	C	8792	HG002_all_regions	HG002_chr1.633402.634418|HISEQ1:18:H8VC6ADXX:2:1102:11727:16881	HG002_chr1.633402.634418|HISEQ1:18:H8VC6ADXX:2:1102:11727:16881	148	8756.0	8881.0	best_hit_to_mtDNA	humanM
G	A	G	8795	HG002_all_regions	HG002_chr1.633402.634418|HISEQ1:18:H8VC6ADXX:2:1102:11727:16881	HG002_chr1.633402.634418|HISEQ1:18:H8VC6ADXX:2:1102:11727:16881	148	8756.0	8881.0	best_hit_to_mtDNA	humanM
T	C	T	8798	HG002_all_regions	HG002_chr1.633402.634418|HISEQ1:18:H8VC6ADXX:2:1102:11727:16881	HG002_chr1.633402.634418|HISEQ1:18:H8VC6ADXX:2:1102:11727:16881	148	8756.0	8881.0	best_hit_to_mtDNA	humanM
T	C	T	8807	HG002_all_regions	HG002_chr1.633402.634418|HISEQ1:18:H8VC6ADXX:2:1102:11727:16881	HG002_chr1.633402.634418|HISEQ1:18:H8VC6ADXX:2:1102:11727:16881	148	8756.0	8881.0	best_hit_to_mtDNA	humanM
C	T	C	8846	HG002_all_regions	HG002_chr1.633402.634418|HISEQ1:18:H8VC6ADXX:2:1102:11727:16881	HG002_chr1.633402.634418|HISEQ1:18:H8VC6ADXX:2:1102:11727:16881	148	8756.0	8881.0	best_hit_to_mtDNA	humanM
T	C	T	8853	HG002_all_regions	HG002_chr1.633402.634418|HISEQ1:18:H8VC6ADXX:2:1102:11727:16881	HG002_chr1.633402.634418|HISEQ1:18:H8VC6ADXX:2:1102:11727:16881	148	8756.0	8881.0	best_hit_to_mtDNA	humanM
G	A	G	8861	HG002_all_regions	HG002_chr1.633402.634418|HISEQ1:18:H8VC6ADXX:2:1102:11727:16881	HG002_chr1.633402.634418|HISEQ1:18:H8VC6ADXX:2:1102:11727:16881	148	8756.0	8881.0	best_hit_to_mtDNA	humanM
A	G	G	8865	HG002_all_regions	HG002_chr1.633402.634418|HISEQ1:18:H8VC6ADXX:2:1102:11727:16881	HG002_chr1.633402.634418|HISEQ1:18:H8VC6ADXX:2:1102:11727:16881	148	8756.0	8881.0	best_hit_to_mtDNA	chimpM
G	A	G	8870	HG002_all_regions	HG002_chr1.633402.634418|HISEQ1:18:H8VC6ADXX:2:1102:11727:16881	HG002_chr1.633402.634418|HISEQ1:18:H8VC6ADXX:2:1102:11727:16881	148	8756.0	8881.0	best_hit_to_mtDNA	humanM
A	G	A	8871	HG002_all_regions	HG002_chr1.633402.634418|HISEQ1:18:H8VC6ADXX:2:1102:11727:16881	HG002_chr1.633402.634418|HISEQ1:18:H8VC6ADXX:2:1102:11727:16881	148	8756.0	8881.0	best_hit_to_mtDNA	humanM
T	C	T	8873	HG002_all_regions	HG002_chr1.633402.634418|HISEQ1:18:H8VC6ADXX:2:1102:11727:16881	HG002_chr1.633402.634418|HISEQ1:18:H8VC6ADXX:2:1102:11727:16881	148	8756.0	8881.0	best_hit_to_mtDNA	humanM
G	A	-	8769	HG002_all_regions	HG002_chr1.633402.634418|HISEQ1:18:H8VC6ADXX:2:1102:11727:16881	HG002_chr1.633402.634418|HISEQ1:18:H8VC6ADXX:2:1102:11727:16881	9920	8756.0	8881.0	best_hit_to_mtDNA	none
T	C	-	8777	HG002_all_regions	HG002_chr1.633402.634418|HISEQ1:18:H8VC6ADXX:2:1102:11727:16881	HG002_chr1.633402.634418|HISEQ1:18:H8VC6ADXX:2:1102:11727:16881	9920	8756.0	8881.0	best_hit_to_mtDNA	none
C	T	-	8780	HG002_all_regions	HG002_chr1.633402.634418|HISEQ1:18:H8VC6ADXX:2:1102:11727:16881	HG002_chr1.633402.634418|HISEQ1:18:H8VC6ADXX:2:1102:11727:16881	9920	8756.0	8881.0	best_hit_to_mtDNA	none
C	T	-	8783	HG002_all_regions	HG002_chr1.633402.634418|HISEQ1:18:H8VC6ADXX:2:1102:11727:16881	HG002_chr1.633402.634418|HISEQ1:18:H8VC6ADXX:2:1102:11727:16881	9920	8756.0	8881.0	best_hit_to_mtDNA	none
C	T	-	8786	HG002_all_regions	HG002_chr1.633402.634418|HISEQ1:18:H8VC6ADXX:2:1102:11727:16881	HG002_chr1.633402.634418|HISEQ1:18:H8VC6ADXX:2:1102:11727:16881	9920	8756.0	8881.0	best_hit_to_mtDNA	none
A	G	-	8789	HG002_all_regions	HG002_chr1.633402.634418|HISEQ1:18:H8VC6ADXX:2:1102:11727:16881	HG002_chr1.633402.634418|HISEQ1:18:H8VC6ADXX:2:1102:11727:16881	9920	8756.0	8881.0	best_hit_to_mtDNA	none
C	T	-	8792	HG002_all_regions	HG002_chr1.633402.634418|HISEQ1:18:H8VC6ADXX:2:1102:11727:16881	HG002_chr1.633402.634418|HISEQ1:18:H8VC6ADXX:2:1102:11727:16881	9920	8756.0	8881.0	best_hit_to_mtDNA	none
G	A	-	8795	HG002_all_regions	HG002_chr1.633402.634418|HISEQ1:18:H8VC6ADXX:2:1102:11727:16881	HG002_chr1.633402.634418|HISEQ1:18:H8VC6ADXX:2:1102:11727:16881	9920	8756.0	8881.0	best_hit_to_mtDNA	none
T	C	-	8798	HG002_all_regions	HG002_chr1.633402.634418|HISEQ1:18:H8VC6ADXX:2:1102:11727:16881	HG002_chr1.633402.634418|HISEQ1:18:H8VC6ADXX:2:1102:11727:16881	9920	8756.0	8881.0	best_hit_to_mtDNA	none
T	C	-	8807	HG002_all_regions	HG002_chr1.633402.634418|HISEQ1:18:H8VC6ADXX:2:1102:11727:16881	HG002_chr1.633402.634418|HISEQ1:18:H8VC6ADXX:2:1102:11727:16881	9920	8756.0	8881.0	best_hit_to_mtDNA	none
C	T	-	8846	HG002_all_regions	HG002_chr1.633402.634418|HISEQ1:18:H8VC6ADXX:2:1102:11727:16881	HG002_chr1.633402.634418|HISEQ1:18:H8VC6ADXX:2:1102:11727:16881	9920	8756.0	8881.0	best_hit_to_mtDNA	none
T	C	-	8853	HG002_all_regions	HG002_chr1.633402.634418|HISEQ1:18:H8VC6ADXX:2:1102:11727:16881	HG002_chr1.633402.634418|HISEQ1:18:H8VC6ADXX:2:1102:11727:16881	9920	8756.0	8881.0	best_hit_to_mtDNA	none
G	A	-	8861	HG002_all_regions	HG002_chr1.633402.634418|HISEQ1:18:H8VC6ADXX:2:1102:11727:16881	HG002_chr1.633402.634418|HISEQ1:18:H8VC6ADXX:2:1102:11727:16881	9920	8756.0	8881.0	best_hit_to_mtDNA	none
A	G	-	8865	HG002_all_regions	HG002_chr1.633402.634418|HISEQ1:18:H8VC6ADXX:2:1102:11727:16881	HG002_chr1.633402.634418|HISEQ1:18:H8VC6ADXX:2:1102:11727:16881	9920	8756.0	8881.0	best_hit_to_mtDNA	none
G	A	-	8870	HG002_all_regions	HG002_chr1.633402.634418|HISEQ1:18:H8VC6ADXX:2:1102:11727:16881	HG002_chr1.633402.634418|HISEQ1:18:H8VC6ADXX:2:1102:11727:16881	9920	8756.0	8881.0	best_hit_to_mtDNA	none
A	G	-	8871	HG002_all_regions	HG002_chr1.633402.634418|HISEQ1:18:H8VC6ADXX:2:1102:11727:16881	HG002_chr1.633402.634418|HISEQ1:18:H8VC6ADXX:2:1102:11727:16881	9920	8756.0	8881.0	best_hit_to_mtDNA	none
T	C	-	8873	HG002_all_regions	HG002_chr1.633402.634418|HISEQ1:18:H8VC6ADXX:2:1102:11727:16881	HG002_chr1.633402.634418|HISEQ1:18:H8VC6ADXX:2:1102:11727:16881	9920	8756.0	8881.0	best_hit_to_mtDNA	none
G	A	G	8769	HG002_all_regions	HG002_chr1.633402.634418|HISEQ1:18:H8VC6ADXX:1:1104:15794:89640	HG002_chr1.633402.634418|HISEQ1:18:H8VC6ADXX:1:1104:15794:89640	148	8755.0	8902.0	best_hit_to_mtDNA	humanM
T	C	A	8777	HG002_all_regions	HG002_chr1.633402.634418|HISEQ1:18:H8VC6ADXX:1:1104:15794:89640	HG002_chr1.633402.634418|HISEQ1:18:H8VC6ADXX:1:1104:15794:89640	148	8755.0	8902.0	best_hit_to_mtDNA	none
C	T	C	8780	HG002_all_regions	HG002_chr1.633402.634418|HISEQ1:18:H8VC6ADXX:1:1104:15794:89640	HG002_chr1.633402.634418|HISEQ1:18:H8VC6ADXX:1:1104:15794:89640	148	8755.0	8902.0	best_hit_to_mtDNA	humanM
C	T	C	8783	HG002_all_regions	HG002_chr1.633402.634418|HISEQ1:18:H8VC6ADXX:1:1104:15794:89640	HG002_chr1.633402.634418|HISEQ1:18:H8VC6ADXX:1:1104:15794:89640	148	8755.0	8902.0	best_hit_to_mtDNA	humanM
C	T	C	8786	HG002_all_regions	HG002_chr1.633402.634418|HISEQ1:18:H8VC6ADXX:1:1104:15794:89640	HG002_chr1.633402.634418|HISEQ1:18:H8VC6ADXX:1:1104:15794:89640	148	8755.0	8902.0	best_hit_to_mtDNA	humanM
A	G	A	8789	HG002_all_regions	HG002_chr1.633402.634418|HISEQ1:18:H8VC6ADXX:1:1104:15794:89640	HG002_chr1.633402.634418|HISEQ1:18:H8VC6ADXX:1:1104:15794:89640	148	8755.0	8902.0	best_hit_to_mtDNA	humanM
C	T	C	8792	HG002_all_regions	HG002_chr1.633402.634418|HISEQ1:18:H8VC6ADXX:1:1104:15794:89640	HG002_chr1.633402.634418|HISEQ1:18:H8VC6ADXX:1:1104:15794:89640	148	8755.0	8902.0	best_hit_to_mtDNA	humanM
G	A	G	8795	HG002_all_regions	HG002_chr1.633402.634418|HISEQ1:18:H8VC6ADXX:1:1104:15794:89640	HG002_chr1.633402.634418|HISEQ1:18:H8VC6ADXX:1:1104:15794:89640	148	8755.0	8902.0	best_hit_to_mtDNA	humanM
T	C	T	8798	HG002_all_regions	HG002_chr1.633402.634418|HISEQ1:18:H8VC6ADXX:1:1104:15794:89640	HG002_chr1.633402.634418|HISEQ1:18:H8VC6ADXX:1:1104:15794:89640	148	8755.0	8902.0	best_hit_to_mtDNA	humanM
T	C	T	8807	HG002_all_regions	HG002_chr1.633402.634418|HISEQ1:18:H8VC6ADXX:1:1104:15794:89640	HG002_chr1.633402.634418|HISEQ1:18:H8VC6ADXX:1:1104:15794:89640	148	8755.0	8902.0	best_hit_to_mtDNA	humanM
C	T	C	8846	HG002_all_regions	HG002_chr1.633402.634418|HISEQ1:18:H8VC6ADXX:1:1104:15794:89640	HG002_chr1.633402.634418|HISEQ1:18:H8VC6ADXX:1:1104:15794:89640	148	8755.0	8902.0	best_hit_to_mtDNA	humanM
T	C	T	8853	HG002_all_regions	HG002_chr1.633402.634418|HISEQ1:18:H8VC6ADXX:1:1104:15794:89640	HG002_chr1.633402.634418|HISEQ1:18:H8VC6ADXX:1:1104:15794:89640	148	8755.0	8902.0	best_hit_to_mtDNA	humanM
G	A	G	8861	HG002_all_regions	HG002_chr1.633402.634418|HISEQ1:18:H8VC6ADXX:1:1104:15794:89640	HG002_chr1.633402.634418|HISEQ1:18:H8VC6ADXX:1:1104:15794:89640	148	8755.0	8902.0	best_hit_to_mtDNA	humanM
A	G	G	8865	HG002_all_regions	HG002_chr1.633402.634418|HISEQ1:18:H8VC6ADXX:1:1104:15794:89640	HG002_chr1.633402.634418|HISEQ1:18:H8VC6ADXX:1:1104:15794:89640	148	8755.0	8902.0	best_hit_to_mtDNA	chimpM
G	A	G	8870	HG002_all_regions	HG002_chr1.633402.634418|HISEQ1:18:H8VC6ADXX:1:1104:15794:89640	HG002_chr1.633402.634418|HISEQ1:18:H8VC6ADXX:1:1104:15794:89640	148	8755.0	8902.0	best_hit_to_mtDNA	humanM
A	G	A	8871	HG002_all_regions	HG002_chr1.633402.634418|HISEQ1:18:H8VC6ADXX:1:1104:15794:89640	HG002_chr1.633402.634418|HISEQ1:18:H8VC6ADXX:1:1104:15794:89640	148	8755.0	8902.0	best_hit_to_mtDNA	humanM
T	C	T	8873	HG002_all_regions	HG002_chr1.633402.634418|HISEQ1:18:H8VC6ADXX:1:1104:15794:89640	HG002_chr1.633402.634418|HISEQ1:18:H8VC6ADXX:1:1104:15794:89640	148	8755.0	8902.0	best_hit_to_mtDNA	humanM
C	T	C	8887	HG002_all_regions	HG002_chr1.633402.634418|HISEQ1:18:H8VC6ADXX:1:1104:15794:89640	HG002_chr1.633402.634418|HISEQ1:18:H8VC6ADXX:1:1104:15794:89640	148	8755.0	8902.0	best_hit_to_mtDNA	humanM
T	C	T	8893	HG002_all_regions	HG002_chr1.633402.634418|HISEQ1:18:H8VC6ADXX:1:1104:15794:89640	HG002_chr1.633402.634418|HISEQ1:18:H8VC6ADXX:1:1104:15794:89640	148	8755.0	8902.0	best_hit_to_mtDNA	humanM
T	C	T	8777	HG002_all_regions	HG002_chr1.633402.634418|HISEQ1:18:H8VC6ADXX:2:2213:7352:58980	HG002_chr1.633402.634418|HISEQ1:18:H8VC6ADXX:2:2213:7352:58980	148	8770.0	8899.0	best_hit_to_mtDNA	humanM
C	T	C	8780	HG002_all_regions	HG002_chr1.633402.634418|HISEQ1:18:H8VC6ADXX:2:2213:7352:58980	HG002_chr1.633402.634418|HISEQ1:18:H8VC6ADXX:2:2213:7352:58980	148	8770.0	8899.0	best_hit_to_mtDNA	humanM
C	T	C	8783	HG002_all_regions	HG002_chr1.633402.634418|HISEQ1:18:H8VC6ADXX:2:2213:7352:58980	HG002_chr1.633402.634418|HISEQ1:18:H8VC6ADXX:2:2213:7352:58980	148	8770.0	8899.0	best_hit_to_mtDNA	humanM
C	T	C	8786	HG002_all_regions	HG002_chr1.633402.634418|HISEQ1:18:H8VC6ADXX:2:2213:7352:58980	HG002_chr1.633402.634418|HISEQ1:18:H8VC6ADXX:2:2213:7352:58980	148	8770.0	8899.0	best_hit_to_mtDNA	humanM
A	G	A	8789	HG002_all_regions	HG002_chr1.633402.634418|HISEQ1:18:H8VC6ADXX:2:2213:7352:58980	HG002_chr1.633402.634418|HISEQ1:18:H8VC6ADXX:2:2213:7352:58980	148	8770.0	8899.0	best_hit_to_mtDNA	humanM
C	T	C	8792	HG002_all_regions	HG002_chr1.633402.634418|HISEQ1:18:H8VC6ADXX:2:2213:7352:58980	HG002_chr1.633402.634418|HISEQ1:18:H8VC6ADXX:2:2213:7352:58980	148	8770.0	8899.0	best_hit_to_mtDNA	humanM
G	A	G	8795	HG002_all_regions	HG002_chr1.633402.634418|HISEQ1:18:H8VC6ADXX:2:2213:7352:58980	HG002_chr1.633402.634418|HISEQ1:18:H8VC6ADXX:2:2213:7352:58980	148	8770.0	8899.0	best_hit_to_mtDNA	humanM
T	C	T	8798	HG002_all_regions	HG002_chr1.633402.634418|HISEQ1:18:H8VC6ADXX:2:2213:7352:58980	HG002_chr1.633402.634418|HISEQ1:18:H8VC6ADXX:2:2213:7352:58980	148	8770.0	8899.0	best_hit_to_mtDNA	humanM
T	C	T	8807	HG002_all_regions	HG002_chr1.633402.634418|HISEQ1:18:H8VC6ADXX:2:2213:7352:58980	HG002_chr1.633402.634418|HISEQ1:18:H8VC6ADXX:2:2213:7352:58980	148	8770.0	8899.0	best_hit_to_mtDNA	humanM
C	T	C	8846	HG002_all_regions	HG002_chr1.633402.634418|HISEQ1:18:H8VC6ADXX:2:2213:7352:58980	HG002_chr1.633402.634418|HISEQ1:18:H8VC6ADXX:2:2213:7352:58980	148	8770.0	8899.0	best_hit_to_mtDNA	humanM
T	C	T	8853	HG002_all_regions	HG002_chr1.633402.634418|HISEQ1:18:H8VC6ADXX:2:2213:7352:58980	HG002_chr1.633402.634418|HISEQ1:18:H8VC6ADXX:2:2213:7352:58980	148	8770.0	8899.0	best_hit_to_mtDNA	humanM
G	A	G	8861	HG002_all_regions	HG002_chr1.633402.634418|HISEQ1:18:H8VC6ADXX:2:2213:7352:58980	HG002_chr1.633402.634418|HISEQ1:18:H8VC6ADXX:2:2213:7352:58980	148	8770.0	8899.0	best_hit_to_mtDNA	humanM
A	G	G	8865	HG002_all_regions	HG002_chr1.633402.634418|HISEQ1:18:H8VC6ADXX:2:2213:7352:58980	HG002_chr1.633402.634418|HISEQ1:18:H8VC6ADXX:2:2213:7352:58980	148	8770.0	8899.0	best_hit_to_mtDNA	chimpM
G	A	G	8870	HG002_all_regions	HG002_chr1.633402.634418|HISEQ1:18:H8VC6ADXX:2:2213:7352:58980	HG002_chr1.633402.634418|HISEQ1:18:H8VC6ADXX:2:2213:7352:58980	148	8770.0	8899.0	best_hit_to_mtDNA	humanM
A	G	A	8871	HG002_all_regions	HG002_chr1.633402.634418|HISEQ1:18:H8VC6ADXX:2:2213:7352:58980	HG002_chr1.633402.634418|HISEQ1:18:H8VC6ADXX:2:2213:7352:58980	148	8770.0	8899.0	best_hit_to_mtDNA	humanM
T	C	T	8873	HG002_all_regions	HG002_chr1.633402.634418|HISEQ1:18:H8VC6ADXX:2:2213:7352:58980	HG002_chr1.633402.634418|HISEQ1:18:H8VC6ADXX:2:2213:7352:58980	148	8770.0	8899.0	best_hit_to_mtDNA	humanM
C	T	C	8887	HG002_all_regions	HG002_chr1.633402.634418|HISEQ1:18:H8VC6ADXX:2:2213:7352:58980	HG002_chr1.633402.634418|HISEQ1:18:H8VC6ADXX:2:2213:7352:58980	148	8770.0	8899.0	best_hit_to_mtDNA	humanM
T	C	T	8893	HG002_all_regions	HG002_chr1.633402.634418|HISEQ1:18:H8VC6ADXX:2:2213:7352:58980	HG002_chr1.633402.634418|HISEQ1:18:H8VC6ADXX:2:2213:7352:58980	148	8770.0	8899.0	best_hit_to_mtDNA	humanM
T	C	T	8777	HG002_all_regions	HG002_chr1.633402.634418|HISEQ1:18:H8VC6ADXX:2:2213:7352:58980	HG002_chr1.633402.634418|HISEQ1:18:H8VC6ADXX:2:2213:7352:58980	148	8770.0	8899.0	best_hit_to_mtDNA	humanM
C	T	C	8780	HG002_all_regions	HG002_chr1.633402.634418|HISEQ1:18:H8VC6ADXX:2:2213:7352:58980	HG002_chr1.633402.634418|HISEQ1:18:H8VC6ADXX:2:2213:7352:58980	148	8770.0	8899.0	best_hit_to_mtDNA	humanM
C	T	C	8783	HG002_all_regions	HG002_chr1.633402.634418|HISEQ1:18:H8VC6ADXX:2:2213:7352:58980	HG002_chr1.633402.634418|HISEQ1:18:H8VC6ADXX:2:2213:7352:58980	148	8770.0	8899.0	best_hit_to_mtDNA	humanM
C	T	C	8786	HG002_all_regions	HG002_chr1.633402.634418|HISEQ1:18:H8VC6ADXX:2:2213:7352:58980	HG002_chr1.633402.634418|HISEQ1:18:H8VC6ADXX:2:2213:7352:58980	148	8770.0	8899.0	best_hit_to_mtDNA	humanM
A	G	A	8789	HG002_all_regions	HG002_chr1.633402.634418|HISEQ1:18:H8VC6ADXX:2:2213:7352:58980	HG002_chr1.633402.634418|HISEQ1:18:H8VC6ADXX:2:2213:7352:58980	148	8770.0	8899.0	best_hit_to_mtDNA	humanM
C	T	C	8792	HG002_all_regions	HG002_chr1.633402.634418|HISEQ1:18:H8VC6ADXX:2:2213:7352:58980	HG002_chr1.633402.634418|HISEQ1:18:H8VC6ADXX:2:2213:7352:58980	148	8770.0	8899.0	best_hit_to_mtDNA	humanM
G	A	G	8795	HG002_all_regions	HG002_chr1.633402.634418|HISEQ1:18:H8VC6ADXX:2:2213:7352:58980	HG002_chr1.633402.634418|HISEQ1:18:H8VC6ADXX:2:2213:7352:58980	148	8770.0	8899.0	best_hit_to_mtDNA	humanM
T	C	T	8798	HG002_all_regions	HG002_chr1.633402.634418|HISEQ1:18:H8VC6ADXX:2:2213:7352:58980	HG002_chr1.633402.634418|HISEQ1:18:H8VC6ADXX:2:2213:7352:58980	148	8770.0	8899.0	best_hit_to_mtDNA	humanM
T	C	T	8807	HG002_all_regions	HG002_chr1.633402.634418|HISEQ1:18:H8VC6ADXX:2:2213:7352:58980	HG002_chr1.633402.634418|HISEQ1:18:H8VC6ADXX:2:2213:7352:58980	148	8770.0	8899.0	best_hit_to_mtDNA	humanM
C	T	C	8846	HG002_all_regions	HG002_chr1.633402.634418|HISEQ1:18:H8VC6ADXX:2:2213:7352:58980	HG002_chr1.633402.634418|HISEQ1:18:H8VC6ADXX:2:2213:7352:58980	148	8770.0	8899.0	best_hit_to_mtDNA	humanM
T	C	T	8853	HG002_all_regions	HG002_chr1.633402.634418|HISEQ1:18:H8VC6ADXX:2:2213:7352:58980	HG002_chr1.633402.634418|HISEQ1:18:H8VC6ADXX:2:2213:7352:58980	148	8770.0	8899.0	best_hit_to_mtDNA	humanM
G	A	G	8861	HG002_all_regions	HG002_chr1.633402.634418|HISEQ1:18:H8VC6ADXX:2:2213:7352:58980	HG002_chr1.633402.634418|HISEQ1:18:H8VC6ADXX:2:2213:7352:58980	148	8770.0	8899.0	best_hit_to_mtDNA	humanM
A	G	G	8865	HG002_all_regions	HG002_chr1.633402.634418|HISEQ1:18:H8VC6ADXX:2:2213:7352:58980	HG002_chr1.633402.634418|HISEQ1:18:H8VC6ADXX:2:2213:7352:58980	148	8770.0	8899.0	best_hit_to_mtDNA	chimpM
G	A	G	8870	HG002_all_regions	HG002_chr1.633402.634418|HISEQ1:18:H8VC6ADXX:2:2213:7352:58980	HG002_chr1.633402.634418|HISEQ1:18:H8VC6ADXX:2:2213:7352:58980	148	8770.0	8899.0	best_hit_to_mtDNA	humanM
A	G	A	8871	HG002_all_regions	HG002_chr1.633402.634418|HISEQ1:18:H8VC6ADXX:2:2213:7352:58980	HG002_chr1.633402.634418|HISEQ1:18:H8VC6ADXX:2:2213:7352:58980	148	8770.0	8899.0	best_hit_to_mtDNA	humanM
T	C	T	8873	HG002_all_regions	HG002_chr1.633402.634418|HISEQ1:18:H8VC6ADXX:2:2213:7352:58980	HG002_chr1.633402.634418|HISEQ1:18:H8VC6ADXX:2:2213:7352:58980	148	8770.0	8899.0	best_hit_to_mtDNA	humanM
C	T	C	8887	HG002_all_regions	HG002_chr1.633402.634418|HISEQ1:18:H8VC6ADXX:2:2213:7352:58980	HG002_chr1.633402.634418|HISEQ1:18:H8VC6ADXX:2:2213:7352:58980	148	8770.0	8899.0	best_hit_to_mtDNA	humanM
T	C	T	8893	HG002_all_regions	HG002_chr1.633402.634418|HISEQ1:18:H8VC6ADXX:2:2213:7352:58980	HG002_chr1.633402.634418|HISEQ1:18:H8VC6ADXX:2:2213:7352:58980	148	8770.0	8899.0	best_hit_to_mtDNA	humanM
C	T	C	8786	HG002_all_regions	HG002_chr1.633402.634418|HISEQ1:19:H8VDAADXX:2:1204:9997:98650	HG002_chr1.633402.634418|HISEQ1:19:H8VDAADXX:2:1204:9997:98650	148	8780.0	8895.0	best_hit_to_mtDNA	humanM
A	G	A	8789	HG002_all_regions	HG002_chr1.633402.634418|HISEQ1:19:H8VDAADXX:2:1204:9997:98650	HG002_chr1.633402.634418|HISEQ1:19:H8VDAADXX:2:1204:9997:98650	148	8780.0	8895.0	best_hit_to_mtDNA	humanM
C	T	C	8792	HG002_all_regions	HG002_chr1.633402.634418|HISEQ1:19:H8VDAADXX:2:1204:9997:98650	HG002_chr1.633402.634418|HISEQ1:19:H8VDAADXX:2:1204:9997:98650	148	8780.0	8895.0	best_hit_to_mtDNA	humanM
G	A	G	8795	HG002_all_regions	HG002_chr1.633402.634418|HISEQ1:19:H8VDAADXX:2:1204:9997:98650	HG002_chr1.633402.634418|HISEQ1:19:H8VDAADXX:2:1204:9997:98650	148	8780.0	8895.0	best_hit_to_mtDNA	humanM
T	C	T	8798	HG002_all_regions	HG002_chr1.633402.634418|HISEQ1:19:H8VDAADXX:2:1204:9997:98650	HG002_chr1.633402.634418|HISEQ1:19:H8VDAADXX:2:1204:9997:98650	148	8780.0	8895.0	best_hit_to_mtDNA	humanM
T	C	T	8807	HG002_all_regions	HG002_chr1.633402.634418|HISEQ1:19:H8VDAADXX:2:1204:9997:98650	HG002_chr1.633402.634418|HISEQ1:19:H8VDAADXX:2:1204:9997:98650	148	8780.0	8895.0	best_hit_to_mtDNA	humanM
C	T	C	8846	HG002_all_regions	HG002_chr1.633402.634418|HISEQ1:19:H8VDAADXX:2:1204:9997:98650	HG002_chr1.633402.634418|HISEQ1:19:H8VDAADXX:2:1204:9997:98650	148	8780.0	8895.0	best_hit_to_mtDNA	humanM
T	C	T	8853	HG002_all_regions	HG002_chr1.633402.634418|HISEQ1:19:H8VDAADXX:2:1204:9997:98650	HG002_chr1.633402.634418|HISEQ1:19:H8VDAADXX:2:1204:9997:98650	148	8780.0	8895.0	best_hit_to_mtDNA	humanM
G	A	G	8861	HG002_all_regions	HG002_chr1.633402.634418|HISEQ1:19:H8VDAADXX:2:1204:9997:98650	HG002_chr1.633402.634418|HISEQ1:19:H8VDAADXX:2:1204:9997:98650	148	8780.0	8895.0	best_hit_to_mtDNA	humanM
A	G	G	8865	HG002_all_regions	HG002_chr1.633402.634418|HISEQ1:19:H8VDAADXX:2:1204:9997:98650	HG002_chr1.633402.634418|HISEQ1:19:H8VDAADXX:2:1204:9997:98650	148	8780.0	8895.0	best_hit_to_mtDNA	chimpM
G	A	G	8870	HG002_all_regions	HG002_chr1.633402.634418|HISEQ1:19:H8VDAADXX:2:1204:9997:98650	HG002_chr1.633402.634418|HISEQ1:19:H8VDAADXX:2:1204:9997:98650	148	8780.0	8895.0	best_hit_to_mtDNA	humanM
A	G	A	8871	HG002_all_regions	HG002_chr1.633402.634418|HISEQ1:19:H8VDAADXX:2:1204:9997:98650	HG002_chr1.633402.634418|HISEQ1:19:H8VDAADXX:2:1204:9997:98650	148	8780.0	8895.0	best_hit_to_mtDNA	humanM
T	C	T	8873	HG002_all_regions	HG002_chr1.633402.634418|HISEQ1:19:H8VDAADXX:2:1204:9997:98650	HG002_chr1.633402.634418|HISEQ1:19:H8VDAADXX:2:1204:9997:98650	148	8780.0	8895.0	best_hit_to_mtDNA	humanM
C	T	C	8887	HG002_all_regions	HG002_chr1.633402.634418|HISEQ1:19:H8VDAADXX:2:1204:9997:98650	HG002_chr1.633402.634418|HISEQ1:19:H8VDAADXX:2:1204:9997:98650	148	8780.0	8895.0	best_hit_to_mtDNA	humanM
T	C	T	8893	HG002_all_regions	HG002_chr1.633402.634418|HISEQ1:19:H8VDAADXX:2:1204:9997:98650	HG002_chr1.633402.634418|HISEQ1:19:H8VDAADXX:2:1204:9997:98650	148	8780.0	8895.0	best_hit_to_mtDNA	humanM
C	T	-	8783	HG002_all_regions	HG002_chr1.633402.634418|HISEQ1:19:H8VDAADXX:2:1204:9997:98650	HG002_chr1.633402.634418|HISEQ1:19:H8VDAADXX:2:1204:9997:98650	15143	8780.0	8895.0	best_hit_to_mtDNA	none
C	T	-	8786	HG002_all_regions	HG002_chr1.633402.634418|HISEQ1:19:H8VDAADXX:2:1204:9997:98650	HG002_chr1.633402.634418|HISEQ1:19:H8VDAADXX:2:1204:9997:98650	15143	8780.0	8895.0	best_hit_to_mtDNA	none
A	G	-	8789	HG002_all_regions	HG002_chr1.633402.634418|HISEQ1:19:H8VDAADXX:2:1204:9997:98650	HG002_chr1.633402.634418|HISEQ1:19:H8VDAADXX:2:1204:9997:98650	15143	8780.0	8895.0	best_hit_to_mtDNA	none
C	T	-	8792	HG002_all_regions	HG002_chr1.633402.634418|HISEQ1:19:H8VDAADXX:2:1204:9997:98650	HG002_chr1.633402.634418|HISEQ1:19:H8VDAADXX:2:1204:9997:98650	15143	8780.0	8895.0	best_hit_to_mtDNA	none
G	A	-	8795	HG002_all_regions	HG002_chr1.633402.634418|HISEQ1:19:H8VDAADXX:2:1204:9997:98650	HG002_chr1.633402.634418|HISEQ1:19:H8VDAADXX:2:1204:9997:98650	15143	8780.0	8895.0	best_hit_to_mtDNA	none
T	C	-	8798	HG002_all_regions	HG002_chr1.633402.634418|HISEQ1:19:H8VDAADXX:2:1204:9997:98650	HG002_chr1.633402.634418|HISEQ1:19:H8VDAADXX:2:1204:9997:98650	15143	8780.0	8895.0	best_hit_to_mtDNA	none
T	C	-	8807	HG002_all_regions	HG002_chr1.633402.634418|HISEQ1:19:H8VDAADXX:2:1204:9997:98650	HG002_chr1.633402.634418|HISEQ1:19:H8VDAADXX:2:1204:9997:98650	15143	8780.0	8895.0	best_hit_to_mtDNA	none
C	T	-	8846	HG002_all_regions	HG002_chr1.633402.634418|HISEQ1:19:H8VDAADXX:2:1204:9997:98650	HG002_chr1.633402.634418|HISEQ1:19:H8VDAADXX:2:1204:9997:98650	15143	8780.0	8895.0	best_hit_to_mtDNA	none
T	C	-	8853	HG002_all_regions	HG002_chr1.633402.634418|HISEQ1:19:H8VDAADXX:2:1204:9997:98650	HG002_chr1.633402.634418|HISEQ1:19:H8VDAADXX:2:1204:9997:98650	15143	8780.0	8895.0	best_hit_to_mtDNA	none
G	A	-	8861	HG002_all_regions	HG002_chr1.633402.634418|HISEQ1:19:H8VDAADXX:2:1204:9997:98650	HG002_chr1.633402.634418|HISEQ1:19:H8VDAADXX:2:1204:9997:98650	15143	8780.0	8895.0	best_hit_to_mtDNA	none
A	G	-	8865	HG002_all_regions	HG002_chr1.633402.634418|HISEQ1:19:H8VDAADXX:2:1204:9997:98650	HG002_chr1.633402.634418|HISEQ1:19:H8VDAADXX:2:1204:9997:98650	15143	8780.0	8895.0	best_hit_to_mtDNA	none
G	A	-	8870	HG002_all_regions	HG002_chr1.633402.634418|HISEQ1:19:H8VDAADXX:2:1204:9997:98650	HG002_chr1.633402.634418|HISEQ1:19:H8VDAADXX:2:1204:9997:98650	15143	8780.0	8895.0	best_hit_to_mtDNA	none
A	G	-	8871	HG002_all_regions	HG002_chr1.633402.634418|HISEQ1:19:H8VDAADXX:2:1204:9997:98650	HG002_chr1.633402.634418|HISEQ1:19:H8VDAADXX:2:1204:9997:98650	15143	8780.0	8895.0	best_hit_to_mtDNA	none
T	C	-	8873	HG002_all_regions	HG002_chr1.633402.634418|HISEQ1:19:H8VDAADXX:2:1204:9997:98650	HG002_chr1.633402.634418|HISEQ1:19:H8VDAADXX:2:1204:9997:98650	15143	8780.0	8895.0	best_hit_to_mtDNA	none
C	T	-	8887	HG002_all_regions	HG002_chr1.633402.634418|HISEQ1:19:H8VDAADXX:2:1204:9997:98650	HG002_chr1.633402.634418|HISEQ1:19:H8VDAADXX:2:1204:9997:98650	15143	8780.0	8895.0	best_hit_to_mtDNA	none
T	C	-	8893	HG002_all_regions	HG002_chr1.633402.634418|HISEQ1:19:H8VDAADXX:2:1204:9997:98650	HG002_chr1.633402.634418|HISEQ1:19:H8VDAADXX:2:1204:9997:98650	15143	8780.0	8895.0	best_hit_to_mtDNA	none
A	G	A	8789	HG002_all_regions	HG002_chr1.633402.634418|HISEQ1:18:H8VC6ADXX:2:1105:12218:22473	HG002_chr1.633402.634418|HISEQ1:18:H8VC6ADXX:2:1105:12218:22473	148	8783.0	8913.0	best_hit_to_mtDNA	humanM
C	T	C	8792	HG002_all_regions	HG002_chr1.633402.634418|HISEQ1:18:H8VC6ADXX:2:1105:12218:22473	HG002_chr1.633402.634418|HISEQ1:18:H8VC6ADXX:2:1105:12218:22473	148	8783.0	8913.0	best_hit_to_mtDNA	humanM
G	A	G	8795	HG002_all_regions	HG002_chr1.633402.634418|HISEQ1:18:H8VC6ADXX:2:1105:12218:22473	HG002_chr1.633402.634418|HISEQ1:18:H8VC6ADXX:2:1105:12218:22473	148	8783.0	8913.0	best_hit_to_mtDNA	humanM
T	C	T	8798	HG002_all_regions	HG002_chr1.633402.634418|HISEQ1:18:H8VC6ADXX:2:1105:12218:22473	HG002_chr1.633402.634418|HISEQ1:18:H8VC6ADXX:2:1105:12218:22473	148	8783.0	8913.0	best_hit_to_mtDNA	humanM
T	C	T	8807	HG002_all_regions	HG002_chr1.633402.634418|HISEQ1:18:H8VC6ADXX:2:1105:12218:22473	HG002_chr1.633402.634418|HISEQ1:18:H8VC6ADXX:2:1105:12218:22473	148	8783.0	8913.0	best_hit_to_mtDNA	humanM
C	T	C	8846	HG002_all_regions	HG002_chr1.633402.634418|HISEQ1:18:H8VC6ADXX:2:1105:12218:22473	HG002_chr1.633402.634418|HISEQ1:18:H8VC6ADXX:2:1105:12218:22473	148	8783.0	8913.0	best_hit_to_mtDNA	humanM
T	C	T	8853	HG002_all_regions	HG002_chr1.633402.634418|HISEQ1:18:H8VC6ADXX:2:1105:12218:22473	HG002_chr1.633402.634418|HISEQ1:18:H8VC6ADXX:2:1105:12218:22473	148	8783.0	8913.0	best_hit_to_mtDNA	humanM
G	A	G	8861	HG002_all_regions	HG002_chr1.633402.634418|HISEQ1:18:H8VC6ADXX:2:1105:12218:22473	HG002_chr1.633402.634418|HISEQ1:18:H8VC6ADXX:2:1105:12218:22473	148	8783.0	8913.0	best_hit_to_mtDNA	humanM
A	G	G	8865	HG002_all_regions	HG002_chr1.633402.634418|HISEQ1:18:H8VC6ADXX:2:1105:12218:22473	HG002_chr1.633402.634418|HISEQ1:18:H8VC6ADXX:2:1105:12218:22473	148	8783.0	8913.0	best_hit_to_mtDNA	chimpM
G	A	G	8870	HG002_all_regions	HG002_chr1.633402.634418|HISEQ1:18:H8VC6ADXX:2:1105:12218:22473	HG002_chr1.633402.634418|HISEQ1:18:H8VC6ADXX:2:1105:12218:22473	148	8783.0	8913.0	best_hit_to_mtDNA	humanM
A	G	A	8871	HG002_all_regions	HG002_chr1.633402.634418|HISEQ1:18:H8VC6ADXX:2:1105:12218:22473	HG002_chr1.633402.634418|HISEQ1:18:H8VC6ADXX:2:1105:12218:22473	148	8783.0	8913.0	best_hit_to_mtDNA	humanM
T	C	T	8873	HG002_all_regions	HG002_chr1.633402.634418|HISEQ1:18:H8VC6ADXX:2:1105:12218:22473	HG002_chr1.633402.634418|HISEQ1:18:H8VC6ADXX:2:1105:12218:22473	148	8783.0	8913.0	best_hit_to_mtDNA	humanM
C	T	C	8887	HG002_all_regions	HG002_chr1.633402.634418|HISEQ1:18:H8VC6ADXX:2:1105:12218:22473	HG002_chr1.633402.634418|HISEQ1:18:H8VC6ADXX:2:1105:12218:22473	148	8783.0	8913.0	best_hit_to_mtDNA	humanM
T	C	T	8893	HG002_all_regions	HG002_chr1.633402.634418|HISEQ1:18:H8VC6ADXX:2:1105:12218:22473	HG002_chr1.633402.634418|HISEQ1:18:H8VC6ADXX:2:1105:12218:22473	148	8783.0	8913.0	best_hit_to_mtDNA	humanM
C	T	C	8786	HG002_all_regions	HG002_chr1.633402.634418|HISEQ1:18:H8VC6ADXX:2:1105:12218:22473	HG002_chr1.633402.634418|HISEQ1:18:H8VC6ADXX:2:1105:12218:22473	148	8783.0	8913.0	best_hit_to_mtDNA	humanM
A	G	A	8789	HG002_all_regions	HG002_chr1.633402.634418|HISEQ1:18:H8VC6ADXX:2:1105:12218:22473	HG002_chr1.633402.634418|HISEQ1:18:H8VC6ADXX:2:1105:12218:22473	148	8783.0	8913.0	best_hit_to_mtDNA	humanM
C	T	C	8792	HG002_all_regions	HG002_chr1.633402.634418|HISEQ1:18:H8VC6ADXX:2:1105:12218:22473	HG002_chr1.633402.634418|HISEQ1:18:H8VC6ADXX:2:1105:12218:22473	148	8783.0	8913.0	best_hit_to_mtDNA	humanM
G	A	G	8795	HG002_all_regions	HG002_chr1.633402.634418|HISEQ1:18:H8VC6ADXX:2:1105:12218:22473	HG002_chr1.633402.634418|HISEQ1:18:H8VC6ADXX:2:1105:12218:22473	148	8783.0	8913.0	best_hit_to_mtDNA	humanM
T	C	T	8798	HG002_all_regions	HG002_chr1.633402.634418|HISEQ1:18:H8VC6ADXX:2:1105:12218:22473	HG002_chr1.633402.634418|HISEQ1:18:H8VC6ADXX:2:1105:12218:22473	148	8783.0	8913.0	best_hit_to_mtDNA	humanM
T	C	T	8807	HG002_all_regions	HG002_chr1.633402.634418|HISEQ1:18:H8VC6ADXX:2:1105:12218:22473	HG002_chr1.633402.634418|HISEQ1:18:H8VC6ADXX:2:1105:12218:22473	148	8783.0	8913.0	best_hit_to_mtDNA	humanM
C	T	C	8846	HG002_all_regions	HG002_chr1.633402.634418|HISEQ1:18:H8VC6ADXX:2:1105:12218:22473	HG002_chr1.633402.634418|HISEQ1:18:H8VC6ADXX:2:1105:12218:22473	148	8783.0	8913.0	best_hit_to_mtDNA	humanM
T	C	T	8853	HG002_all_regions	HG002_chr1.633402.634418|HISEQ1:18:H8VC6ADXX:2:1105:12218:22473	HG002_chr1.633402.634418|HISEQ1:18:H8VC6ADXX:2:1105:12218:22473	148	8783.0	8913.0	best_hit_to_mtDNA	humanM
G	A	G	8861	HG002_all_regions	HG002_chr1.633402.634418|HISEQ1:18:H8VC6ADXX:2:1105:12218:22473	HG002_chr1.633402.634418|HISEQ1:18:H8VC6ADXX:2:1105:12218:22473	148	8783.0	8913.0	best_hit_to_mtDNA	humanM
A	G	G	8865	HG002_all_regions	HG002_chr1.633402.634418|HISEQ1:18:H8VC6ADXX:2:1105:12218:22473	HG002_chr1.633402.634418|HISEQ1:18:H8VC6ADXX:2:1105:12218:22473	148	8783.0	8913.0	best_hit_to_mtDNA	chimpM
G	A	G	8870	HG002_all_regions	HG002_chr1.633402.634418|HISEQ1:18:H8VC6ADXX:2:1105:12218:22473	HG002_chr1.633402.634418|HISEQ1:18:H8VC6ADXX:2:1105:12218:22473	148	8783.0	8913.0	best_hit_to_mtDNA	humanM
A	G	A	8871	HG002_all_regions	HG002_chr1.633402.634418|HISEQ1:18:H8VC6ADXX:2:1105:12218:22473	HG002_chr1.633402.634418|HISEQ1:18:H8VC6ADXX:2:1105:12218:22473	148	8783.0	8913.0	best_hit_to_mtDNA	humanM
T	C	T	8873	HG002_all_regions	HG002_chr1.633402.634418|HISEQ1:18:H8VC6ADXX:2:1105:12218:22473	HG002_chr1.633402.634418|HISEQ1:18:H8VC6ADXX:2:1105:12218:22473	148	8783.0	8913.0	best_hit_to_mtDNA	humanM
C	T	C	8887	HG002_all_regions	HG002_chr1.633402.634418|HISEQ1:18:H8VC6ADXX:2:1105:12218:22473	HG002_chr1.633402.634418|HISEQ1:18:H8VC6ADXX:2:1105:12218:22473	148	8783.0	8913.0	best_hit_to_mtDNA	humanM
T	C	T	8893	HG002_all_regions	HG002_chr1.633402.634418|HISEQ1:18:H8VC6ADXX:2:1105:12218:22473	HG002_chr1.633402.634418|HISEQ1:18:H8VC6ADXX:2:1105:12218:22473	148	8783.0	8913.0	best_hit_to_mtDNA	humanM
A	G	T	8789	HG002_all_regions	HG002_chr1.633402.634418|HISEQ1:19:H8VDAADXX:1:1107:11271:70785	HG002_chr1.633402.634418|HISEQ1:19:H8VDAADXX:1:1107:11271:70785	148	8785.0	8929.0	best_hit_to_mtDNA	none
C	T	C	8792	HG002_all_regions	HG002_chr1.633402.634418|HISEQ1:19:H8VDAADXX:1:1107:11271:70785	HG002_chr1.633402.634418|HISEQ1:19:H8VDAADXX:1:1107:11271:70785	148	8785.0	8929.0	best_hit_to_mtDNA	humanM
G	A	G	8795	HG002_all_regions	HG002_chr1.633402.634418|HISEQ1:19:H8VDAADXX:1:1107:11271:70785	HG002_chr1.633402.634418|HISEQ1:19:H8VDAADXX:1:1107:11271:70785	148	8785.0	8929.0	best_hit_to_mtDNA	humanM
T	C	T	8798	HG002_all_regions	HG002_chr1.633402.634418|HISEQ1:19:H8VDAADXX:1:1107:11271:70785	HG002_chr1.633402.634418|HISEQ1:19:H8VDAADXX:1:1107:11271:70785	148	8785.0	8929.0	best_hit_to_mtDNA	humanM
T	C	T	8807	HG002_all_regions	HG002_chr1.633402.634418|HISEQ1:19:H8VDAADXX:1:1107:11271:70785	HG002_chr1.633402.634418|HISEQ1:19:H8VDAADXX:1:1107:11271:70785	148	8785.0	8929.0	best_hit_to_mtDNA	humanM
C	T	C	8846	HG002_all_regions	HG002_chr1.633402.634418|HISEQ1:19:H8VDAADXX:1:1107:11271:70785	HG002_chr1.633402.634418|HISEQ1:19:H8VDAADXX:1:1107:11271:70785	148	8785.0	8929.0	best_hit_to_mtDNA	humanM
T	C	T	8853	HG002_all_regions	HG002_chr1.633402.634418|HISEQ1:19:H8VDAADXX:1:1107:11271:70785	HG002_chr1.633402.634418|HISEQ1:19:H8VDAADXX:1:1107:11271:70785	148	8785.0	8929.0	best_hit_to_mtDNA	humanM
G	A	G	8861	HG002_all_regions	HG002_chr1.633402.634418|HISEQ1:19:H8VDAADXX:1:1107:11271:70785	HG002_chr1.633402.634418|HISEQ1:19:H8VDAADXX:1:1107:11271:70785	148	8785.0	8929.0	best_hit_to_mtDNA	humanM
A	G	G	8865	HG002_all_regions	HG002_chr1.633402.634418|HISEQ1:19:H8VDAADXX:1:1107:11271:70785	HG002_chr1.633402.634418|HISEQ1:19:H8VDAADXX:1:1107:11271:70785	148	8785.0	8929.0	best_hit_to_mtDNA	chimpM
G	A	G	8870	HG002_all_regions	HG002_chr1.633402.634418|HISEQ1:19:H8VDAADXX:1:1107:11271:70785	HG002_chr1.633402.634418|HISEQ1:19:H8VDAADXX:1:1107:11271:70785	148	8785.0	8929.0	best_hit_to_mtDNA	humanM
A	G	A	8871	HG002_all_regions	HG002_chr1.633402.634418|HISEQ1:19:H8VDAADXX:1:1107:11271:70785	HG002_chr1.633402.634418|HISEQ1:19:H8VDAADXX:1:1107:11271:70785	148	8785.0	8929.0	best_hit_to_mtDNA	humanM
T	C	T	8873	HG002_all_regions	HG002_chr1.633402.634418|HISEQ1:19:H8VDAADXX:1:1107:11271:70785	HG002_chr1.633402.634418|HISEQ1:19:H8VDAADXX:1:1107:11271:70785	148	8785.0	8929.0	best_hit_to_mtDNA	humanM
C	T	C	8887	HG002_all_regions	HG002_chr1.633402.634418|HISEQ1:19:H8VDAADXX:1:1107:11271:70785	HG002_chr1.633402.634418|HISEQ1:19:H8VDAADXX:1:1107:11271:70785	148	8785.0	8929.0	best_hit_to_mtDNA	humanM
T	C	T	8893	HG002_all_regions	HG002_chr1.633402.634418|HISEQ1:19:H8VDAADXX:1:1107:11271:70785	HG002_chr1.633402.634418|HISEQ1:19:H8VDAADXX:1:1107:11271:70785	148	8785.0	8929.0	best_hit_to_mtDNA	humanM
A	G	A	8921	HG002_all_regions	HG002_chr1.633402.634418|HISEQ1:19:H8VDAADXX:1:1107:11271:70785	HG002_chr1.633402.634418|HISEQ1:19:H8VDAADXX:1:1107:11271:70785	148	8785.0	8929.0	best_hit_to_mtDNA	humanM
C	T	C	8792	HG002_all_regions	HG002_chr1.633402.634418|HISEQ1:19:H8VDAADXX:1:1107:11271:70785	HG002_chr1.633402.634418|HISEQ1:19:H8VDAADXX:1:1107:11271:70785	148	8785.0	8929.0	best_hit_to_mtDNA	humanM
G	A	G	8795	HG002_all_regions	HG002_chr1.633402.634418|HISEQ1:19:H8VDAADXX:1:1107:11271:70785	HG002_chr1.633402.634418|HISEQ1:19:H8VDAADXX:1:1107:11271:70785	148	8785.0	8929.0	best_hit_to_mtDNA	humanM
T	C	T	8798	HG002_all_regions	HG002_chr1.633402.634418|HISEQ1:19:H8VDAADXX:1:1107:11271:70785	HG002_chr1.633402.634418|HISEQ1:19:H8VDAADXX:1:1107:11271:70785	148	8785.0	8929.0	best_hit_to_mtDNA	humanM
T	C	T	8807	HG002_all_regions	HG002_chr1.633402.634418|HISEQ1:19:H8VDAADXX:1:1107:11271:70785	HG002_chr1.633402.634418|HISEQ1:19:H8VDAADXX:1:1107:11271:70785	148	8785.0	8929.0	best_hit_to_mtDNA	humanM
C	T	C	8846	HG002_all_regions	HG002_chr1.633402.634418|HISEQ1:19:H8VDAADXX:1:1107:11271:70785	HG002_chr1.633402.634418|HISEQ1:19:H8VDAADXX:1:1107:11271:70785	148	8785.0	8929.0	best_hit_to_mtDNA	humanM
T	C	T	8853	HG002_all_regions	HG002_chr1.633402.634418|HISEQ1:19:H8VDAADXX:1:1107:11271:70785	HG002_chr1.633402.634418|HISEQ1:19:H8VDAADXX:1:1107:11271:70785	148	8785.0	8929.0	best_hit_to_mtDNA	humanM
G	A	G	8861	HG002_all_regions	HG002_chr1.633402.634418|HISEQ1:19:H8VDAADXX:1:1107:11271:70785	HG002_chr1.633402.634418|HISEQ1:19:H8VDAADXX:1:1107:11271:70785	148	8785.0	8929.0	best_hit_to_mtDNA	humanM
A	G	G	8865	HG002_all_regions	HG002_chr1.633402.634418|HISEQ1:19:H8VDAADXX:1:1107:11271:70785	HG002_chr1.633402.634418|HISEQ1:19:H8VDAADXX:1:1107:11271:70785	148	8785.0	8929.0	best_hit_to_mtDNA	chimpM
G	A	G	8870	HG002_all_regions	HG002_chr1.633402.634418|HISEQ1:19:H8VDAADXX:1:1107:11271:70785	HG002_chr1.633402.634418|HISEQ1:19:H8VDAADXX:1:1107:11271:70785	148	8785.0	8929.0	best_hit_to_mtDNA	humanM
A	G	A	8871	HG002_all_regions	HG002_chr1.633402.634418|HISEQ1:19:H8VDAADXX:1:1107:11271:70785	HG002_chr1.633402.634418|HISEQ1:19:H8VDAADXX:1:1107:11271:70785	148	8785.0	8929.0	best_hit_to_mtDNA	humanM
T	C	T	8873	HG002_all_regions	HG002_chr1.633402.634418|HISEQ1:19:H8VDAADXX:1:1107:11271:70785	HG002_chr1.633402.634418|HISEQ1:19:H8VDAADXX:1:1107:11271:70785	148	8785.0	8929.0	best_hit_to_mtDNA	humanM
C	T	C	8887	HG002_all_regions	HG002_chr1.633402.634418|HISEQ1:19:H8VDAADXX:1:1107:11271:70785	HG002_chr1.633402.634418|HISEQ1:19:H8VDAADXX:1:1107:11271:70785	148	8785.0	8929.0	best_hit_to_mtDNA	humanM
T	C	T	8893	HG002_all_regions	HG002_chr1.633402.634418|HISEQ1:19:H8VDAADXX:1:1107:11271:70785	HG002_chr1.633402.634418|HISEQ1:19:H8VDAADXX:1:1107:11271:70785	148	8785.0	8929.0	best_hit_to_mtDNA	humanM
A	G	A	8921	HG002_all_regions	HG002_chr1.633402.634418|HISEQ1:19:H8VDAADXX:1:1107:11271:70785	HG002_chr1.633402.634418|HISEQ1:19:H8VDAADXX:1:1107:11271:70785	148	8785.0	8929.0	best_hit_to_mtDNA	humanM
T	C	T	8807	HG002_all_regions	HG002_chr1.633402.634418|HISEQ1:18:H8VC6ADXX:1:1104:2549:73737	HG002_chr1.633402.634418|HISEQ1:18:H8VC6ADXX:1:1104:2549:73737	148	8796.0	8942.0	best_hit_to_mtDNA	humanM
C	T	C	8846	HG002_all_regions	HG002_chr1.633402.634418|HISEQ1:18:H8VC6ADXX:1:1104:2549:73737	HG002_chr1.633402.634418|HISEQ1:18:H8VC6ADXX:1:1104:2549:73737	148	8796.0	8942.0	best_hit_to_mtDNA	humanM
T	C	T	8853	HG002_all_regions	HG002_chr1.633402.634418|HISEQ1:18:H8VC6ADXX:1:1104:2549:73737	HG002_chr1.633402.634418|HISEQ1:18:H8VC6ADXX:1:1104:2549:73737	148	8796.0	8942.0	best_hit_to_mtDNA	humanM
G	A	G	8861	HG002_all_regions	HG002_chr1.633402.634418|HISEQ1:18:H8VC6ADXX:1:1104:2549:73737	HG002_chr1.633402.634418|HISEQ1:18:H8VC6ADXX:1:1104:2549:73737	148	8796.0	8942.0	best_hit_to_mtDNA	humanM
A	G	G	8865	HG002_all_regions	HG002_chr1.633402.634418|HISEQ1:18:H8VC6ADXX:1:1104:2549:73737	HG002_chr1.633402.634418|HISEQ1:18:H8VC6ADXX:1:1104:2549:73737	148	8796.0	8942.0	best_hit_to_mtDNA	chimpM
G	A	G	8870	HG002_all_regions	HG002_chr1.633402.634418|HISEQ1:18:H8VC6ADXX:1:1104:2549:73737	HG002_chr1.633402.634418|HISEQ1:18:H8VC6ADXX:1:1104:2549:73737	148	8796.0	8942.0	best_hit_to_mtDNA	humanM
A	G	A	8871	HG002_all_regions	HG002_chr1.633402.634418|HISEQ1:18:H8VC6ADXX:1:1104:2549:73737	HG002_chr1.633402.634418|HISEQ1:18:H8VC6ADXX:1:1104:2549:73737	148	8796.0	8942.0	best_hit_to_mtDNA	humanM
T	C	T	8873	HG002_all_regions	HG002_chr1.633402.634418|HISEQ1:18:H8VC6ADXX:1:1104:2549:73737	HG002_chr1.633402.634418|HISEQ1:18:H8VC6ADXX:1:1104:2549:73737	148	8796.0	8942.0	best_hit_to_mtDNA	humanM
C	T	C	8887	HG002_all_regions	HG002_chr1.633402.634418|HISEQ1:18:H8VC6ADXX:1:1104:2549:73737	HG002_chr1.633402.634418|HISEQ1:18:H8VC6ADXX:1:1104:2549:73737	148	8796.0	8942.0	best_hit_to_mtDNA	humanM
T	C	T	8893	HG002_all_regions	HG002_chr1.633402.634418|HISEQ1:18:H8VC6ADXX:1:1104:2549:73737	HG002_chr1.633402.634418|HISEQ1:18:H8VC6ADXX:1:1104:2549:73737	148	8796.0	8942.0	best_hit_to_mtDNA	humanM
A	G	A	8921	HG002_all_regions	HG002_chr1.633402.634418|HISEQ1:18:H8VC6ADXX:1:1104:2549:73737	HG002_chr1.633402.634418|HISEQ1:18:H8VC6ADXX:1:1104:2549:73737	148	8796.0	8942.0	best_hit_to_mtDNA	humanM
T	C	T	8807	HG002_all_regions	HG002_chr1.633402.634418|HISEQ1:18:H8VC6ADXX:2:2115:1797:98145	HG002_chr1.633402.634418|HISEQ1:18:H8VC6ADXX:2:2115:1797:98145	148	8796.0	8942.0	best_hit_to_mtDNA	humanM
C	T	C	8846	HG002_all_regions	HG002_chr1.633402.634418|HISEQ1:18:H8VC6ADXX:2:2115:1797:98145	HG002_chr1.633402.634418|HISEQ1:18:H8VC6ADXX:2:2115:1797:98145	148	8796.0	8942.0	best_hit_to_mtDNA	humanM
T	C	T	8853	HG002_all_regions	HG002_chr1.633402.634418|HISEQ1:18:H8VC6ADXX:2:2115:1797:98145	HG002_chr1.633402.634418|HISEQ1:18:H8VC6ADXX:2:2115:1797:98145	148	8796.0	8942.0	best_hit_to_mtDNA	humanM
G	A	G	8861	HG002_all_regions	HG002_chr1.633402.634418|HISEQ1:18:H8VC6ADXX:2:2115:1797:98145	HG002_chr1.633402.634418|HISEQ1:18:H8VC6ADXX:2:2115:1797:98145	148	8796.0	8942.0	best_hit_to_mtDNA	humanM
A	G	G	8865	HG002_all_regions	HG002_chr1.633402.634418|HISEQ1:18:H8VC6ADXX:2:2115:1797:98145	HG002_chr1.633402.634418|HISEQ1:18:H8VC6ADXX:2:2115:1797:98145	148	8796.0	8942.0	best_hit_to_mtDNA	chimpM
G	A	G	8870	HG002_all_regions	HG002_chr1.633402.634418|HISEQ1:18:H8VC6ADXX:2:2115:1797:98145	HG002_chr1.633402.634418|HISEQ1:18:H8VC6ADXX:2:2115:1797:98145	148	8796.0	8942.0	best_hit_to_mtDNA	humanM
A	G	A	8871	HG002_all_regions	HG002_chr1.633402.634418|HISEQ1:18:H8VC6ADXX:2:2115:1797:98145	HG002_chr1.633402.634418|HISEQ1:18:H8VC6ADXX:2:2115:1797:98145	148	8796.0	8942.0	best_hit_to_mtDNA	humanM
T	C	T	8873	HG002_all_regions	HG002_chr1.633402.634418|HISEQ1:18:H8VC6ADXX:2:2115:1797:98145	HG002_chr1.633402.634418|HISEQ1:18:H8VC6ADXX:2:2115:1797:98145	148	8796.0	8942.0	best_hit_to_mtDNA	humanM
C	T	C	8887	HG002_all_regions	HG002_chr1.633402.634418|HISEQ1:18:H8VC6ADXX:2:2115:1797:98145	HG002_chr1.633402.634418|HISEQ1:18:H8VC6ADXX:2:2115:1797:98145	148	8796.0	8942.0	best_hit_to_mtDNA	humanM
T	C	T	8893	HG002_all_regions	HG002_chr1.633402.634418|HISEQ1:18:H8VC6ADXX:2:2115:1797:98145	HG002_chr1.633402.634418|HISEQ1:18:H8VC6ADXX:2:2115:1797:98145	148	8796.0	8942.0	best_hit_to_mtDNA	humanM
A	G	A	8921	HG002_all_regions	HG002_chr1.633402.634418|HISEQ1:18:H8VC6ADXX:2:2115:1797:98145	HG002_chr1.633402.634418|HISEQ1:18:H8VC6ADXX:2:2115:1797:98145	148	8796.0	8942.0	best_hit_to_mtDNA	humanM
T	C	T	8807	HG002_all_regions	HG002_chr1.633402.634418|HISEQ1:18:H8VC6ADXX:1:1212:4098:9854	HG002_chr1.633402.634418|HISEQ1:18:H8VC6ADXX:1:1212:4098:9854	148	8797.0	8944.0	best_hit_to_mtDNA	humanM
C	T	C	8846	HG002_all_regions	HG002_chr1.633402.634418|HISEQ1:18:H8VC6ADXX:1:1212:4098:9854	HG002_chr1.633402.634418|HISEQ1:18:H8VC6ADXX:1:1212:4098:9854	148	8797.0	8944.0	best_hit_to_mtDNA	humanM
T	C	T	8853	HG002_all_regions	HG002_chr1.633402.634418|HISEQ1:18:H8VC6ADXX:1:1212:4098:9854	HG002_chr1.633402.634418|HISEQ1:18:H8VC6ADXX:1:1212:4098:9854	148	8797.0	8944.0	best_hit_to_mtDNA	humanM
G	A	G	8861	HG002_all_regions	HG002_chr1.633402.634418|HISEQ1:18:H8VC6ADXX:1:1212:4098:9854	HG002_chr1.633402.634418|HISEQ1:18:H8VC6ADXX:1:1212:4098:9854	148	8797.0	8944.0	best_hit_to_mtDNA	humanM
A	G	G	8865	HG002_all_regions	HG002_chr1.633402.634418|HISEQ1:18:H8VC6ADXX:1:1212:4098:9854	HG002_chr1.633402.634418|HISEQ1:18:H8VC6ADXX:1:1212:4098:9854	148	8797.0	8944.0	best_hit_to_mtDNA	chimpM
G	A	G	8870	HG002_all_regions	HG002_chr1.633402.634418|HISEQ1:18:H8VC6ADXX:1:1212:4098:9854	HG002_chr1.633402.634418|HISEQ1:18:H8VC6ADXX:1:1212:4098:9854	148	8797.0	8944.0	best_hit_to_mtDNA	humanM
A	G	A	8871	HG002_all_regions	HG002_chr1.633402.634418|HISEQ1:18:H8VC6ADXX:1:1212:4098:9854	HG002_chr1.633402.634418|HISEQ1:18:H8VC6ADXX:1:1212:4098:9854	148	8797.0	8944.0	best_hit_to_mtDNA	humanM
T	C	T	8873	HG002_all_regions	HG002_chr1.633402.634418|HISEQ1:18:H8VC6ADXX:1:1212:4098:9854	HG002_chr1.633402.634418|HISEQ1:18:H8VC6ADXX:1:1212:4098:9854	148	8797.0	8944.0	best_hit_to_mtDNA	humanM
C	T	C	8887	HG002_all_regions	HG002_chr1.633402.634418|HISEQ1:18:H8VC6ADXX:1:1212:4098:9854	HG002_chr1.633402.634418|HISEQ1:18:H8VC6ADXX:1:1212:4098:9854	148	8797.0	8944.0	best_hit_to_mtDNA	humanM
T	C	T	8893	HG002_all_regions	HG002_chr1.633402.634418|HISEQ1:18:H8VC6ADXX:1:1212:4098:9854	HG002_chr1.633402.634418|HISEQ1:18:H8VC6ADXX:1:1212:4098:9854	148	8797.0	8944.0	best_hit_to_mtDNA	humanM
A	G	A	8921	HG002_all_regions	HG002_chr1.633402.634418|HISEQ1:18:H8VC6ADXX:1:1212:4098:9854	HG002_chr1.633402.634418|HISEQ1:18:H8VC6ADXX:1:1212:4098:9854	148	8797.0	8944.0	best_hit_to_mtDNA	humanM
C	T	C	8846	HG002_all_regions	HG002_chr1.633402.634418|HISEQ1:20:H9V1RADXX:1:1105:3791:65015	HG002_chr1.633402.634418|HISEQ1:20:H9V1RADXX:1:1105:3791:65015	148	8813.0	8959.0	best_hit_to_mtDNA	humanM
T	C	T	8853	HG002_all_regions	HG002_chr1.633402.634418|HISEQ1:20:H9V1RADXX:1:1105:3791:65015	HG002_chr1.633402.634418|HISEQ1:20:H9V1RADXX:1:1105:3791:65015	148	8813.0	8959.0	best_hit_to_mtDNA	humanM
G	A	G	8861	HG002_all_regions	HG002_chr1.633402.634418|HISEQ1:20:H9V1RADXX:1:1105:3791:65015	HG002_chr1.633402.634418|HISEQ1:20:H9V1RADXX:1:1105:3791:65015	148	8813.0	8959.0	best_hit_to_mtDNA	humanM
A	G	G	8865	HG002_all_regions	HG002_chr1.633402.634418|HISEQ1:20:H9V1RADXX:1:1105:3791:65015	HG002_chr1.633402.634418|HISEQ1:20:H9V1RADXX:1:1105:3791:65015	148	8813.0	8959.0	best_hit_to_mtDNA	chimpM
G	A	G	8870	HG002_all_regions	HG002_chr1.633402.634418|HISEQ1:20:H9V1RADXX:1:1105:3791:65015	HG002_chr1.633402.634418|HISEQ1:20:H9V1RADXX:1:1105:3791:65015	148	8813.0	8959.0	best_hit_to_mtDNA	humanM
A	G	A	8871	HG002_all_regions	HG002_chr1.633402.634418|HISEQ1:20:H9V1RADXX:1:1105:3791:65015	HG002_chr1.633402.634418|HISEQ1:20:H9V1RADXX:1:1105:3791:65015	148	8813.0	8959.0	best_hit_to_mtDNA	humanM
T	C	T	8873	HG002_all_regions	HG002_chr1.633402.634418|HISEQ1:20:H9V1RADXX:1:1105:3791:65015	HG002_chr1.633402.634418|HISEQ1:20:H9V1RADXX:1:1105:3791:65015	148	8813.0	8959.0	best_hit_to_mtDNA	humanM
C	T	C	8887	HG002_all_regions	HG002_chr1.633402.634418|HISEQ1:20:H9V1RADXX:1:1105:3791:65015	HG002_chr1.633402.634418|HISEQ1:20:H9V1RADXX:1:1105:3791:65015	148	8813.0	8959.0	best_hit_to_mtDNA	humanM
T	C	T	8893	HG002_all_regions	HG002_chr1.633402.634418|HISEQ1:20:H9V1RADXX:1:1105:3791:65015	HG002_chr1.633402.634418|HISEQ1:20:H9V1RADXX:1:1105:3791:65015	148	8813.0	8959.0	best_hit_to_mtDNA	humanM
A	G	A	8921	HG002_all_regions	HG002_chr1.633402.634418|HISEQ1:20:H9V1RADXX:1:1105:3791:65015	HG002_chr1.633402.634418|HISEQ1:20:H9V1RADXX:1:1105:3791:65015	148	8813.0	8959.0	best_hit_to_mtDNA	humanM
A	G	G	8865	HG002_all_regions	HG002_chr1.633402.634418|HISEQ1:19:H8VDAADXX:1:1215:2731:71511	HG002_chr1.633402.634418|HISEQ1:19:H8VDAADXX:1:1215:2731:71511	148	8859.0	8997.0	best_hit_to_mtDNA	chimpM
G	A	G	8870	HG002_all_regions	HG002_chr1.633402.634418|HISEQ1:19:H8VDAADXX:1:1215:2731:71511	HG002_chr1.633402.634418|HISEQ1:19:H8VDAADXX:1:1215:2731:71511	148	8859.0	8997.0	best_hit_to_mtDNA	humanM
A	G	A	8871	HG002_all_regions	HG002_chr1.633402.634418|HISEQ1:19:H8VDAADXX:1:1215:2731:71511	HG002_chr1.633402.634418|HISEQ1:19:H8VDAADXX:1:1215:2731:71511	148	8859.0	8997.0	best_hit_to_mtDNA	humanM
T	C	T	8873	HG002_all_regions	HG002_chr1.633402.634418|HISEQ1:19:H8VDAADXX:1:1215:2731:71511	HG002_chr1.633402.634418|HISEQ1:19:H8VDAADXX:1:1215:2731:71511	148	8859.0	8997.0	best_hit_to_mtDNA	humanM
C	T	C	8887	HG002_all_regions	HG002_chr1.633402.634418|HISEQ1:19:H8VDAADXX:1:1215:2731:71511	HG002_chr1.633402.634418|HISEQ1:19:H8VDAADXX:1:1215:2731:71511	148	8859.0	8997.0	best_hit_to_mtDNA	humanM
T	C	T	8893	HG002_all_regions	HG002_chr1.633402.634418|HISEQ1:19:H8VDAADXX:1:1215:2731:71511	HG002_chr1.633402.634418|HISEQ1:19:H8VDAADXX:1:1215:2731:71511	148	8859.0	8997.0	best_hit_to_mtDNA	humanM
A	G	A	8921	HG002_all_regions	HG002_chr1.633402.634418|HISEQ1:19:H8VDAADXX:1:1215:2731:71511	HG002_chr1.633402.634418|HISEQ1:19:H8VDAADXX:1:1215:2731:71511	148	8859.0	8997.0	best_hit_to_mtDNA	humanM
T	C	T	8960	HG002_all_regions	HG002_chr1.633402.634418|HISEQ1:19:H8VDAADXX:1:1215:2731:71511	HG002_chr1.633402.634418|HISEQ1:19:H8VDAADXX:1:1215:2731:71511	148	8859.0	8997.0	best_hit_to_mtDNA	humanM
C	T	C	8969	HG002_all_regions	HG002_chr1.633402.634418|HISEQ1:19:H8VDAADXX:1:1215:2731:71511	HG002_chr1.633402.634418|HISEQ1:19:H8VDAADXX:1:1215:2731:71511	148	8859.0	8997.0	best_hit_to_mtDNA	humanM
C	T	C	8972	HG002_all_regions	HG002_chr1.633402.634418|HISEQ1:19:H8VDAADXX:1:1215:2731:71511	HG002_chr1.633402.634418|HISEQ1:19:H8VDAADXX:1:1215:2731:71511	148	8859.0	8997.0	best_hit_to_mtDNA	humanM
A	G	A	9185	HG002_all_regions	HG002_chr1.633402.634418|HISEQ1:18:H8VC6ADXX:1:1113:3562:79280	HG002_chr1.633402.634418|HISEQ1:18:H8VC6ADXX:1:1113:3562:79280	148	9179.0	9326.0	best_hit_to_mtDNA	humanM
T	C	T	9235	HG002_all_regions	HG002_chr1.633402.634418|HISEQ1:18:H8VC6ADXX:1:1113:3562:79280	HG002_chr1.633402.634418|HISEQ1:18:H8VC6ADXX:1:1113:3562:79280	148	9179.0	9326.0	best_hit_to_mtDNA	humanM
T	C	T	9238	HG002_all_regions	HG002_chr1.633402.634418|HISEQ1:18:H8VC6ADXX:1:1113:3562:79280	HG002_chr1.633402.634418|HISEQ1:18:H8VC6ADXX:1:1113:3562:79280	148	9179.0	9326.0	best_hit_to_mtDNA	humanM
A	G	A	9280	HG002_all_regions	HG002_chr1.633402.634418|HISEQ1:18:H8VC6ADXX:1:1113:3562:79280	HG002_chr1.633402.634418|HISEQ1:18:H8VC6ADXX:1:1113:3562:79280	148	9179.0	9326.0	best_hit_to_mtDNA	humanM
G	A	G	9292	HG002_all_regions	HG002_chr1.633402.634418|HISEQ1:18:H8VC6ADXX:1:1113:3562:79280	HG002_chr1.633402.634418|HISEQ1:18:H8VC6ADXX:1:1113:3562:79280	148	9179.0	9326.0	best_hit_to_mtDNA	humanM
A	G	A	9304	HG002_all_regions	HG002_chr1.633402.634418|HISEQ1:18:H8VC6ADXX:1:1113:3562:79280	HG002_chr1.633402.634418|HISEQ1:18:H8VC6ADXX:1:1113:3562:79280	148	9179.0	9326.0	best_hit_to_mtDNA	humanM
G	A	G	9310	HG002_all_regions	HG002_chr1.633402.634418|HISEQ1:18:H8VC6ADXX:1:1113:3562:79280	HG002_chr1.633402.634418|HISEQ1:18:H8VC6ADXX:1:1113:3562:79280	148	9179.0	9326.0	best_hit_to_mtDNA	humanM
T	C	T	9316	HG002_all_regions	HG002_chr1.633402.634418|HISEQ1:18:H8VC6ADXX:1:1113:3562:79280	HG002_chr1.633402.634418|HISEQ1:18:H8VC6ADXX:1:1113:3562:79280	148	9179.0	9326.0	best_hit_to_mtDNA	humanM
C	T	C	9323	HG002_all_regions	HG002_chr1.633402.634418|HISEQ1:18:H8VC6ADXX:1:1113:3562:79280	HG002_chr1.633402.634418|HISEQ1:18:H8VC6ADXX:1:1113:3562:79280	148	9179.0	9326.0	best_hit_to_mtDNA	humanM
C	T	-	16090	HG002_all_regions	HG002_chr11.49861520.49862789|HISEQ1:19:H8VDAADXX:2:2212:2683:69342	HG002_chr11.49861520.49862789|HISEQ1:19:H8VDAADXX:2:2212:2683:69342	9893	16089.0	16126.0	best_hit_to_mtDNA	none
A	-	-	16091	HG002_all_regions	HG002_chr11.49861520.49862789|HISEQ1:19:H8VDAADXX:2:2212:2683:69342	HG002_chr11.49861520.49862789|HISEQ1:19:H8VDAADXX:2:2212:2683:69342	9893	16089.0	16126.0	best_hit_to_mtDNA	chimpM
A	C	-	16221	HG002_all_regions	HG002_chr11.49861520.49862789|HISEQ1:18:H8VC6ADXX:1:1212:20638:47408	HG002_chr11.49861520.49862789|HISEQ1:18:H8VC6ADXX:1:1212:20638:47408	15152	16210.0	16354.0	best_hit_to_mtDNA	none
T	C	-	16223	HG002_all_regions	HG002_chr11.49861520.49862789|HISEQ1:18:H8VC6ADXX:1:1212:20638:47408	HG002_chr11.49861520.49862789|HISEQ1:18:H8VC6ADXX:1:1212:20638:47408	15152	16210.0	16354.0	best_hit_to_mtDNA	none
G	A	-	16227	HG002_all_regions	HG002_chr11.49861520.49862789|HISEQ1:18:H8VC6ADXX:1:1212:20638:47408	HG002_chr11.49861520.49862789|HISEQ1:18:H8VC6ADXX:1:1212:20638:47408	15152	16210.0	16354.0	best_hit_to_mtDNA	none
C	T	-	16236	HG002_all_regions	HG002_chr11.49861520.49862789|HISEQ1:18:H8VC6ADXX:1:1212:20638:47408	HG002_chr11.49861520.49862789|HISEQ1:18:H8VC6ADXX:1:1212:20638:47408	15152	16210.0	16354.0	best_hit_to_mtDNA	none
T	C	-	16238	HG002_all_regions	HG002_chr11.49861520.49862789|HISEQ1:18:H8VC6ADXX:1:1212:20638:47408	HG002_chr11.49861520.49862789|HISEQ1:18:H8VC6ADXX:1:1212:20638:47408	15152	16210.0	16354.0	best_hit_to_mtDNA	none
A	G	-	16244	HG002_all_regions	HG002_chr11.49861520.49862789|HISEQ1:18:H8VC6ADXX:1:1212:20638:47408	HG002_chr11.49861520.49862789|HISEQ1:18:H8VC6ADXX:1:1212:20638:47408	15152	16210.0	16354.0	best_hit_to_mtDNA	none
A	G	-	16247	HG002_all_regions	HG002_chr11.49861520.49862789|HISEQ1:18:H8VC6ADXX:1:1212:20638:47408	HG002_chr11.49861520.49862789|HISEQ1:18:H8VC6ADXX:1:1212:20638:47408	15152	16210.0	16354.0	best_hit_to_mtDNA	none
C	A	-	16248	HG002_all_regions	HG002_chr11.49861520.49862789|HISEQ1:18:H8VC6ADXX:1:1212:20638:47408	HG002_chr11.49861520.49862789|HISEQ1:18:H8VC6ADXX:1:1212:20638:47408	15152	16210.0	16354.0	best_hit_to_mtDNA	none
C	A	-	16253	HG002_all_regions	HG002_chr11.49861520.49862789|HISEQ1:18:H8VC6ADXX:1:1212:20638:47408	HG002_chr11.49861520.49862789|HISEQ1:18:H8VC6ADXX:1:1212:20638:47408	15152	16210.0	16354.0	best_hit_to_mtDNA	none
C	A	-	16256	HG002_all_regions	HG002_chr11.49861520.49862789|HISEQ1:18:H8VC6ADXX:1:1212:20638:47408	HG002_chr11.49861520.49862789|HISEQ1:18:H8VC6ADXX:1:1212:20638:47408	15152	16210.0	16354.0	best_hit_to_mtDNA	none
T	C	-	16257	HG002_all_regions	HG002_chr11.49861520.49862789|HISEQ1:18:H8VC6ADXX:1:1212:20638:47408	HG002_chr11.49861520.49862789|HISEQ1:18:H8VC6ADXX:1:1212:20638:47408	15152	16210.0	16354.0	best_hit_to_mtDNA	none
G	A	-	16258	HG002_all_regions	HG002_chr11.49861520.49862789|HISEQ1:18:H8VC6ADXX:1:1212:20638:47408	HG002_chr11.49861520.49862789|HISEQ1:18:H8VC6ADXX:1:1212:20638:47408	15152	16210.0	16354.0	best_hit_to_mtDNA	none
C	T	-	16262	HG002_all_regions	HG002_chr11.49861520.49862789|HISEQ1:18:H8VC6ADXX:1:1212:20638:47408	HG002_chr11.49861520.49862789|HISEQ1:18:H8VC6ADXX:1:1212:20638:47408	15152	16210.0	16354.0	best_hit_to_mtDNA	none
A	C	-	16268	HG002_all_regions	HG002_chr11.49861520.49862789|HISEQ1:18:H8VC6ADXX:1:1212:20638:47408	HG002_chr11.49861520.49862789|HISEQ1:18:H8VC6ADXX:1:1212:20638:47408	15152	16210.0	16354.0	best_hit_to_mtDNA	none
C	A	-	16270	HG002_all_regions	HG002_chr11.49861520.49862789|HISEQ1:18:H8VC6ADXX:1:1212:20638:47408	HG002_chr11.49861520.49862789|HISEQ1:18:H8VC6ADXX:1:1212:20638:47408	15152	16210.0	16354.0	best_hit_to_mtDNA	none
A	C	-	16279	HG002_all_regions	HG002_chr11.49861520.49862789|HISEQ1:18:H8VC6ADXX:1:1212:20638:47408	HG002_chr11.49861520.49862789|HISEQ1:18:H8VC6ADXX:1:1212:20638:47408	15152	16210.0	16354.0	best_hit_to_mtDNA	none
T	C	-	16285	HG002_all_regions	HG002_chr11.49861520.49862789|HISEQ1:18:H8VC6ADXX:1:1212:20638:47408	HG002_chr11.49861520.49862789|HISEQ1:18:H8VC6ADXX:1:1212:20638:47408	15152	16210.0	16354.0	best_hit_to_mtDNA	none
A	C	-	16286	HG002_all_regions	HG002_chr11.49861520.49862789|HISEQ1:18:H8VC6ADXX:1:1212:20638:47408	HG002_chr11.49861520.49862789|HISEQ1:18:H8VC6ADXX:1:1212:20638:47408	15152	16210.0	16354.0	best_hit_to_mtDNA	none
G	C	-	16287	HG002_all_regions	HG002_chr11.49861520.49862789|HISEQ1:18:H8VC6ADXX:1:1212:20638:47408	HG002_chr11.49861520.49862789|HISEQ1:18:H8VC6ADXX:1:1212:20638:47408	15152	16210.0	16354.0	best_hit_to_mtDNA	none
A	G	-	16298	HG002_all_regions	HG002_chr11.49861520.49862789|HISEQ1:18:H8VC6ADXX:1:1212:20638:47408	HG002_chr11.49861520.49862789|HISEQ1:18:H8VC6ADXX:1:1212:20638:47408	15152	16210.0	16354.0	best_hit_to_mtDNA	none
C	T	-	16304	HG002_all_regions	HG002_chr11.49861520.49862789|HISEQ1:18:H8VC6ADXX:1:1212:20638:47408	HG002_chr11.49861520.49862789|HISEQ1:18:H8VC6ADXX:1:1212:20638:47408	15152	16210.0	16354.0	best_hit_to_mtDNA	none
C	T	-	16306	HG002_all_regions	HG002_chr11.49861520.49862789|HISEQ1:18:H8VC6ADXX:1:1212:20638:47408	HG002_chr11.49861520.49862789|HISEQ1:18:H8VC6ADXX:1:1212:20638:47408	15152	16210.0	16354.0	best_hit_to_mtDNA	none
A	C	-	16307	HG002_all_regions	HG002_chr11.49861520.49862789|HISEQ1:18:H8VC6ADXX:1:1212:20638:47408	HG002_chr11.49861520.49862789|HISEQ1:18:H8VC6ADXX:1:1212:20638:47408	15152	16210.0	16354.0	best_hit_to_mtDNA	none
A	G	-	16313	HG002_all_regions	HG002_chr11.49861520.49862789|HISEQ1:18:H8VC6ADXX:1:1212:20638:47408	HG002_chr11.49861520.49862789|HISEQ1:18:H8VC6ADXX:1:1212:20638:47408	15152	16210.0	16354.0	best_hit_to_mtDNA	none
T	A	-	16318	HG002_all_regions	HG002_chr11.49861520.49862789|HISEQ1:18:H8VC6ADXX:1:1212:20638:47408	HG002_chr11.49861520.49862789|HISEQ1:18:H8VC6ADXX:1:1212:20638:47408	15152	16210.0	16354.0	best_hit_to_mtDNA	none
A	C	-	16331	HG002_all_regions	HG002_chr11.49861520.49862789|HISEQ1:18:H8VC6ADXX:1:1212:20638:47408	HG002_chr11.49861520.49862789|HISEQ1:18:H8VC6ADXX:1:1212:20638:47408	15152	16210.0	16354.0	best_hit_to_mtDNA	none
G	A	-	16333	HG002_all_regions	HG002_chr11.49861520.49862789|HISEQ1:18:H8VC6ADXX:1:1212:20638:47408	HG002_chr11.49861520.49862789|HISEQ1:18:H8VC6ADXX:1:1212:20638:47408	15152	16210.0	16354.0	best_hit_to_mtDNA	none
T	A	-	16338	HG002_all_regions	HG002_chr11.49861520.49862789|HISEQ1:18:H8VC6ADXX:1:1212:20638:47408	HG002_chr11.49861520.49862789|HISEQ1:18:H8VC6ADXX:1:1212:20638:47408	15152	16210.0	16354.0	best_hit_to_mtDNA	none
T	C	-	16339	HG002_all_regions	HG002_chr11.49861520.49862789|HISEQ1:18:H8VC6ADXX:1:1212:20638:47408	HG002_chr11.49861520.49862789|HISEQ1:18:H8VC6ADXX:1:1212:20638:47408	15152	16210.0	16354.0	best_hit_to_mtDNA	none
T	C	-	16526	HG002_all_regions	HG002_chr11.49861520.49862789|HISEQ1:19:H8VDAADXX:1:2202:18834:87285	HG002_chr11.49861520.49862789|HISEQ1:19:H8VDAADXX:1:2202:18834:87285	14629	16498.0	16569.0	best_hit_to_mtDNA	none
T	C	-	16533	HG002_all_regions	HG002_chr11.49861520.49862789|HISEQ1:19:H8VDAADXX:1:2202:18834:87285	HG002_chr11.49861520.49862789|HISEQ1:19:H8VDAADXX:1:2202:18834:87285	14629	16498.0	16569.0	best_hit_to_mtDNA	none
A	G	-	16537	HG002_all_regions	HG002_chr11.49861520.49862789|HISEQ1:19:H8VDAADXX:1:2202:18834:87285	HG002_chr11.49861520.49862789|HISEQ1:19:H8VDAADXX:1:2202:18834:87285	14629	16498.0	16569.0	best_hit_to_mtDNA	none
-	T	-	16541	HG002_all_regions	HG002_chr11.49861520.49862789|HISEQ1:19:H8VDAADXX:1:2202:18834:87285	HG002_chr11.49861520.49862789|HISEQ1:19:H8VDAADXX:1:2202:18834:87285	14629	16498.0	16569.0	best_hit_to_mtDNA	humanM
-	T	-	16542	HG002_all_regions	HG002_chr11.49861520.49862789|HISEQ1:19:H8VDAADXX:1:2202:18834:87285	HG002_chr11.49861520.49862789|HISEQ1:19:H8VDAADXX:1:2202:18834:87285	14629	16498.0	16569.0	best_hit_to_mtDNA	humanM
C	A	-	16544	HG002_all_regions	HG002_chr11.49861520.49862789|HISEQ1:19:H8VDAADXX:1:2202:18834:87285	HG002_chr11.49861520.49862789|HISEQ1:19:H8VDAADXX:1:2202:18834:87285	14629	16498.0	16569.0	best_hit_to_mtDNA	none
T	A	-	16545	HG002_all_regions	HG002_chr11.49861520.49862789|HISEQ1:19:H8VDAADXX:1:2202:18834:87285	HG002_chr11.49861520.49862789|HISEQ1:19:H8VDAADXX:1:2202:18834:87285	14629	16498.0	16569.0	best_hit_to_mtDNA	none
A	G	-	16548	HG002_all_regions	HG002_chr11.49861520.49862789|HISEQ1:19:H8VDAADXX:1:2202:18834:87285	HG002_chr11.49861520.49862789|HISEQ1:19:H8VDAADXX:1:2202:18834:87285	14629	16498.0	16569.0	best_hit_to_mtDNA	none
T	A	-	16549	HG002_all_regions	HG002_chr11.49861520.49862789|HISEQ1:19:H8VDAADXX:1:2202:18834:87285	HG002_chr11.49861520.49862789|HISEQ1:19:H8VDAADXX:1:2202:18834:87285	14629	16498.0	16569.0	best_hit_to_mtDNA	none
A	C	-	16550	HG002_all_regions	HG002_chr11.49861520.49862789|HISEQ1:19:H8VDAADXX:1:2202:18834:87285	HG002_chr11.49861520.49862789|HISEQ1:19:H8VDAADXX:1:2202:18834:87285	14629	16498.0	16569.0	best_hit_to_mtDNA	none
G	T	-	16551	HG002_all_regions	HG002_chr11.49861520.49862789|HISEQ1:19:H8VDAADXX:1:2202:18834:87285	HG002_chr11.49861520.49862789|HISEQ1:19:H8VDAADXX:1:2202:18834:87285	14629	16498.0	16569.0	best_hit_to_mtDNA	none
C	T	-	12362	HG002_all_regions	HG002_chr21.9675697.9677286|HISEQ1:18:H8VC6ADXX:2:1214:20174:73789	HG002_chr21.9675697.9677286|HISEQ1:18:H8VC6ADXX:2:1214:20174:73789	9897	12361.0	12481.0	best_hit_to_mtDNA	none
A	G	-	12363	HG002_all_regions	HG002_chr21.9675697.9677286|HISEQ1:18:H8VC6ADXX:2:1214:20174:73789	HG002_chr21.9675697.9677286|HISEQ1:18:H8VC6ADXX:2:1214:20174:73789	9897	12361.0	12481.0	best_hit_to_mtDNA	none
T	C	-	12368	HG002_all_regions	HG002_chr21.9675697.9677286|HISEQ1:18:H8VC6ADXX:2:1214:20174:73789	HG002_chr21.9675697.9677286|HISEQ1:18:H8VC6ADXX:2:1214:20174:73789	9897	12361.0	12481.0	best_hit_to_mtDNA	none
C	T	-	12378	HG002_all_regions	HG002_chr21.9675697.9677286|HISEQ1:18:H8VC6ADXX:2:1214:20174:73789	HG002_chr21.9675697.9677286|HISEQ1:18:H8VC6ADXX:2:1214:20174:73789	9897	12361.0	12481.0	best_hit_to_mtDNA	none
A	G	-	12381	HG002_all_regions	HG002_chr21.9675697.9677286|HISEQ1:18:H8VC6ADXX:2:1214:20174:73789	HG002_chr21.9675697.9677286|HISEQ1:18:H8VC6ADXX:2:1214:20174:73789	9897	12361.0	12481.0	best_hit_to_mtDNA	none
G	A	-	12386	HG002_all_regions	HG002_chr21.9675697.9677286|HISEQ1:18:H8VC6ADXX:2:1214:20174:73789	HG002_chr21.9675697.9677286|HISEQ1:18:H8VC6ADXX:2:1214:20174:73789	9897	12361.0	12481.0	best_hit_to_mtDNA	none
C	T	-	12393	HG002_all_regions	HG002_chr21.9675697.9677286|HISEQ1:18:H8VC6ADXX:2:1214:20174:73789	HG002_chr21.9675697.9677286|HISEQ1:18:H8VC6ADXX:2:1214:20174:73789	9897	12361.0	12481.0	best_hit_to_mtDNA	none
T	C	-	12410	HG002_all_regions	HG002_chr21.9675697.9677286|HISEQ1:18:H8VC6ADXX:2:1214:20174:73789	HG002_chr21.9675697.9677286|HISEQ1:18:H8VC6ADXX:2:1214:20174:73789	9897	12361.0	12481.0	best_hit_to_mtDNA	none
A	G	-	12411	HG002_all_regions	HG002_chr21.9675697.9677286|HISEQ1:18:H8VC6ADXX:2:1214:20174:73789	HG002_chr21.9675697.9677286|HISEQ1:18:H8VC6ADXX:2:1214:20174:73789	9897	12361.0	12481.0	best_hit_to_mtDNA	none
C	G	-	12412	HG002_all_regions	HG002_chr21.9675697.9677286|HISEQ1:18:H8VC6ADXX:2:1214:20174:73789	HG002_chr21.9675697.9677286|HISEQ1:18:H8VC6ADXX:2:1214:20174:73789	9897	12361.0	12481.0	best_hit_to_mtDNA	none
A	G	-	12414	HG002_all_regions	HG002_chr21.9675697.9677286|HISEQ1:18:H8VC6ADXX:2:1214:20174:73789	HG002_chr21.9675697.9677286|HISEQ1:18:H8VC6ADXX:2:1214:20174:73789	9897	12361.0	12481.0	best_hit_to_mtDNA	none
G	A	-	12420	HG002_all_regions	HG002_chr21.9675697.9677286|HISEQ1:18:H8VC6ADXX:2:1214:20174:73789	HG002_chr21.9675697.9677286|HISEQ1:18:H8VC6ADXX:2:1214:20174:73789	9897	12361.0	12481.0	best_hit_to_mtDNA	none
T	C	-	12455	HG002_all_regions	HG002_chr21.9675697.9677286|HISEQ1:18:H8VC6ADXX:2:1214:20174:73789	HG002_chr21.9675697.9677286|HISEQ1:18:H8VC6ADXX:2:1214:20174:73789	9897	12361.0	12481.0	best_hit_to_mtDNA	none
A	G	-	12458	HG002_all_regions	HG002_chr21.9675697.9677286|HISEQ1:18:H8VC6ADXX:2:1214:20174:73789	HG002_chr21.9675697.9677286|HISEQ1:18:H8VC6ADXX:2:1214:20174:73789	9897	12361.0	12481.0	best_hit_to_mtDNA	none
G	A	-	12468	HG002_all_regions	HG002_chr21.9675697.9677286|HISEQ1:18:H8VC6ADXX:2:1214:20174:73789	HG002_chr21.9675697.9677286|HISEQ1:18:H8VC6ADXX:2:1214:20174:73789	9897	12361.0	12481.0	best_hit_to_mtDNA	none
G	A	-	14883	HG002_all_regions	HG002_chr5.32337782.32339138|HISEQ1:18:H8VC6ADXX:1:2216:21178:54998	HG002_chr5.32337782.32339138|HISEQ1:18:H8VC6ADXX:1:2216:21178:54998	3730	14872.0	14977.0	best_hit_to_mtDNA	none
C	T	-	14889	HG002_all_regions	HG002_chr5.32337782.32339138|HISEQ1:18:H8VC6ADXX:1:2216:21178:54998	HG002_chr5.32337782.32339138|HISEQ1:18:H8VC6ADXX:1:2216:21178:54998	3730	14872.0	14977.0	best_hit_to_mtDNA	none
C	T	-	14895	HG002_all_regions	HG002_chr5.32337782.32339138|HISEQ1:18:H8VC6ADXX:1:2216:21178:54998	HG002_chr5.32337782.32339138|HISEQ1:18:H8VC6ADXX:1:2216:21178:54998	3730	14872.0	14977.0	best_hit_to_mtDNA	none
C	T	-	14905	HG002_all_regions	HG002_chr5.32337782.32339138|HISEQ1:18:H8VC6ADXX:1:2216:21178:54998	HG002_chr5.32337782.32339138|HISEQ1:18:H8VC6ADXX:1:2216:21178:54998	3730	14872.0	14977.0	best_hit_to_mtDNA	none
C	T	-	14916	HG002_all_regions	HG002_chr5.32337782.32339138|HISEQ1:18:H8VC6ADXX:1:2216:21178:54998	HG002_chr5.32337782.32339138|HISEQ1:18:H8VC6ADXX:1:2216:21178:54998	3730	14872.0	14977.0	best_hit_to_mtDNA	none
G	A	-	14919	HG002_all_regions	HG002_chr5.32337782.32339138|HISEQ1:18:H8VC6ADXX:1:2216:21178:54998	HG002_chr5.32337782.32339138|HISEQ1:18:H8VC6ADXX:1:2216:21178:54998	3730	14872.0	14977.0	best_hit_to_mtDNA	none
T	C	-	14949	HG002_all_regions	HG002_chr5.32337782.32339138|HISEQ1:18:H8VC6ADXX:1:2216:21178:54998	HG002_chr5.32337782.32339138|HISEQ1:18:H8VC6ADXX:1:2216:21178:54998	3730	14872.0	14977.0	best_hit_to_mtDNA	none
A	G	-	14952	HG002_all_regions	HG002_chr5.32337782.32339138|HISEQ1:18:H8VC6ADXX:1:2216:21178:54998	HG002_chr5.32337782.32339138|HISEQ1:18:H8VC6ADXX:1:2216:21178:54998	3730	14872.0	14977.0	best_hit_to_mtDNA	none
A	G	-	14955	HG002_all_regions	HG002_chr5.32337782.32339138|HISEQ1:18:H8VC6ADXX:1:2216:21178:54998	HG002_chr5.32337782.32339138|HISEQ1:18:H8VC6ADXX:1:2216:21178:54998	3730	14872.0	14977.0	best_hit_to_mtDNA	none
T	C	-	14970	HG002_all_regions	HG002_chr5.32337782.32339138|HISEQ1:18:H8VC6ADXX:1:2216:21178:54998	HG002_chr5.32337782.32339138|HISEQ1:18:H8VC6ADXX:1:2216:21178:54998	3730	14872.0	14977.0	best_hit_to_mtDNA	none
C	T	-	6237	HG002_all_regions	HG002_chr9.129055.130496|HISEQ1:19:H8VDAADXX:2:2206:8062:68186	HG002_chr9.129055.130496|HISEQ1:19:H8VDAADXX:2:2206:8062:68186	14664	6225.0	6325.0	best_hit_to_mtDNA	none
G	A	-	6240	HG002_all_regions	HG002_chr9.129055.130496|HISEQ1:19:H8VDAADXX:2:2206:8062:68186	HG002_chr9.129055.130496|HISEQ1:19:H8VDAADXX:2:2206:8062:68186	14664	6225.0	6325.0	best_hit_to_mtDNA	none
C	T	-	6243	HG002_all_regions	HG002_chr9.129055.130496|HISEQ1:19:H8VDAADXX:2:2206:8062:68186	HG002_chr9.129055.130496|HISEQ1:19:H8VDAADXX:2:2206:8062:68186	14664	6225.0	6325.0	best_hit_to_mtDNA	none
T	C	-	6252	HG002_all_regions	HG002_chr9.129055.130496|HISEQ1:19:H8VDAADXX:2:2206:8062:68186	HG002_chr9.129055.130496|HISEQ1:19:H8VDAADXX:2:2206:8062:68186	14664	6225.0	6325.0	best_hit_to_mtDNA	none
G	A	-	6258	HG002_all_regions	HG002_chr9.129055.130496|HISEQ1:19:H8VDAADXX:2:2206:8062:68186	HG002_chr9.129055.130496|HISEQ1:19:H8VDAADXX:2:2206:8062:68186	14664	6225.0	6325.0	best_hit_to_mtDNA	none
G	A	-	6261	HG002_all_regions	HG002_chr9.129055.130496|HISEQ1:19:H8VDAADXX:2:2206:8062:68186	HG002_chr9.129055.130496|HISEQ1:19:H8VDAADXX:2:2206:8062:68186	14664	6225.0	6325.0	best_hit_to_mtDNA	none
A	C	-	6267	HG002_all_regions	HG002_chr9.129055.130496|HISEQ1:19:H8VDAADXX:2:2206:8062:68186	HG002_chr9.129055.130496|HISEQ1:19:H8VDAADXX:2:2206:8062:68186	14664	6225.0	6325.0	best_hit_to_mtDNA	none
A	G	-	6270	HG002_all_regions	HG002_chr9.129055.130496|HISEQ1:19:H8VDAADXX:2:2206:8062:68186	HG002_chr9.129055.130496|HISEQ1:19:H8VDAADXX:2:2206:8062:68186	14664	6225.0	6325.0	best_hit_to_mtDNA	none
A	G	-	6303	HG002_all_regions	HG002_chr9.129055.130496|HISEQ1:19:H8VDAADXX:2:2206:8062:68186	HG002_chr9.129055.130496|HISEQ1:19:H8VDAADXX:2:2206:8062:68186	14664	6225.0	6325.0	best_hit_to_mtDNA	none
G	A	-	6306	HG002_all_regions	HG002_chr9.129055.130496|HISEQ1:19:H8VDAADXX:2:2206:8062:68186	HG002_chr9.129055.130496|HISEQ1:19:H8VDAADXX:2:2206:8062:68186	14664	6225.0	6325.0	best_hit_to_mtDNA	none
C	G	-	6315	HG002_all_regions	HG002_chr9.129055.130496|HISEQ1:19:H8VDAADXX:2:2206:8062:68186	HG002_chr9.129055.130496|HISEQ1:19:H8VDAADXX:2:2206:8062:68186	14664	6225.0	6325.0	best_hit_to_mtDNA	none
C	T	-	6318	HG002_all_regions	HG002_chr9.129055.130496|HISEQ1:19:H8VDAADXX:2:2206:8062:68186	HG002_chr9.129055.130496|HISEQ1:19:H8VDAADXX:2:2206:8062:68186	14664	6225.0	6325.0	best_hit_to_mtDNA	none
C	T	C	6237	HG002_all_regions	HG002_chr9.129055.130496|HISEQ1:19:H8VDAADXX:2:2206:8062:68186	HG002_chr9.129055.130496|HISEQ1:19:H8VDAADXX:2:2206:8062:68186	152	6225.0	6325.0	best_hit_to_mtDNA	humanM
G	A	G	6240	HG002_all_regions	HG002_chr9.129055.130496|HISEQ1:19:H8VDAADXX:2:2206:8062:68186	HG002_chr9.129055.130496|HISEQ1:19:H8VDAADXX:2:2206:8062:68186	152	6225.0	6325.0	best_hit_to_mtDNA	humanM
C	T	C	6243	HG002_all_regions	HG002_chr9.129055.130496|HISEQ1:19:H8VDAADXX:2:2206:8062:68186	HG002_chr9.129055.130496|HISEQ1:19:H8VDAADXX:2:2206:8062:68186	152	6225.0	6325.0	best_hit_to_mtDNA	humanM
T	C	T	6252	HG002_all_regions	HG002_chr9.129055.130496|HISEQ1:19:H8VDAADXX:2:2206:8062:68186	HG002_chr9.129055.130496|HISEQ1:19:H8VDAADXX:2:2206:8062:68186	152	6225.0	6325.0	best_hit_to_mtDNA	humanM
G	A	G	6258	HG002_all_regions	HG002_chr9.129055.130496|HISEQ1:19:H8VDAADXX:2:2206:8062:68186	HG002_chr9.129055.130496|HISEQ1:19:H8VDAADXX:2:2206:8062:68186	152	6225.0	6325.0	best_hit_to_mtDNA	humanM
G	A	G	6261	HG002_all_regions	HG002_chr9.129055.130496|HISEQ1:19:H8VDAADXX:2:2206:8062:68186	HG002_chr9.129055.130496|HISEQ1:19:H8VDAADXX:2:2206:8062:68186	152	6225.0	6325.0	best_hit_to_mtDNA	humanM
A	C	A	6267	HG002_all_regions	HG002_chr9.129055.130496|HISEQ1:19:H8VDAADXX:2:2206:8062:68186	HG002_chr9.129055.130496|HISEQ1:19:H8VDAADXX:2:2206:8062:68186	152	6225.0	6325.0	best_hit_to_mtDNA	humanM
A	G	A	6270	HG002_all_regions	HG002_chr9.129055.130496|HISEQ1:19:H8VDAADXX:2:2206:8062:68186	HG002_chr9.129055.130496|HISEQ1:19:H8VDAADXX:2:2206:8062:68186	152	6225.0	6325.0	best_hit_to_mtDNA	humanM
A	G	A	6303	HG002_all_regions	HG002_chr9.129055.130496|HISEQ1:19:H8VDAADXX:2:2206:8062:68186	HG002_chr9.129055.130496|HISEQ1:19:H8VDAADXX:2:2206:8062:68186	152	6225.0	6325.0	best_hit_to_mtDNA	humanM
G	A	G	6306	HG002_all_regions	HG002_chr9.129055.130496|HISEQ1:19:H8VDAADXX:2:2206:8062:68186	HG002_chr9.129055.130496|HISEQ1:19:H8VDAADXX:2:2206:8062:68186	152	6225.0	6325.0	best_hit_to_mtDNA	humanM
C	G	C	6315	HG002_all_regions	HG002_chr9.129055.130496|HISEQ1:19:H8VDAADXX:2:2206:8062:68186	HG002_chr9.129055.130496|HISEQ1:19:H8VDAADXX:2:2206:8062:68186	152	6225.0	6325.0	best_hit_to_mtDNA	humanM
C	T	C	6318	HG002_all_regions	HG002_chr9.129055.130496|HISEQ1:19:H8VDAADXX:2:2206:8062:68186	HG002_chr9.129055.130496|HISEQ1:19:H8VDAADXX:2:2206:8062:68186	152	6225.0	6325.0	best_hit_to_mtDNA	humanM
