"Chr","Start","End","Value_1","Color_1","Value_2","Color_2"
1,1,2000000,0.00273566,"fc8d62",0.00385702,"8da0cb"
1,1000001,3000000,0.0023958,"fc8d62",0.00331109,"8da0cb"
1,2000001,4000000,0.00319407,"fc8d62",0.0037453,"8da0cb"
1,3000001,5000000,0.002869,"fc8d62",0.00339141,"8da0cb"
1,4000001,6000000,0.00186596,"fc8d62",0.00305246,"8da0cb"
1,5000001,7000000,0.00186182,"fc8d62",0.00323655,"8da0cb"
1,6000001,8000000,0.0018227,"fc8d62",0.00257872,"8da0cb"
1,7000001,9000000,0.00274873,"fc8d62",0.00379657,"8da0cb"
1,8000001,10000000,0.00336569,"fc8d62",0.00435629,"8da0cb"
1,9000001,11000000,0.00248005,"fc8d62",0.00324497,"8da0cb"
1,10000001,12000000,0.00207822,"fc8d62",0.00302669,"8da0cb"
1,11000001,13000000,0.002136,"fc8d62",0.00312409,"8da0cb"
1,12000001,14000000,0.00191688,"fc8d62",0.00358375,"8da0cb"
1,13000001,15000000,0.00142997,"fc8d62",0.00341349,"8da0cb"
1,14000001,16000000,0.00184524,"fc8d62",0.0032091,"8da0cb"
1,15000001,17000000,0.00222845,"fc8d62",0.00317485,"8da0cb"
1,16000001,18000000,0.0023533,"fc8d62",0.00318948,"8da0cb"
1,17000001,19000000,0.00290714,"fc8d62",0.00379966,"8da0cb"
1,18000001,20000000,0.00266726,"fc8d62",0.00395053,"8da0cb"
1,19000001,21000000,0.00247076,"fc8d62",0.00382452,"8da0cb"
1,20000001,22000000,0.00226616,"fc8d62",0.00331355,"8da0cb"
1,21000001,23000000,0.00191545,"fc8d62",0.00280104,"8da0cb"
1,22000001,24000000,0.00230414,"fc8d62",0.00365273,"8da0cb"
1,23000001,25000000,0.0022829,"fc8d62",0.00342365,"8da0cb"
1,24000001,26000000,0.00203738,"fc8d62",0.00265429,"8da0cb"
1,25000001,27000000,0.00256749,"fc8d62",0.00326833,"8da0cb"
1,26000001,28000000,0.00294961,"fc8d62",0.00362133,"8da0cb"
1,27000001,29000000,0.00305097,"fc8d62",0.00387262,"8da0cb"
1,28000001,30000000,0.00350921,"fc8d62",0.00428146,"8da0cb"
1,29000001,31000000,0.00312628,"fc8d62",0.00374588,"8da0cb"
1,30000001,32000000,0.0020384,"fc8d62",0.00289441,"8da0cb"
1,31000001,33000000,0.00221192,"fc8d62",0.00302651,"8da0cb"
1,32000001,34000000,0.0026685,"fc8d62",0.00322508,"8da0cb"
1,33000001,35000000,0.00218637,"fc8d62",0.00280659,"8da0cb"
1,34000001,36000000,0.00193885,"fc8d62",0.00259683,"8da0cb"
1,35000001,37000000,0.00227216,"fc8d62",0.00306934,"8da0cb"
1,36000001,38000000,0.00244981,"fc8d62",0.00315833,"8da0cb"
1,37000001,39000000,0.00233615,"fc8d62",0.0027569,"8da0cb"
1,38000001,40000000,0.00287429,"fc8d62",0.00301961,"8da0cb"
1,39000001,41000000,0.00299858,"fc8d62",0.00366663,"8da0cb"
1,40000001,42000000,0.00239002,"fc8d62",0.00358053,"8da0cb"
1,41000001,43000000,0.00183077,"fc8d62",0.00287969,"8da0cb"
1,42000001,44000000,0.00195455,"fc8d62",0.00300182,"8da0cb"
1,43000001,45000000,0.00220064,"fc8d62",0.00293514,"8da0cb"
1,44000001,46000000,0.00171959,"fc8d62",0.00266851,"8da0cb"
1,45000001,47000000,0.00195269,"fc8d62",0.00307575,"8da0cb"
1,46000001,48000000,0.00162785,"fc8d62",0.00232833,"8da0cb"
1,47000001,49000000,0.00157978,"fc8d62",0.00198247,"8da0cb"
1,48000001,50000000,0.00271589,"fc8d62",0.0028382,"8da0cb"
1,49000001,51000000,0.00292571,"fc8d62",0.00358703,"8da0cb"
1,50000001,52000000,0.00275774,"fc8d62",0.00370085,"8da0cb"
1,51000001,53000000,0.00276261,"fc8d62",0.0033029,"8da0cb"
1,52000001,54000000,0.00234362,"fc8d62",0.00306411,"8da0cb"
1,53000001,55000000,0.00243539,"fc8d62",0.00300832,"8da0cb"
1,54000001,56000000,0.00264848,"fc8d62",0.00287086,"8da0cb"
1,55000001,57000000,0.00258511,"fc8d62",0.00296517,"8da0cb"
1,56000001,58000000,0.00272035,"fc8d62",0.00377536,"8da0cb"
1,57000001,59000000,0.00235882,"fc8d62",0.00344863,"8da0cb"
1,58000001,60000000,0.00185711,"fc8d62",0.00267861,"8da0cb"
1,59000001,61000000,0.00190635,"fc8d62",0.00293165,"8da0cb"
1,60000001,62000000,0.00228201,"fc8d62",0.00311466,"8da0cb"
1,61000001,63000000,0.00213365,"fc8d62",0.00261019,"8da0cb"
1,62000001,64000000,0.00200991,"fc8d62",0.00272164,"8da0cb"
1,63000001,65000000,0.00288579,"fc8d62",0.00390309,"8da0cb"
1,64000001,66000000,0.0030859,"fc8d62",0.00400435,"8da0cb"
1,65000001,67000000,0.0029666,"fc8d62",0.00353131,"8da0cb"
1,66000001,68000000,0.00321726,"fc8d62",0.00374655,"8da0cb"
1,67000001,69000000,0.00286894,"fc8d62",0.00372618,"8da0cb"
1,68000001,70000000,0.00251421,"fc8d62",0.00343218,"8da0cb"
1,69000001,71000000,0.00245543,"fc8d62",0.00357542,"8da0cb"
1,70000001,72000000,0.00272872,"fc8d62",0.00361729,"8da0cb"
1,71000001,73000000,0.00275544,"fc8d62",0.00356433,"8da0cb"
1,72000001,74000000,0.00233611,"fc8d62",0.00370685,"8da0cb"
1,73000001,75000000,0.00239894,"fc8d62",0.00340034,"8da0cb"
1,74000001,76000000,0.00231941,"fc8d62",0.00269979,"8da0cb"
1,75000001,77000000,0.00180664,"fc8d62",0.00237091,"8da0cb"
1,76000001,78000000,0.00226667,"fc8d62",0.00308506,"8da0cb"
1,77000001,79000000,0.00283397,"fc8d62",0.00370729,"8da0cb"
1,78000001,80000000,0.00287662,"fc8d62",0.00389768,"8da0cb"
1,79000001,81000000,0.00234625,"fc8d62",0.00326592,"8da0cb"
1,80000001,82000000,0.0019573,"fc8d62",0.00283926,"8da0cb"
1,81000001,83000000,0.00270198,"fc8d62",0.00370157,"8da0cb"
1,82000001,84000000,0.00269723,"fc8d62",0.00330382,"8da0cb"
1,83000001,85000000,0.0021944,"fc8d62",0.0025783,"8da0cb"
1,84000001,86000000,0.00225548,"fc8d62",0.00289062,"8da0cb"
1,85000001,87000000,0.00261104,"fc8d62",0.00337903,"8da0cb"
1,86000001,88000000,0.00288493,"fc8d62",0.00368482,"8da0cb"
1,87000001,89000000,0.00216501,"fc8d62",0.00310319,"8da0cb"
1,88000001,90000000,0.00203434,"fc8d62",0.00280311,"8da0cb"
1,89000001,91000000,0.00235947,"fc8d62",0.00317427,"8da0cb"
1,90000001,92000000,0.00227473,"fc8d62",0.00331471,"8da0cb"
1,91000001,93000000,0.0024914,"fc8d62",0.0031192,"8da0cb"
1,92000001,94000000,0.00300239,"fc8d62",0.00379906,"8da0cb"
1,93000001,95000000,0.00206811,"fc8d62",0.00302699,"8da0cb"
1,94000001,96000000,0.00137066,"fc8d62",0.00188524,"8da0cb"
1,95000001,97000000,0.00208815,"fc8d62",0.00303193,"8da0cb"
1,96000001,98000000,0.00201296,"fc8d62",0.0032216,"8da0cb"
1,97000001,99000000,0.00185413,"fc8d62",0.00268711,"8da0cb"
1,98000001,100000000,0.00200338,"fc8d62",0.00267826,"8da0cb"
1,99000001,101000000,0.0018449,"fc8d62",0.00340202,"8da0cb"
1,100000001,102000000,0.00225633,"fc8d62",0.00378485,"8da0cb"
1,101000001,103000000,0.00281097,"fc8d62",0.00330231,"8da0cb"
1,102000001,104000000,0.00254657,"fc8d62",0.00305401,"8da0cb"
1,103000001,105000000,0.00209743,"fc8d62",0.00280447,"8da0cb"
1,104000001,106000000,0.00216584,"fc8d62",0.00278043,"8da0cb"
1,105000001,107000000,0.00228233,"fc8d62",0.00281963,"8da0cb"
1,106000001,108000000,0.00248895,"fc8d62",0.00314417,"8da0cb"
1,107000001,109000000,0.00234583,"fc8d62",0.00285246,"8da0cb"
1,108000001,110000000,0.00211746,"fc8d62",0.00253762,"8da0cb"
1,109000001,111000000,0.00222638,"fc8d62",0.00273191,"8da0cb"
1,110000001,112000000,0.00216945,"fc8d62",0.0028346,"8da0cb"
1,111000001,113000000,0.0027253,"fc8d62",0.00343708,"8da0cb"
1,112000001,114000000,0.00234868,"fc8d62",0.00295197,"8da0cb"
1,113000001,115000000,0.00212889,"fc8d62",0.00270901,"8da0cb"
1,114000001,116000000,0.0028884,"fc8d62",0.00338122,"8da0cb"
1,115000001,117000000,0.00294487,"fc8d62",0.00377379,"8da0cb"
1,116000001,118000000,0.00317158,"fc8d62",0.00436415,"8da0cb"
1,117000001,118073833,0.00187079,"fc8d62",0.00244846,"8da0cb"
1,118000001,118073833,7.27e-05,"fc8d62",8.34e-05,"8da0cb"
10,1,2000000,0.00214039,"fc8d62",0.00316748,"8da0cb"
10,1000001,3000000,0.00251528,"fc8d62",0.00315289,"8da0cb"
10,2000001,4000000,0.00232819,"fc8d62",0.00304765,"8da0cb"
10,3000001,5000000,0.00272027,"fc8d62",0.00373749,"8da0cb"
10,4000001,6000000,0.00265666,"fc8d62",0.00372265,"8da0cb"
10,5000001,7000000,0.00204029,"fc8d62",0.00310263,"8da0cb"
10,6000001,8000000,0.00243494,"fc8d62",0.00341611,"8da0cb"
10,7000001,9000000,0.00195099,"fc8d62",0.00277272,"8da0cb"
10,8000001,10000000,0.00213962,"fc8d62",0.0028011,"8da0cb"
10,9000001,11000000,0.00257501,"fc8d62",0.00326845,"8da0cb"
10,10000001,12000000,0.00228696,"fc8d62",0.002899,"8da0cb"
10,11000001,13000000,0.00247688,"fc8d62",0.00345234,"8da0cb"
10,12000001,14000000,0.00319992,"fc8d62",0.00385751,"8da0cb"
10,13000001,15000000,0.00353053,"fc8d62",0.00356045,"8da0cb"
10,14000001,16000000,0.0029518,"fc8d62",0.00345691,"8da0cb"
10,15000001,17000000,0.00279691,"fc8d62",0.00417099,"8da0cb"
10,16000001,18000000,0.00238338,"fc8d62",0.00374506,"8da0cb"
10,17000001,19000000,0.00239115,"fc8d62",0.00338062,"8da0cb"
10,18000001,20000000,0.00305802,"fc8d62",0.00420748,"8da0cb"
10,19000001,21000000,0.00298784,"fc8d62",0.00395483,"8da0cb"
10,20000001,22000000,0.00286005,"fc8d62",0.00368454,"8da0cb"
10,21000001,23000000,0.00258957,"fc8d62",0.00361444,"8da0cb"
10,22000001,24000000,0.00266365,"fc8d62",0.00392545,"8da0cb"
10,23000001,25000000,0.00278229,"fc8d62",0.00392249,"8da0cb"
10,24000001,26000000,0.00231445,"fc8d62",0.00330618,"8da0cb"
10,25000001,27000000,0.00210146,"fc8d62",0.00313131,"8da0cb"
10,26000001,28000000,0.00226305,"fc8d62",0.00327464,"8da0cb"
10,27000001,29000000,0.00245204,"fc8d62",0.00344997,"8da0cb"
10,28000001,30000000,0.00250622,"fc8d62",0.00346829,"8da0cb"
10,29000001,31000000,0.00237842,"fc8d62",0.00347495,"8da0cb"
10,30000001,32000000,0.00196699,"fc8d62",0.00317622,"8da0cb"
10,31000001,33000000,0.00185684,"fc8d62",0.00291125,"8da0cb"
10,32000001,34000000,0.00212669,"fc8d62",0.00278293,"8da0cb"
10,33000001,35000000,0.00240884,"fc8d62",0.00322821,"8da0cb"
10,34000001,36000000,0.00196518,"fc8d62",0.00282963,"8da0cb"
10,35000001,37000000,0.00217284,"fc8d62",0.00272258,"8da0cb"
10,36000001,38000000,0.00270071,"fc8d62",0.00333196,"8da0cb"
10,37000001,39000000,0.00211387,"fc8d62",0.00306731,"8da0cb"
10,38000001,40000000,0.00200121,"fc8d62",0.00277699,"8da0cb"
10,39000001,41000000,0.00214618,"fc8d62",0.00234054,"8da0cb"
10,40000001,42000000,0.00190061,"fc8d62",0.00220595,"8da0cb"
10,41000001,43000000,0.00206345,"fc8d62",0.00270471,"8da0cb"
10,42000001,44000000,0.00212081,"fc8d62",0.00303675,"8da0cb"
10,43000001,45000000,0.00243393,"fc8d62",0.00347801,"8da0cb"
10,44000001,46000000,0.00310483,"fc8d62",0.00378339,"8da0cb"
10,45000001,47000000,0.00306242,"fc8d62",0.00371296,"8da0cb"
10,46000001,48000000,0.00302165,"fc8d62",0.00403073,"8da0cb"
10,47000001,49000000,0.00232144,"fc8d62",0.00312792,"8da0cb"
10,48000001,50000000,0.00268197,"fc8d62",0.00337158,"8da0cb"
10,49000001,51000000,0.00280893,"fc8d62",0.00335653,"8da0cb"
10,50000001,52000000,0.00159658,"fc8d62",0.00175312,"8da0cb"
10,51000001,53000000,0.00175999,"fc8d62",0.00226411,"8da0cb"
10,52000001,54000000,0.00200728,"fc8d62",0.00275306,"8da0cb"
10,53000001,55000000,0.00186725,"fc8d62",0.00236439,"8da0cb"
10,54000001,56000000,0.00154889,"fc8d62",0.00220423,"8da0cb"
10,55000001,57000000,0.00275488,"fc8d62",0.00324116,"8da0cb"
10,56000001,57983155,0.00334156,"fc8d62",0.00353525,"8da0cb"
10,57000001,57983155,0.00122825,"fc8d62",0.00136634,"8da0cb"
11,1,2000000,0.00286373,"fc8d62",0.00338362,"8da0cb"
11,1000001,3000000,0.00244199,"fc8d62",0.00291692,"8da0cb"
11,2000001,4000000,0.00186097,"fc8d62",0.00248466,"8da0cb"
11,3000001,5000000,0.00213978,"fc8d62",0.00316883,"8da0cb"
11,4000001,6000000,0.00259079,"fc8d62",0.00376216,"8da0cb"
11,5000001,7000000,0.00300778,"fc8d62",0.00390353,"8da0cb"
11,6000001,8000000,0.00284871,"fc8d62",0.00350281,"8da0cb"
11,7000001,9000000,0.00256396,"fc8d62",0.00311292,"8da0cb"
11,8000001,10000000,0.00223455,"fc8d62",0.00271581,"8da0cb"
11,9000001,11000000,0.00199242,"fc8d62",0.00221174,"8da0cb"
11,10000001,12000000,0.00192679,"fc8d62",0.00218888,"8da0cb"
11,11000001,13000000,0.00159392,"fc8d62",0.0021386,"8da0cb"
11,12000001,14000000,0.00190111,"fc8d62",0.00298282,"8da0cb"
11,13000001,15000000,0.0017214,"fc8d62",0.00271603,"8da0cb"
11,14000001,16000000,0.00153144,"fc8d62",0.00187193,"8da0cb"
11,15000001,17000000,0.00168236,"fc8d62",0.00199818,"8da0cb"
11,16000001,18000000,0.00165136,"fc8d62",0.00211099,"8da0cb"
11,17000001,19000000,0.00170071,"fc8d62",0.00241216,"8da0cb"
11,18000001,20000000,0.00213007,"fc8d62",0.00290447,"8da0cb"
11,19000001,21000000,0.00244015,"fc8d62",0.0033457,"8da0cb"
11,20000001,22000000,0.00223468,"fc8d62",0.00319962,"8da0cb"
11,21000001,23000000,0.00210464,"fc8d62",0.00284279,"8da0cb"
11,22000001,24000000,0.00199708,"fc8d62",0.00233232,"8da0cb"
11,23000001,25000000,0.00259669,"fc8d62",0.00305731,"8da0cb"
11,24000001,26000000,0.00347687,"fc8d62",0.00398761,"8da0cb"
11,25000001,27000000,0.00338762,"fc8d62",0.00388,"8da0cb"
11,26000001,28000000,0.002492,"fc8d62",0.00316478,"8da0cb"
11,27000001,29000000,0.00228493,"fc8d62",0.00293348,"8da0cb"
11,28000001,30000000,0.00219835,"fc8d62",0.00307078,"8da0cb"
11,29000001,31000000,0.00282782,"fc8d62",0.00367591,"8da0cb"
11,30000001,32000000,0.0027914,"fc8d62",0.00361541,"8da0cb"
11,31000001,33000000,0.00235489,"fc8d62",0.00299839,"8da0cb"
11,32000001,34000000,0.00277331,"fc8d62",0.00338771,"8da0cb"
11,33000001,35000000,0.00206497,"fc8d62",0.00242446,"8da0cb"
11,34000001,36000000,0.00185098,"fc8d62",0.00182406,"8da0cb"
11,35000001,37000000,0.00206747,"fc8d62",0.00252445,"8da0cb"
11,36000001,38000000,0.00189741,"fc8d62",0.00260652,"8da0cb"
11,37000001,39000000,0.00151899,"fc8d62",0.00213969,"8da0cb"
11,38000001,40000000,0.00163257,"fc8d62",0.0022962,"8da0cb"
11,39000001,41000000,0.00252469,"fc8d62",0.00336148,"8da0cb"
11,40000001,42000000,0.00247347,"fc8d62",0.00332078,"8da0cb"
11,41000001,43000000,0.00193316,"fc8d62",0.00270629,"8da0cb"
11,42000001,44000000,0.00169593,"fc8d62",0.00224913,"8da0cb"
11,43000001,45000000,0.00166491,"fc8d62",0.00204002,"8da0cb"
11,44000001,46000000,0.00215465,"fc8d62",0.00279365,"8da0cb"
11,45000001,47000000,0.00225009,"fc8d62",0.00309088,"8da0cb"
11,46000001,48000000,0.00244912,"fc8d62",0.00303795,"8da0cb"
11,47000001,49000000,0.0025438,"fc8d62",0.00320986,"8da0cb"
11,48000001,50000000,0.00265382,"fc8d62",0.00352299,"8da0cb"
11,49000001,50685131,0.00199502,"fc8d62",0.00267572,"8da0cb"
11,50000001,50685131,0.000442274,"fc8d62",0.000753827,"8da0cb"
12,1,2000000,0.00246102,"fc8d62",0.00338309,"8da0cb"
12,1000001,3000000,0.00268301,"fc8d62",0.00344572,"8da0cb"
12,2000001,4000000,0.00224657,"fc8d62",0.00328154,"8da0cb"
12,3000001,5000000,0.00173216,"fc8d62",0.00292735,"8da0cb"
12,4000001,6000000,0.00167483,"fc8d62",0.00262484,"8da0cb"
12,5000001,7000000,0.00153881,"fc8d62",0.00218745,"8da0cb"
12,6000001,8000000,0.00199582,"fc8d62",0.00224734,"8da0cb"
12,7000001,9000000,0.00229927,"fc8d62",0.00268862,"8da0cb"
12,8000001,10000000,0.00192909,"fc8d62",0.00263384,"8da0cb"
12,9000001,11000000,0.00168381,"fc8d62",0.00222715,"8da0cb"
12,10000001,12000000,0.00226948,"fc8d62",0.00285635,"8da0cb"
12,11000001,13000000,0.00240557,"fc8d62",0.00337715,"8da0cb"
12,12000001,14000000,0.00215456,"fc8d62",0.00304848,"8da0cb"
12,13000001,15000000,0.00226578,"fc8d62",0.00339534,"8da0cb"
12,14000001,16000000,0.00246469,"fc8d62",0.00400471,"8da0cb"
12,15000001,17000000,0.00290668,"fc8d62",0.00368295,"8da0cb"
12,16000001,18000000,0.00243437,"fc8d62",0.00276814,"8da0cb"
12,17000001,19000000,0.00180736,"fc8d62",0.00227248,"8da0cb"
12,18000001,20000000,0.00232979,"fc8d62",0.00267952,"8da0cb"
12,19000001,21000000,0.00251676,"fc8d62",0.00310729,"8da0cb"
12,20000001,22000000,0.00220831,"fc8d62",0.00292591,"8da0cb"
12,21000001,23000000,0.00229335,"fc8d62",0.00281887,"8da0cb"
12,22000001,24000000,0.00242345,"fc8d62",0.00341908,"8da0cb"
12,23000001,25000000,0.00231951,"fc8d62",0.00331244,"8da0cb"
12,24000001,26000000,0.00228166,"fc8d62",0.00298437,"8da0cb"
12,25000001,27000000,0.00244977,"fc8d62",0.00341686,"8da0cb"
12,26000001,28000000,0.00228374,"fc8d62",0.00315823,"8da0cb"
12,27000001,29000000,0.00213284,"fc8d62",0.00279686,"8da0cb"
12,28000001,30000000,0.0016215,"fc8d62",0.00217779,"8da0cb"
12,29000001,31000000,0.00130595,"fc8d62",0.00182967,"8da0cb"
12,30000001,32000000,0.00180622,"fc8d62",0.0027031,"8da0cb"
12,31000001,32552834,0.00156279,"fc8d62",0.00250078,"8da0cb"
12,32000001,32552834,0.000520841,"fc8d62",0.000798808,"8da0cb"
13,1,2000000,0.00268386,"fc8d62",0.00329854,"8da0cb"
13,1000001,3000000,0.00260284,"fc8d62",0.00347392,"8da0cb"
13,2000001,4000000,0.00289072,"fc8d62",0.00389018,"8da0cb"
13,3000001,5000000,0.00288052,"fc8d62",0.00366993,"8da0cb"
13,4000001,6000000,0.00209426,"fc8d62",0.00266218,"8da0cb"
13,5000001,7000000,0.00225099,"fc8d62",0.00321823,"8da0cb"
13,6000001,8000000,0.0025176,"fc8d62",0.0033834,"8da0cb"
13,7000001,9000000,0.00222141,"fc8d62",0.00259639,"8da0cb"
13,8000001,10000000,0.00215451,"fc8d62",0.00268425,"8da0cb"
13,9000001,11000000,0.00241791,"fc8d62",0.00335169,"8da0cb"
13,10000001,12000000,0.00242218,"fc8d62",0.00340204,"8da0cb"
13,11000001,13000000,0.00202749,"fc8d62",0.00310775,"8da0cb"
13,12000001,14000000,0.00227726,"fc8d62",0.0037477,"8da0cb"
13,13000001,15000000,0.00275044,"fc8d62",0.00405604,"8da0cb"
13,14000001,16000000,0.00252271,"fc8d62",0.00340835,"8da0cb"
13,15000001,17000000,0.00241457,"fc8d62",0.00323016,"8da0cb"
13,16000001,18000000,0.00285294,"fc8d62",0.00358205,"8da0cb"
13,17000001,19000000,0.00324859,"fc8d62",0.00379135,"8da0cb"
13,18000001,20000000,0.00262561,"fc8d62",0.00341357,"8da0cb"
13,19000001,21000000,0.00206248,"fc8d62",0.00277127,"8da0cb"
13,20000001,22000000,0.00313644,"fc8d62",0.00397283,"8da0cb"
13,21000001,23000000,0.00365787,"fc8d62",0.00453446,"8da0cb"
13,22000001,24000000,0.00261756,"fc8d62",0.00332182,"8da0cb"
13,23000001,25000000,0.00251934,"fc8d62",0.00346794,"8da0cb"
13,24000001,25667229,0.00216101,"fc8d62",0.00295081,"8da0cb"
13,25000001,25667229,0.000632525,"fc8d62",0.000908302,"8da0cb"
14,1,2000000,0.00300411,"fc8d62",0.00365939,"8da0cb"
14,1000001,3000000,0.00334721,"fc8d62",0.00454818,"8da0cb"
14,2000001,4000000,0.00321581,"fc8d62",0.00441841,"8da0cb"
14,3000001,5000000,0.00321065,"fc8d62",0.00403607,"8da0cb"
14,4000001,6000000,0.00257705,"fc8d62",0.00337078,"8da0cb"
14,5000001,7000000,0.00215648,"fc8d62",0.00305097,"8da0cb"
14,6000001,8000000,0.0030406,"fc8d62",0.00411848,"8da0cb"
14,7000001,9000000,0.00323091,"fc8d62",0.00416471,"8da0cb"
14,8000001,10000000,0.00262774,"fc8d62",0.00319983,"8da0cb"
14,9000001,11000000,0.00262146,"fc8d62",0.00335252,"8da0cb"
14,10000001,12000000,0.00302961,"fc8d62",0.00416129,"8da0cb"
14,11000001,13000000,0.00299484,"fc8d62",0.00418644,"8da0cb"
14,12000001,14000000,0.0028022,"fc8d62",0.00382698,"8da0cb"
14,13000001,15000000,0.00252016,"fc8d62",0.00327514,"8da0cb"
14,14000001,16000000,0.00203903,"fc8d62",0.00280391,"8da0cb"
14,15000001,17000000,0.00231139,"fc8d62",0.00345345,"8da0cb"
14,16000001,18000000,0.00250633,"fc8d62",0.00378441,"8da0cb"
14,17000001,19000000,0.00237306,"fc8d62",0.00346612,"8da0cb"
14,18000001,20000000,0.00258243,"fc8d62",0.00356931,"8da0cb"
14,19000001,21000000,0.00253504,"fc8d62",0.00346329,"8da0cb"
14,20000001,22000000,0.00237538,"fc8d62",0.00334232,"8da0cb"
14,21000001,23000000,0.00199647,"fc8d62",0.00295722,"8da0cb"
14,22000001,24000000,0.00184147,"fc8d62",0.00255775,"8da0cb"
14,23000001,25000000,0.00235698,"fc8d62",0.0032314,"8da0cb"
14,24000001,26000000,0.00286473,"fc8d62",0.00350657,"8da0cb"
14,25000001,27000000,0.00225892,"fc8d62",0.00259956,"8da0cb"
14,26000001,28000000,0.0018218,"fc8d62",0.00272589,"8da0cb"
14,27000001,29000000,0.00191448,"fc8d62",0.00285871,"8da0cb"
14,28000001,30000000,0.00129326,"fc8d62",0.00235317,"8da0cb"
14,29000001,31000000,0.00107167,"fc8d62",0.00223209,"8da0cb"
14,30000001,32000000,0.00237553,"fc8d62",0.00315856,"8da0cb"
14,31000001,33000000,0.00282276,"fc8d62",0.00367062,"8da0cb"
14,32000001,34000000,0.00247475,"fc8d62",0.00338896,"8da0cb"
14,33000001,35000000,0.0026928,"fc8d62",0.00320781,"8da0cb"
14,34000001,36000000,0.00244545,"fc8d62",0.00285706,"8da0cb"
14,35000001,37000000,0.00233695,"fc8d62",0.00325594,"8da0cb"
14,36000001,38000000,0.00216562,"fc8d62",0.00337212,"8da0cb"
14,37000001,39000000,0.00190627,"fc8d62",0.00283652,"8da0cb"
14,38000001,40000000,0.00218322,"fc8d62",0.00272075,"8da0cb"
14,39000001,41000000,0.00232186,"fc8d62",0.00282732,"8da0cb"
14,40000001,42000000,0.00203928,"fc8d62",0.00264572,"8da0cb"
14,41000001,43000000,0.00205785,"fc8d62",0.00295367,"8da0cb"
14,42000001,44000000,0.00229948,"fc8d62",0.00352296,"8da0cb"
14,43000001,45000000,0.00260735,"fc8d62",0.00376964,"8da0cb"
14,44000001,46000000,0.0025816,"fc8d62",0.00364946,"8da0cb"
14,45000001,47000000,0.00198155,"fc8d62",0.0030942,"8da0cb"
14,46000001,48000000,0.00221146,"fc8d62",0.00324818,"8da0cb"
14,47000001,49000000,0.00249765,"fc8d62",0.00336138,"8da0cb"
14,48000001,50000000,0.00224226,"fc8d62",0.00310269,"8da0cb"
14,49000001,51000000,0.0024283,"fc8d62",0.00332027,"8da0cb"
14,50000001,52000000,0.0029985,"fc8d62",0.00384429,"8da0cb"
14,51000001,53000000,0.00341483,"fc8d62",0.00437955,"8da0cb"
14,52000001,53685928,0.00245616,"fc8d62",0.0032866,"8da0cb"
14,53000001,53685928,0.000783401,"fc8d62",0.001077,"8da0cb"
15,1,2000000,0.00325896,"fc8d62",0.00421646,"8da0cb"
15,1000001,3000000,0.00297638,"fc8d62",0.00362732,"8da0cb"
15,2000001,4000000,0.00189589,"fc8d62",0.00259933,"8da0cb"
15,3000001,5000000,0.00205331,"fc8d62",0.00293478,"8da0cb"
15,4000001,6000000,0.00273219,"fc8d62",0.00346274,"8da0cb"
15,5000001,7000000,0.0024365,"fc8d62",0.00310802,"8da0cb"
15,6000001,8000000,0.00303519,"fc8d62",0.00342155,"8da0cb"
15,7000001,9000000,0.00315093,"fc8d62",0.00349194,"8da0cb"
15,8000001,10000000,0.00252819,"fc8d62",0.00294315,"8da0cb"
15,9000001,11000000,0.00261575,"fc8d62",0.00305442,"8da0cb"
15,10000001,12000000,0.00260777,"fc8d62",0.00334884,"8da0cb"
15,11000001,13000000,0.002227,"fc8d62",0.00285366,"8da0cb"
15,12000001,13456278,0.00147876,"fc8d62",0.00184735,"8da0cb"
15,13000001,13456278,0.000443253,"fc8d62",0.000652117,"8da0cb"
16,1,2000000,0.00302634,"fc8d62",0.00375598,"8da0cb"
16,1000001,3000000,0.00276514,"fc8d62",0.00328989,"8da0cb"
16,2000001,4000000,0.00250515,"fc8d62",0.00340805,"8da0cb"
16,3000001,5000000,0.00312392,"fc8d62",0.00449216,"8da0cb"
16,4000001,6000000,0.00292183,"fc8d62",0.00415839,"8da0cb"
16,5000001,7000000,0.00213605,"fc8d62",0.00300682,"8da0cb"
16,6000001,8000000,0.00202212,"fc8d62",0.00263836,"8da0cb"
16,7000001,9000000,0.00190396,"fc8d62",0.00247227,"8da0cb"
16,8000001,10000000,0.00164751,"fc8d62",0.00226681,"8da0cb"
16,9000001,11000000,0.00145621,"fc8d62",0.00214096,"8da0cb"
16,10000001,12000000,0.00146211,"fc8d62",0.00236046,"8da0cb"
16,11000001,13000000,0.00172792,"fc8d62",0.00257717,"8da0cb"
16,12000001,14000000,0.00163885,"fc8d62",0.00259186,"8da0cb"
16,13000001,15000000,0.00139981,"fc8d62",0.00200817,"8da0cb"
16,14000001,16000000,0.00148195,"fc8d62",0.00196547,"8da0cb"
16,15000001,17000000,0.00162523,"fc8d62",0.00235263,"8da0cb"
16,16000001,18000000,0.00181441,"fc8d62",0.00235367,"8da0cb"
16,17000001,19000000,0.00224034,"fc8d62",0.00293507,"8da0cb"
16,18000001,20000000,0.00237135,"fc8d62",0.00319132,"8da0cb"
16,19000001,21000000,0.00188993,"fc8d62",0.0029635,"8da0cb"
16,20000001,22000000,0.00150012,"fc8d62",0.00349063,"8da0cb"
16,21000001,23000000,0.00120236,"fc8d62",0.00282382,"8da0cb"
16,22000001,24000000,0.00197267,"fc8d62",0.00267355,"8da0cb"
16,23000001,25000000,0.00257325,"fc8d62",0.00345512,"8da0cb"
16,24000001,26000000,0.00208207,"fc8d62",0.00317903,"8da0cb"
16,25000001,27000000,0.00195637,"fc8d62",0.00283181,"8da0cb"
16,26000001,28000000,0.00209485,"fc8d62",0.00261217,"8da0cb"
16,27000001,28459215,0.00161588,"fc8d62",0.0019433,"8da0cb"
16,28000001,28459215,0.00053276,"fc8d62",0.000632959,"8da0cb"
17,1,2000000,0.00280475,"fc8d62",0.00356309,"8da0cb"
17,1000001,3000000,0.00308697,"fc8d62",0.00390393,"8da0cb"
17,2000001,4000000,0.00314358,"fc8d62",0.00394866,"8da0cb"
17,3000001,5000000,0.00268151,"fc8d62",0.00334591,"8da0cb"
17,4000001,6000000,0.00273076,"fc8d62",0.00321986,"8da0cb"
17,5000001,7000000,0.00321376,"fc8d62",0.00372151,"8da0cb"
17,6000001,8000000,0.00318887,"fc8d62",0.00365053,"8da0cb"
17,7000001,9000000,0.00260014,"fc8d62",0.0034851,"8da0cb"
17,8000001,10000000,0.0021478,"fc8d62",0.00346784,"8da0cb"
17,9000001,11000000,0.00159485,"fc8d62",0.00257774,"8da0cb"
17,10000001,12000000,0.00129903,"fc8d62",0.00236359,"8da0cb"
17,11000001,13000000,0.00132356,"fc8d62",0.0024674,"8da0cb"
17,12000001,14000000,0.00143578,"fc8d62",0.00227477,"8da0cb"
17,13000001,15000000,0.00199052,"fc8d62",0.00279337,"8da0cb"
17,14000001,16000000,0.00217242,"fc8d62",0.00312283,"8da0cb"
17,15000001,17000000,0.00246086,"fc8d62",0.00337836,"8da0cb"
17,16000001,18000000,0.002781,"fc8d62",0.0037817,"8da0cb"
17,17000001,19000000,0.00254289,"fc8d62",0.00348931,"8da0cb"
17,18000001,20000000,0.00234449,"fc8d62",0.0035461,"8da0cb"
17,19000001,21000000,0.00144441,"fc8d62",0.00280481,"8da0cb"
17,20000001,22000000,0.000852675,"fc8d62",0.00153035,"8da0cb"
17,21000001,23000000,0.00138176,"fc8d62",0.00177991,"8da0cb"
17,22000001,24000000,0.00185559,"fc8d62",0.00257705,"8da0cb"
17,23000001,25000000,0.00207966,"fc8d62",0.00323987,"8da0cb"
17,24000001,26000000,0.00198418,"fc8d62",0.00263372,"8da0cb"
17,25000001,27000000,0.00217843,"fc8d62",0.0025235,"8da0cb"
17,26000001,28000000,0.00257224,"fc8d62",0.00330667,"8da0cb"
17,27000001,29000000,0.00245707,"fc8d62",0.00347241,"8da0cb"
17,28000001,30000000,0.00316163,"fc8d62",0.00375215,"8da0cb"
17,29000001,31000000,0.00380451,"fc8d62",0.00406506,"8da0cb"
17,30000001,32000000,0.00303372,"fc8d62",0.0036359,"8da0cb"
17,31000001,33000000,0.00259116,"fc8d62",0.00315137,"8da0cb"
17,32000001,34000000,0.00187263,"fc8d62",0.00248784,"8da0cb"
17,33000001,35000000,0.00142076,"fc8d62",0.00214193,"8da0cb"
17,34000001,36000000,0.00196893,"fc8d62",0.00278499,"8da0cb"
17,35000001,37000000,0.0029076,"fc8d62",0.00385663,"8da0cb"
17,36000001,38000000,0.00299078,"fc8d62",0.00366031,"8da0cb"
17,37000001,39000000,0.0028495,"fc8d62",0.00356632,"8da0cb"
17,38000001,40000000,0.00369546,"fc8d62",0.00485073,"8da0cb"
17,39000001,41000000,0.003321,"fc8d62",0.00443211,"8da0cb"
17,40000001,42000000,0.0028308,"fc8d62",0.00389229,"8da0cb"
17,41000001,42403734,0.00202726,"fc8d62",0.00277378,"8da0cb"
17,42000001,42403734,0.000479636,"fc8d62",0.000646831,"8da0cb"
18,1,2000000,0.00221391,"fc8d62",0.00309433,"8da0cb"
18,1000001,3000000,0.00200914,"fc8d62",0.00295234,"8da0cb"
18,2000001,4000000,0.00188453,"fc8d62",0.00281922,"8da0cb"
18,3000001,5000000,0.00204229,"fc8d62",0.00255366,"8da0cb"
18,4000001,6000000,0.00196679,"fc8d62",0.00256619,"8da0cb"
18,5000001,7000000,0.00157049,"fc8d62",0.00223728,"8da0cb"
18,6000001,8000000,0.00237501,"fc8d62",0.00277839,"8da0cb"
18,7000001,9000000,0.00277675,"fc8d62",0.00334838,"8da0cb"
18,8000001,10000000,0.00236327,"fc8d62",0.00317994,"8da0cb"
18,9000001,11000000,0.00234428,"fc8d62",0.0031753,"8da0cb"
18,10000001,12000000,0.00221016,"fc8d62",0.00298492,"8da0cb"
18,11000001,13000000,0.00252262,"fc8d62",0.00343224,"8da0cb"
18,12000001,14000000,0.00284832,"fc8d62",0.00360989,"8da0cb"
18,13000001,15000000,0.00300838,"fc8d62",0.00358745,"8da0cb"
18,14000001,16000000,0.00313979,"fc8d62",0.00406858,"8da0cb"
18,15000001,17000000,0.00248242,"fc8d62",0.00315767,"8da0cb"
18,16000001,18000000,0.00213555,"fc8d62",0.00262852,"8da0cb"
18,17000001,19000000,0.00230516,"fc8d62",0.00315306,"8da0cb"
18,18000001,20000000,0.00217559,"fc8d62",0.00305065,"8da0cb"
18,19000001,21000000,0.0022164,"fc8d62",0.00318714,"8da0cb"
18,20000001,22000000,0.00196211,"fc8d62",0.00322241,"8da0cb"
18,21000001,23000000,0.00204255,"fc8d62",0.00325757,"8da0cb"
18,22000001,24000000,0.00227155,"fc8d62",0.00282555,"8da0cb"
18,23000001,25000000,0.00236954,"fc8d62",0.00242803,"8da0cb"
18,24000001,26000000,0.00208559,"fc8d62",0.00215552,"8da0cb"
18,25000001,27000000,0.00129545,"fc8d62",0.00174994,"8da0cb"
18,26000001,27842185,0.000926289,"fc8d62",0.00179298,"8da0cb"
18,27000001,27842185,0.000364909,"fc8d62",0.000924918,"8da0cb"
19,1,2000000,0.0019311,"fc8d62",0.00263163,"8da0cb"
19,1000001,3000000,0.002221,"fc8d62",0.00309352,"8da0cb"
19,2000001,4000000,0.00192096,"fc8d62",0.00261767,"8da0cb"
19,3000001,5000000,0.00212361,"fc8d62",0.00292474,"8da0cb"
19,4000001,6000000,0.00239185,"fc8d62",0.00331289,"8da0cb"
19,5000001,7000000,0.00292788,"fc8d62",0.00361401,"8da0cb"
19,6000001,8000000,0.00341443,"fc8d62",0.00432478,"8da0cb"
19,7000001,9000000,0.00266826,"fc8d62",0.00351468,"8da0cb"
19,8000001,10000000,0.00190162,"fc8d62",0.00264142,"8da0cb"
19,9000001,11000000,0.00180317,"fc8d62",0.00255897,"8da0cb"
19,10000001,12000000,0.00142279,"fc8d62",0.00204099,"8da0cb"
19,11000001,13000000,0.00131365,"fc8d62",0.00188609,"8da0cb"
19,12000001,14000000,0.00187428,"fc8d62",0.00247431,"8da0cb"
19,13000001,15000000,0.00201095,"fc8d62",0.00270467,"8da0cb"
19,14000001,16000000,0.00133591,"fc8d62",0.00225175,"8da0cb"
19,15000001,17000000,0.00156601,"fc8d62",0.00252361,"8da0cb"
19,16000001,18000000,0.00167527,"fc8d62",0.00250167,"8da0cb"
19,17000001,19000000,0.00166737,"fc8d62",0.00245705,"8da0cb"
19,18000001,19701765,0.00187179,"fc8d62",0.00263736,"8da0cb"
19,19000001,19701765,0.000874331,"fc8d62",0.00120531,"8da0cb"
2,1,2000000,0.00256233,"fc8d62",0.00323199,"8da0cb"
2,1000001,3000000,0.00233525,"fc8d62",0.00313272,"8da0cb"
2,2000001,4000000,0.00244716,"fc8d62",0.00332191,"8da0cb"
2,3000001,5000000,0.00170689,"fc8d62",0.00234022,"8da0cb"
2,4000001,6000000,0.00195165,"fc8d62",0.0028265,"8da0cb"
2,5000001,7000000,0.00250167,"fc8d62",0.00345578,"8da0cb"
2,6000001,8000000,0.00185604,"fc8d62",0.00239379,"8da0cb"
2,7000001,9000000,0.00239207,"fc8d62",0.00278782,"8da0cb"
2,8000001,10000000,0.00269364,"fc8d62",0.0031818,"8da0cb"
2,9000001,11000000,0.00204429,"fc8d62",0.00283083,"8da0cb"
2,10000001,12000000,0.00255054,"fc8d62",0.00334029,"8da0cb"
2,11000001,13000000,0.00259592,"fc8d62",0.0034476,"8da0cb"
2,12000001,14000000,0.00256165,"fc8d62",0.00339048,"8da0cb"
2,13000001,15000000,0.00300663,"fc8d62",0.00356665,"8da0cb"
2,14000001,16000000,0.00261052,"fc8d62",0.00313702,"8da0cb"
2,15000001,17000000,0.00225113,"fc8d62",0.00310253,"8da0cb"
2,16000001,18000000,0.00278079,"fc8d62",0.00346823,"8da0cb"
2,17000001,19000000,0.003164,"fc8d62",0.00377243,"8da0cb"
2,18000001,20000000,0.00260029,"fc8d62",0.00342577,"8da0cb"
2,19000001,21000000,0.00240005,"fc8d62",0.0032665,"8da0cb"
2,20000001,22000000,0.00278934,"fc8d62",0.00373766,"8da0cb"
2,21000001,23000000,0.00253614,"fc8d62",0.00324311,"8da0cb"
2,22000001,24000000,0.00188177,"fc8d62",0.00262001,"8da0cb"
2,23000001,25000000,0.00202185,"fc8d62",0.00328914,"8da0cb"
2,24000001,26000000,0.00204326,"fc8d62",0.00307989,"8da0cb"
2,25000001,27000000,0.00197508,"fc8d62",0.00247488,"8da0cb"
2,26000001,28000000,0.00177767,"fc8d62",0.00234497,"8da0cb"
2,27000001,29000000,0.00240894,"fc8d62",0.00318147,"8da0cb"
2,28000001,30000000,0.00346601,"fc8d62",0.00438439,"8da0cb"
2,29000001,31000000,0.00322853,"fc8d62",0.0040379,"8da0cb"
2,30000001,32000000,0.00217558,"fc8d62",0.00254741,"8da0cb"
2,31000001,33000000,0.0021784,"fc8d62",0.00239016,"8da0cb"
2,32000001,34000000,0.00310205,"fc8d62",0.00338854,"8da0cb"
2,33000001,35000000,0.00287851,"fc8d62",0.00318188,"8da0cb"
2,34000001,36000000,0.00266166,"fc8d62",0.00328547,"8da0cb"
2,35000001,37000000,0.00286999,"fc8d62",0.00373942,"8da0cb"
2,36000001,38000000,0.00207648,"fc8d62",0.00297552,"8da0cb"
2,37000001,39000000,0.00154794,"fc8d62",0.00224204,"8da0cb"
2,38000001,40000000,0.00245087,"fc8d62",0.00329403,"8da0cb"
2,39000001,41000000,0.00244923,"fc8d62",0.00339994,"8da0cb"
2,40000001,42000000,0.00244665,"fc8d62",0.00312335,"8da0cb"
2,41000001,43000000,0.00254587,"fc8d62",0.00322565,"8da0cb"
2,42000001,44000000,0.00261456,"fc8d62",0.00337717,"8da0cb"
2,43000001,45000000,0.00318129,"fc8d62",0.00424618,"8da0cb"
2,44000001,46000000,0.00315331,"fc8d62",0.00430178,"8da0cb"
2,45000001,47000000,0.00248513,"fc8d62",0.00331596,"8da0cb"
2,46000001,48000000,0.0022437,"fc8d62",0.00315803,"8da0cb"
2,47000001,49000000,0.00247089,"fc8d62",0.0035109,"8da0cb"
2,48000001,50000000,0.00198604,"fc8d62",0.00307828,"8da0cb"
2,49000001,51000000,0.00200539,"fc8d62",0.00309877,"8da0cb"
2,50000001,52000000,0.00193204,"fc8d62",0.00255391,"8da0cb"
2,51000001,53000000,0.00212612,"fc8d62",0.0028108,"8da0cb"
2,52000001,54000000,0.00293844,"fc8d62",0.00406359,"8da0cb"
2,53000001,55000000,0.00275969,"fc8d62",0.0036061,"8da0cb"
2,54000001,56000000,0.00195056,"fc8d62",0.00279553,"8da0cb"
2,55000001,57000000,0.00223967,"fc8d62",0.0032708,"8da0cb"
2,56000001,58000000,0.00254366,"fc8d62",0.00340239,"8da0cb"
2,57000001,59000000,0.00239687,"fc8d62",0.00359369,"8da0cb"
2,58000001,60000000,0.00253949,"fc8d62",0.00386606,"8da0cb"
2,59000001,61000000,0.00251795,"fc8d62",0.00342311,"8da0cb"
2,60000001,62000000,0.00244568,"fc8d62",0.0031763,"8da0cb"
2,61000001,63000000,0.00193677,"fc8d62",0.00264716,"8da0cb"
2,62000001,64000000,0.00230461,"fc8d62",0.00307166,"8da0cb"
2,63000001,65000000,0.0026926,"fc8d62",0.00356955,"8da0cb"
2,64000001,66000000,0.00242201,"fc8d62",0.00333225,"8da0cb"
2,65000001,67000000,0.00287834,"fc8d62",0.00366034,"8da0cb"
2,66000001,68000000,0.00256363,"fc8d62",0.00317333,"8da0cb"
2,67000001,69000000,0.00166771,"fc8d62",0.00235745,"8da0cb"
2,68000001,70000000,0.00186894,"fc8d62",0.00246464,"8da0cb"
2,69000001,71000000,0.00200876,"fc8d62",0.0026441,"8da0cb"
2,70000001,72000000,0.00202154,"fc8d62",0.00301928,"8da0cb"
2,71000001,73000000,0.00225074,"fc8d62",0.00334984,"8da0cb"
2,72000001,74000000,0.00205627,"fc8d62",0.00268446,"8da0cb"
2,73000001,75000000,0.00172785,"fc8d62",0.00231345,"8da0cb"
2,74000001,76000000,0.00147189,"fc8d62",0.00234448,"8da0cb"
2,75000001,77000000,0.00225855,"fc8d62",0.00255831,"8da0cb"
2,76000001,78000000,0.00289994,"fc8d62",0.00340341,"8da0cb"
2,77000001,79000000,0.00293457,"fc8d62",0.00395749,"8da0cb"
2,78000001,80000000,0.00317047,"fc8d62",0.00407051,"8da0cb"
2,79000001,81000000,0.00264567,"fc8d62",0.00343622,"8da0cb"
2,80000001,82000000,0.00167254,"fc8d62",0.00227939,"8da0cb"
2,81000001,83000000,0.00187145,"fc8d62",0.00272995,"8da0cb"
2,82000001,84000000,0.00238133,"fc8d62",0.00332286,"8da0cb"
2,83000001,85000000,0.00216681,"fc8d62",0.00295221,"8da0cb"
2,84000001,86000000,0.00205097,"fc8d62",0.00253649,"8da0cb"
2,85000001,87000000,0.0022405,"fc8d62",0.00277853,"8da0cb"
2,86000001,88000000,0.0027047,"fc8d62",0.00362416,"8da0cb"
2,87000001,89000000,0.0027762,"fc8d62",0.00375405,"8da0cb"
2,88000001,90000000,0.00211849,"fc8d62",0.00291968,"8da0cb"
2,89000001,91000000,0.00186501,"fc8d62",0.0023014,"8da0cb"
2,90000001,92000000,0.00237266,"fc8d62",0.00283964,"8da0cb"
2,91000001,93000000,0.00235352,"fc8d62",0.00306566,"8da0cb"
2,92000001,94000000,0.00225961,"fc8d62",0.00300164,"8da0cb"
2,93000001,95000000,0.00270635,"fc8d62",0.00341715,"8da0cb"
2,94000001,96000000,0.00318778,"fc8d62",0.00388255,"8da0cb"
2,95000001,97000000,0.00296474,"fc8d62",0.00392336,"8da0cb"
2,96000001,98000000,0.00297425,"fc8d62",0.00378291,"8da0cb"
2,97000001,98364873,0.00204065,"fc8d62",0.00235972,"8da0cb"
2,98000001,98364873,0.000324778,"fc8d62",0.000462501,"8da0cb"
3,1,2000000,0.00237263,"fc8d62",0.0034255,"8da0cb"
3,1000001,3000000,0.00196896,"fc8d62",0.0030891,"8da0cb"
3,2000001,4000000,0.00200493,"fc8d62",0.00269691,"8da0cb"
3,3000001,5000000,0.00164287,"fc8d62",0.00239133,"8da0cb"
3,4000001,6000000,0.00198458,"fc8d62",0.00278162,"8da0cb"
3,5000001,7000000,0.00245505,"fc8d62",0.00285717,"8da0cb"
3,6000001,8000000,0.00219065,"fc8d62",0.00256492,"8da0cb"
3,7000001,9000000,0.00235852,"fc8d62",0.00317545,"8da0cb"
3,8000001,10000000,0.00236199,"fc8d62",0.00329245,"8da0cb"
3,9000001,11000000,0.00256348,"fc8d62",0.00328748,"8da0cb"
3,10000001,12000000,0.00299857,"fc8d62",0.00366599,"8da0cb"
3,11000001,13000000,0.003237,"fc8d62",0.00396664,"8da0cb"
3,12000001,14000000,0.00257065,"fc8d62",0.00308853,"8da0cb"
3,13000001,15000000,0.00199243,"fc8d62",0.00258756,"8da0cb"
3,14000001,16000000,0.0019421,"fc8d62",0.00276873,"8da0cb"
3,15000001,17000000,0.00156533,"fc8d62",0.00237182,"8da0cb"
3,16000001,18000000,0.00190384,"fc8d62",0.00274963,"8da0cb"
3,17000001,19000000,0.00204567,"fc8d62",0.0027149,"8da0cb"
3,18000001,20000000,0.00176453,"fc8d62",0.00209276,"8da0cb"
3,19000001,21000000,0.00200638,"fc8d62",0.00257341,"8da0cb"
3,20000001,22000000,0.0018636,"fc8d62",0.00257649,"8da0cb"
3,21000001,23000000,0.00124046,"fc8d62",0.00177323,"8da0cb"
3,22000001,24000000,0.00142905,"fc8d62",0.0019935,"8da0cb"
3,23000001,25000000,0.00216971,"fc8d62",0.00253626,"8da0cb"
3,24000001,26000000,0.00220133,"fc8d62",0.00264362,"8da0cb"
3,25000001,27000000,0.00205436,"fc8d62",0.00269507,"8da0cb"
3,26000001,28000000,0.00221898,"fc8d62",0.00293746,"8da0cb"
3,27000001,29000000,0.001998,"fc8d62",0.00276653,"8da0cb"
3,28000001,30000000,0.00166926,"fc8d62",0.00209539,"8da0cb"
3,29000001,31000000,0.00199448,"fc8d62",0.00236025,"8da0cb"
3,30000001,32000000,0.00276134,"fc8d62",0.00357511,"8da0cb"
3,31000001,33000000,0.00236943,"fc8d62",0.00325719,"8da0cb"
3,32000001,34000000,0.00205115,"fc8d62",0.00267346,"8da0cb"
3,33000001,35000000,0.00264461,"fc8d62",0.00301655,"8da0cb"
3,34000001,36000000,0.00256834,"fc8d62",0.00275644,"8da0cb"
3,35000001,37000000,0.00268976,"fc8d62",0.002884,"8da0cb"
3,36000001,38000000,0.00319753,"fc8d62",0.00379412,"8da0cb"
3,37000001,39000000,0.00250754,"fc8d62",0.00325492,"8da0cb"
3,38000001,40000000,0.00218267,"fc8d62",0.00267317,"8da0cb"
3,39000001,41000000,0.00309103,"fc8d62",0.00373983,"8da0cb"
3,40000001,42000000,0.00318251,"fc8d62",0.00385369,"8da0cb"
3,41000001,43000000,0.00323256,"fc8d62",0.00388263,"8da0cb"
3,42000001,44000000,0.00284001,"fc8d62",0.00367676,"8da0cb"
3,43000001,45000000,0.00211063,"fc8d62",0.00268621,"8da0cb"
3,44000001,46000000,0.00270321,"fc8d62",0.00327812,"8da0cb"
3,45000001,47000000,0.00247857,"fc8d62",0.00374082,"8da0cb"
3,46000001,48000000,0.00199879,"fc8d62",0.0032967,"8da0cb"
3,47000001,49000000,0.00224503,"fc8d62",0.00308757,"8da0cb"
3,48000001,50000000,0.00171763,"fc8d62",0.00294708,"8da0cb"
3,49000001,51000000,0.00221341,"fc8d62",0.00339124,"8da0cb"
3,50000001,52000000,0.00266306,"fc8d62",0.00315816,"8da0cb"
3,51000001,53000000,0.00196091,"fc8d62",0.002445,"8da0cb"
3,52000001,54000000,0.00256346,"fc8d62",0.00335043,"8da0cb"
3,53000001,55000000,0.00274077,"fc8d62",0.00346267,"8da0cb"
3,54000001,56000000,0.00226146,"fc8d62",0.00291146,"8da0cb"
3,55000001,57000000,0.00223193,"fc8d62",0.00319253,"8da0cb"
3,56000001,58000000,0.00202901,"fc8d62",0.00322515,"8da0cb"
3,57000001,59000000,0.00237183,"fc8d62",0.00329678,"8da0cb"
3,58000001,60000000,0.00274201,"fc8d62",0.00341679,"8da0cb"
3,59000001,61000000,0.00221287,"fc8d62",0.00308112,"8da0cb"
3,60000001,62000000,0.00213241,"fc8d62",0.00309762,"8da0cb"
3,61000001,63000000,0.00244021,"fc8d62",0.00353423,"8da0cb"
3,62000001,64000000,0.00222567,"fc8d62",0.00318815,"8da0cb"
3,63000001,65000000,0.0022004,"fc8d62",0.00286433,"8da0cb"
3,64000001,66000000,0.00242239,"fc8d62",0.00334006,"8da0cb"
3,65000001,67000000,0.00234485,"fc8d62",0.00336543,"8da0cb"
3,66000001,68000000,0.00265366,"fc8d62",0.00366947,"8da0cb"
3,67000001,69000000,0.00260762,"fc8d62",0.00387451,"8da0cb"
3,68000001,70000000,0.00225385,"fc8d62",0.00342487,"8da0cb"
3,69000001,71000000,0.00251328,"fc8d62",0.00301569,"8da0cb"
3,70000001,72000000,0.00206392,"fc8d62",0.00232367,"8da0cb"
3,71000001,73000000,0.00179816,"fc8d62",0.0023367,"8da0cb"
3,72000001,74000000,0.00209892,"fc8d62",0.00274356,"8da0cb"
3,73000001,75000000,0.00276686,"fc8d62",0.00359376,"8da0cb"
3,74000001,76000000,0.00282657,"fc8d62",0.00359774,"8da0cb"
3,75000001,77000000,0.00236412,"fc8d62",0.00305217,"8da0cb"
3,76000001,78000000,0.00272169,"fc8d62",0.00345328,"8da0cb"
3,77000001,79000000,0.00255874,"fc8d62",0.00337088,"8da0cb"
3,78000001,80000000,0.00240337,"fc8d62",0.00295855,"8da0cb"
3,79000001,81000000,0.00234088,"fc8d62",0.00274937,"8da0cb"
3,80000001,82000000,0.00275047,"fc8d62",0.00392829,"8da0cb"
3,81000001,83000000,0.00240333,"fc8d62",0.00382238,"8da0cb"
3,82000001,84000000,0.00187478,"fc8d62",0.00283681,"8da0cb"
3,83000001,85000000,0.00246445,"fc8d62",0.00339847,"8da0cb"
3,84000001,86000000,0.00296898,"fc8d62",0.00378667,"8da0cb"
3,85000001,87000000,0.00278729,"fc8d62",0.00350618,"8da0cb"
3,86000001,88000000,0.00281091,"fc8d62",0.00381896,"8da0cb"
3,87000001,89000000,0.00273976,"fc8d62",0.00372052,"8da0cb"
3,88000001,90000000,0.00234417,"fc8d62",0.00295174,"8da0cb"
3,89000001,91000000,0.00323984,"fc8d62",0.00373025,"8da0cb"
3,90000001,92000000,0.0030162,"fc8d62",0.00353916,"8da0cb"
3,91000001,93000000,0.00240882,"fc8d62",0.00303202,"8da0cb"
3,92000001,94000000,0.00245855,"fc8d62",0.00331282,"8da0cb"
3,93000001,95000000,0.00278529,"fc8d62",0.00406727,"8da0cb"
3,94000001,96000000,0.00302059,"fc8d62",0.00389656,"8da0cb"
3,95000001,97000000,0.00288052,"fc8d62",0.00344177,"8da0cb"
3,96000001,98000000,0.00266206,"fc8d62",0.00395931,"8da0cb"
3,97000001,99000000,0.00255712,"fc8d62",0.00400151,"8da0cb"
3,98000001,100000000,0.00266598,"fc8d62",0.00355791,"8da0cb"
3,99000001,101000000,0.00272098,"fc8d62",0.00314084,"8da0cb"
3,100000001,102000000,0.00288704,"fc8d62",0.00331552,"8da0cb"
3,101000001,103000000,0.00267627,"fc8d62",0.00332418,"8da0cb"
3,102000001,104000000,0.00247198,"fc8d62",0.00330439,"8da0cb"
3,103000001,105000000,0.00226481,"fc8d62",0.00302526,"8da0cb"
3,104000001,106000000,0.00296997,"fc8d62",0.00371367,"8da0cb"
3,105000001,107000000,0.00386976,"fc8d62",0.00487295,"8da0cb"
3,106000001,108000000,0.0033793,"fc8d62",0.00424159,"8da0cb"
3,107000001,109000000,0.00230257,"fc8d62",0.00273993,"8da0cb"
3,108000001,110000000,0.00182982,"fc8d62",0.00244406,"8da0cb"
3,109000001,111000000,0.00192789,"fc8d62",0.00281188,"8da0cb"
3,110000001,112000000,0.00181947,"fc8d62",0.00264783,"8da0cb"
3,111000001,113000000,0.00168892,"fc8d62",0.00248967,"8da0cb"
3,112000001,114000000,0.00143184,"fc8d62",0.0020262,"8da0cb"
3,113000001,115000000,0.00157986,"fc8d62",0.00164892,"8da0cb"
3,114000001,116000000,0.00243178,"fc8d62",0.00223095,"8da0cb"
3,115000001,117000000,0.00288833,"fc8d62",0.00305425,"8da0cb"
3,116000001,118000000,0.0026092,"fc8d62",0.00339595,"8da0cb"
3,117000001,119000000,0.00186885,"fc8d62",0.00307219,"8da0cb"
3,118000001,120000000,0.00142054,"fc8d62",0.00235823,"8da0cb"
3,119000001,121000000,0.00179801,"fc8d62",0.00245108,"8da0cb"
3,120000001,122000000,0.0020521,"fc8d62",0.00278195,"8da0cb"
3,121000001,123000000,0.00171871,"fc8d62",0.0023492,"8da0cb"
3,122000001,124000000,0.00176315,"fc8d62",0.00269488,"8da0cb"
3,123000001,125000000,0.00200603,"fc8d62",0.00284327,"8da0cb"
3,124000001,126000000,0.00215015,"fc8d62",0.00281044,"8da0cb"
3,125000001,127000000,0.0022719,"fc8d62",0.00312983,"8da0cb"
3,126000001,128000000,0.00180109,"fc8d62",0.00255288,"8da0cb"
3,127000001,129000000,0.00156542,"fc8d62",0.0024327,"8da0cb"
3,128000001,130000000,0.00209331,"fc8d62",0.0030185,"8da0cb"
3,129000001,131000000,0.00247516,"fc8d62",0.00346745,"8da0cb"
3,130000001,132000000,0.00235877,"fc8d62",0.0032174,"8da0cb"
3,131000001,133000000,0.00258428,"fc8d62",0.0033689,"8da0cb"
3,132000001,134000000,0.00258392,"fc8d62",0.00353911,"8da0cb"
3,133000001,135000000,0.00235126,"fc8d62",0.00353633,"8da0cb"
3,134000001,136000000,0.00227639,"fc8d62",0.0033585,"8da0cb"
3,135000001,137000000,0.00246713,"fc8d62",0.00370925,"8da0cb"
3,136000001,138000000,0.00268892,"fc8d62",0.00424073,"8da0cb"
3,137000001,139000000,0.00258245,"fc8d62",0.00362629,"8da0cb"
3,138000001,140000000,0.00280822,"fc8d62",0.00370095,"8da0cb"
3,139000001,141000000,0.00299855,"fc8d62",0.00409087,"8da0cb"
3,140000001,142000000,0.00313498,"fc8d62",0.00404368,"8da0cb"
3,141000001,143000000,0.0027135,"fc8d62",0.00386514,"8da0cb"
3,142000001,144000000,0.0022363,"fc8d62",0.00346869,"8da0cb"
3,143000001,145000000,0.00233662,"fc8d62",0.00315475,"8da0cb"
3,144000001,146000000,0.00206217,"fc8d62",0.00264733,"8da0cb"
3,145000001,147000000,0.00153724,"fc8d62",0.00203312,"8da0cb"
3,146000001,148000000,0.00202044,"fc8d62",0.00269315,"8da0cb"
3,147000001,149000000,0.00267554,"fc8d62",0.00398425,"8da0cb"
3,148000001,150000000,0.00307346,"fc8d62",0.00435295,"8da0cb"
3,149000001,151000000,0.00338215,"fc8d62",0.00434906,"8da0cb"
3,150000001,152000000,0.00365105,"fc8d62",0.00450218,"8da0cb"
3,151000001,153000000,0.00409455,"fc8d62",0.00471187,"8da0cb"
3,152000001,154000000,0.00364833,"fc8d62",0.00447211,"8da0cb"
3,153000001,155000000,0.00295104,"fc8d62",0.00429697,"8da0cb"
3,154000001,156000000,0.00253234,"fc8d62",0.00381107,"8da0cb"
3,155000001,157000000,0.00226518,"fc8d62",0.00285214,"8da0cb"
3,156000001,158000000,0.00233832,"fc8d62",0.00302022,"8da0cb"
3,157000001,159000000,0.00237673,"fc8d62",0.00305802,"8da0cb"
3,158000001,160000000,0.00231914,"fc8d62",0.00305114,"8da0cb"
3,159000001,161000000,0.00215759,"fc8d62",0.00281159,"8da0cb"
3,160000001,162000000,0.00159304,"fc8d62",0.00237397,"8da0cb"
3,161000001,163000000,0.00194598,"fc8d62",0.00277831,"8da0cb"
3,162000001,164000000,0.00243251,"fc8d62",0.00306878,"8da0cb"
3,163000001,165000000,0.00242939,"fc8d62",0.00334983,"8da0cb"
3,164000001,166000000,0.00201999,"fc8d62",0.00253629,"8da0cb"
3,165000001,167000000,0.00136189,"fc8d62",0.00173518,"8da0cb"
3,166000001,168000000,0.00172318,"fc8d62",0.00244123,"8da0cb"
3,167000001,169000000,0.00227499,"fc8d62",0.00313951,"8da0cb"
3,168000001,170000000,0.0019394,"fc8d62",0.00291514,"8da0cb"
3,169000001,171000000,0.00176618,"fc8d62",0.00242989,"8da0cb"
3,170000001,172000000,0.00218445,"fc8d62",0.0027395,"8da0cb"
3,171000001,173000000,0.00240007,"fc8d62",0.00309355,"8da0cb"
3,172000001,174000000,0.00243693,"fc8d62",0.00315118,"8da0cb"
3,173000001,175000000,0.00262237,"fc8d62",0.0032978,"8da0cb"
3,174000001,176000000,0.00259222,"fc8d62",0.0034133,"8da0cb"
3,175000001,177000000,0.00237248,"fc8d62",0.00359922,"8da0cb"
3,176000001,178000000,0.00234877,"fc8d62",0.00337354,"8da0cb"
3,177000001,179000000,0.00224398,"fc8d62",0.00302123,"8da0cb"
3,178000001,180000000,0.00214156,"fc8d62",0.00286138,"8da0cb"
3,179000001,181000000,0.00200198,"fc8d62",0.00263881,"8da0cb"
3,180000001,182000000,0.00211035,"fc8d62",0.00278529,"8da0cb"
3,181000001,183000000,0.00256776,"fc8d62",0.00328586,"8da0cb"
3,182000001,184000000,0.00319942,"fc8d62",0.00393549,"8da0cb"
3,183000001,185000000,0.00363681,"fc8d62",0.00438163,"8da0cb"
3,184000001,186000000,0.00316397,"fc8d62",0.00404438,"8da0cb"
3,185000001,187000000,0.00279262,"fc8d62",0.00383165,"8da0cb"
3,186000001,188000000,0.00279459,"fc8d62",0.00390642,"8da0cb"
3,187000001,189000000,0.00273013,"fc8d62",0.00378702,"8da0cb"
3,188000001,190000000,0.00253882,"fc8d62",0.00338139,"8da0cb"
3,189000001,191000000,0.00242838,"fc8d62",0.00335272,"8da0cb"
3,190000001,192000000,0.00256298,"fc8d62",0.00369604,"8da0cb"
3,191000001,193000000,0.00262417,"fc8d62",0.00357149,"8da0cb"
3,192000001,194000000,0.00232511,"fc8d62",0.00364416,"8da0cb"
3,193000001,195000000,0.00171171,"fc8d62",0.00292432,"8da0cb"
3,194000001,196000000,0.00133567,"fc8d62",0.00206378,"8da0cb"
3,195000001,197000000,0.00174242,"fc8d62",0.0024141,"8da0cb"
3,196000001,198000000,0.00212102,"fc8d62",0.00272243,"8da0cb"
3,197000001,199000000,0.00168537,"fc8d62",0.00259382,"8da0cb"
3,198000001,200000000,0.00185886,"fc8d62",0.00274951,"8da0cb"
3,199000001,201000000,0.00208696,"fc8d62",0.00278732,"8da0cb"
3,200000001,202000000,0.00215508,"fc8d62",0.00278426,"8da0cb"
3,201000001,203000000,0.0023706,"fc8d62",0.00288501,"8da0cb"
3,202000001,204000000,0.00240795,"fc8d62",0.00318017,"8da0cb"
3,203000001,205000000,0.0021115,"fc8d62",0.00309022,"8da0cb"
3,204000001,206000000,0.0017789,"fc8d62",0.00258299,"8da0cb"
3,205000001,207000000,0.00244779,"fc8d62",0.00356224,"8da0cb"
3,206000001,207093695,0.00171017,"fc8d62",0.00252742,"8da0cb"
3,207000001,207093695,0.000153918,"fc8d62",0.000217532,"8da0cb"
4,1,2000000,0.00275429,"fc8d62",0.00365149,"8da0cb"
4,1000001,3000000,0.00281643,"fc8d62",0.0034662,"8da0cb"
4,2000001,4000000,0.00291774,"fc8d62",0.0037396,"8da0cb"
4,3000001,5000000,0.00338641,"fc8d62",0.00421588,"8da0cb"
4,4000001,6000000,0.00297115,"fc8d62",0.00402407,"8da0cb"
4,5000001,7000000,0.00221482,"fc8d62",0.00301593,"8da0cb"
4,6000001,8000000,0.00206407,"fc8d62",0.00263112,"8da0cb"
4,7000001,9000000,0.00243134,"fc8d62",0.00297123,"8da0cb"
4,8000001,10000000,0.00230961,"fc8d62",0.00281124,"8da0cb"
4,9000001,11000000,0.00197795,"fc8d62",0.00282814,"8da0cb"
4,10000001,12000000,0.00199719,"fc8d62",0.00297395,"8da0cb"
4,11000001,13000000,0.00251423,"fc8d62",0.00324653,"8da0cb"
4,12000001,14000000,0.00282524,"fc8d62",0.00339854,"8da0cb"
4,13000001,15000000,0.00260907,"fc8d62",0.00310959,"8da0cb"
4,14000001,16000000,0.002093,"fc8d62",0.00277496,"8da0cb"
4,15000001,17000000,0.00322345,"fc8d62",0.00404052,"8da0cb"
4,16000001,18000000,0.0035203,"fc8d62",0.00369083,"8da0cb"
4,17000001,19000000,0.00318331,"fc8d62",0.00366001,"8da0cb"
4,18000001,20000000,0.00287081,"fc8d62",0.00391855,"8da0cb"
4,19000001,21000000,0.00210297,"fc8d62",0.00309511,"8da0cb"
4,20000001,22000000,0.00237946,"fc8d62",0.00345356,"8da0cb"
4,21000001,23000000,0.0024514,"fc8d62",0.00326015,"8da0cb"
4,22000001,24000000,0.00273729,"fc8d62",0.00377437,"8da0cb"
4,23000001,25000000,0.0022869,"fc8d62",0.00360161,"8da0cb"
4,24000001,26000000,0.00175437,"fc8d62",0.002987,"8da0cb"
4,25000001,27000000,0.00157556,"fc8d62",0.00367995,"8da0cb"
4,26000001,28000000,0.00186379,"fc8d62",0.00354661,"8da0cb"
4,27000001,29000000,0.00269813,"fc8d62",0.00337983,"8da0cb"
4,28000001,30000000,0.0031913,"fc8d62",0.00404815,"8da0cb"
4,29000001,31000000,0.00351796,"fc8d62",0.00423314,"8da0cb"
4,30000001,32000000,0.00330853,"fc8d62",0.00392713,"8da0cb"
4,31000001,33000000,0.00287447,"fc8d62",0.00345807,"8da0cb"
4,32000001,34000000,0.00237648,"fc8d62",0.00304474,"8da0cb"
4,33000001,35000000,0.00286152,"fc8d62",0.00368589,"8da0cb"
4,34000001,36000000,0.00297739,"fc8d62",0.00413385,"8da0cb"
4,35000001,37000000,0.00203724,"fc8d62",0.00360503,"8da0cb"
4,36000001,38000000,0.00222572,"fc8d62",0.0032842,"8da0cb"
4,37000001,39000000,0.00296507,"fc8d62",0.00337511,"8da0cb"
4,38000001,40000000,0.00270765,"fc8d62",0.00328825,"8da0cb"
4,39000001,41000000,0.00260518,"fc8d62",0.00358173,"8da0cb"
4,40000001,42000000,0.00293503,"fc8d62",0.00390894,"8da0cb"
4,41000001,43000000,0.00319437,"fc8d62",0.00402359,"8da0cb"
4,42000001,44000000,0.00229841,"fc8d62",0.00311714,"8da0cb"
4,43000001,45000000,0.00175263,"fc8d62",0.00228073,"8da0cb"
4,44000001,46000000,0.00225242,"fc8d62",0.0026281,"8da0cb"
4,45000001,47000000,0.0023403,"fc8d62",0.00290932,"8da0cb"
4,46000001,48000000,0.00258777,"fc8d62",0.00303455,"8da0cb"
4,47000001,49000000,0.00288997,"fc8d62",0.00339597,"8da0cb"
4,48000001,50000000,0.00273313,"fc8d62",0.00346736,"8da0cb"
4,49000001,50051714,0.00130088,"fc8d62",0.00164109,"8da0cb"
4,50000001,50051714,7.26e-05,"fc8d62",0.000111342,"8da0cb"
5,1,2000000,0.00181954,"fc8d62",0.00262754,"8da0cb"
5,1000001,3000000,0.00195182,"fc8d62",0.00245558,"8da0cb"
5,2000001,4000000,0.00292857,"fc8d62",0.00338264,"8da0cb"
5,3000001,5000000,0.0031775,"fc8d62",0.00340253,"8da0cb"
5,4000001,6000000,0.00289191,"fc8d62",0.0035669,"8da0cb"
5,5000001,7000000,0.00277257,"fc8d62",0.00400273,"8da0cb"
5,6000001,8000000,0.00289436,"fc8d62",0.00379919,"8da0cb"
5,7000001,9000000,0.00285426,"fc8d62",0.00372955,"8da0cb"
5,8000001,10000000,0.00244798,"fc8d62",0.00318194,"8da0cb"
5,9000001,11000000,0.0027631,"fc8d62",0.00339298,"8da0cb"
5,10000001,12000000,0.00253242,"fc8d62",0.00335545,"8da0cb"
5,11000001,13000000,0.00210595,"fc8d62",0.00294221,"8da0cb"
5,12000001,14000000,0.0023132,"fc8d62",0.00288595,"8da0cb"
5,13000001,15000000,0.00256585,"fc8d62",0.00308467,"8da0cb"
5,14000001,16000000,0.00298479,"fc8d62",0.00350465,"8da0cb"
5,15000001,17000000,0.00315335,"fc8d62",0.00352992,"8da0cb"
5,16000001,18000000,0.00266688,"fc8d62",0.00300837,"8da0cb"
5,17000001,19000000,0.0024528,"fc8d62",0.0031909,"8da0cb"
5,18000001,20000000,0.00307984,"fc8d62",0.00435177,"8da0cb"
5,19000001,21000000,0.00329409,"fc8d62",0.00420137,"8da0cb"
5,20000001,22000000,0.00254666,"fc8d62",0.0028295,"8da0cb"
5,21000001,23000000,0.00242417,"fc8d62",0.00277703,"8da0cb"
5,22000001,24000000,0.00277353,"fc8d62",0.00339046,"8da0cb"
5,23000001,25000000,0.00300037,"fc8d62",0.0038913,"8da0cb"
5,24000001,26000000,0.00282938,"fc8d62",0.00377075,"8da0cb"
5,25000001,27000000,0.00203529,"fc8d62",0.00291296,"8da0cb"
5,26000001,28000000,0.00171194,"fc8d62",0.0024901,"8da0cb"
5,27000001,29000000,0.00185756,"fc8d62",0.00235418,"8da0cb"
5,28000001,30000000,0.00236466,"fc8d62",0.0028412,"8da0cb"
5,29000001,31000000,0.00228905,"fc8d62",0.00314254,"8da0cb"
5,30000001,32000000,0.00213126,"fc8d62",0.00334539,"8da0cb"
5,31000001,33000000,0.00285318,"fc8d62",0.00410358,"8da0cb"
5,32000001,34000000,0.00346793,"fc8d62",0.00467444,"8da0cb"
5,33000001,35000000,0.00256545,"fc8d62",0.00362585,"8da0cb"
5,34000001,36000000,0.00200817,"fc8d62",0.00273035,"8da0cb"
5,35000001,37000000,0.00212388,"fc8d62",0.00280812,"8da0cb"
5,36000001,38000000,0.00132492,"fc8d62",0.00219521,"8da0cb"
5,37000001,39000000,0.00153548,"fc8d62",0.0025243,"8da0cb"
5,38000001,40000000,0.00218797,"fc8d62",0.00288501,"8da0cb"
5,39000001,41000000,0.00263471,"fc8d62",0.00309448,"8da0cb"
5,40000001,42000000,0.00244609,"fc8d62",0.00318244,"8da0cb"
5,41000001,43000000,0.00161207,"fc8d62",0.00234946,"8da0cb"
5,42000001,44000000,0.00148267,"fc8d62",0.00276788,"8da0cb"
5,43000001,45000000,0.00183627,"fc8d62",0.00322001,"8da0cb"
5,44000001,45443526,0.00163256,"fc8d62",0.00218536,"8da0cb"
5,45000001,45443526,0.000547048,"fc8d62",0.000667885,"8da0cb"
6,1,2000000,0.0021783,"fc8d62",0.00291482,"8da0cb"
6,1000001,3000000,0.00211803,"fc8d62",0.00275243,"8da0cb"
6,2000001,4000000,0.00256058,"fc8d62",0.00315734,"8da0cb"
6,3000001,5000000,0.00317148,"fc8d62",0.00382157,"8da0cb"
6,4000001,6000000,0.00300645,"fc8d62",0.0039079,"8da0cb"
6,5000001,7000000,0.00340004,"fc8d62",0.00396265,"8da0cb"
6,6000001,8000000,0.00283874,"fc8d62",0.00339222,"8da0cb"
6,7000001,9000000,0.00253108,"fc8d62",0.00355023,"8da0cb"
6,8000001,10000000,0.0030541,"fc8d62",0.0040437,"8da0cb"
6,9000001,11000000,0.00337222,"fc8d62",0.00410848,"8da0cb"
6,10000001,12000000,0.00314793,"fc8d62",0.00379786,"8da0cb"
6,11000001,13000000,0.00231732,"fc8d62",0.00344704,"8da0cb"
6,12000001,14000000,0.00197063,"fc8d62",0.00285651,"8da0cb"
6,13000001,15000000,0.00195957,"fc8d62",0.00222829,"8da0cb"
6,14000001,16000000,0.00210158,"fc8d62",0.0024822,"8da0cb"
6,15000001,17000000,0.00268774,"fc8d62",0.00332304,"8da0cb"
6,16000001,18000000,0.0027638,"fc8d62",0.00364724,"8da0cb"
6,17000001,19000000,0.00262757,"fc8d62",0.00332542,"8da0cb"
6,18000001,20000000,0.00238429,"fc8d62",0.0030313,"8da0cb"
6,19000001,21000000,0.00196829,"fc8d62",0.00337301,"8da0cb"
6,20000001,22000000,0.00241431,"fc8d62",0.00375096,"8da0cb"
6,21000001,23000000,0.00215788,"fc8d62",0.00274046,"8da0cb"
6,22000001,24000000,0.00156078,"fc8d62",0.0021716,"8da0cb"
6,23000001,25000000,0.00206344,"fc8d62",0.00289873,"8da0cb"
6,24000001,26000000,0.00251305,"fc8d62",0.0034141,"8da0cb"
6,25000001,27000000,0.00266739,"fc8d62",0.00350403,"8da0cb"
6,26000001,28000000,0.00217539,"fc8d62",0.00306507,"8da0cb"
6,27000001,29000000,0.00193475,"fc8d62",0.00306141,"8da0cb"
6,28000001,30000000,0.00211027,"fc8d62",0.00371086,"8da0cb"
6,29000001,31000000,0.00203123,"fc8d62",0.00324239,"8da0cb"
6,30000001,32000000,0.00243429,"fc8d62",0.00294111,"8da0cb"
6,31000001,33000000,0.00249381,"fc8d62",0.00312662,"8da0cb"
6,32000001,34000000,0.00221275,"fc8d62",0.00290609,"8da0cb"
6,33000001,35000000,0.0020406,"fc8d62",0.00256255,"8da0cb"
6,34000001,35772468,0.0016945,"fc8d62",0.00207109,"8da0cb"
6,35000001,35772468,0.000728102,"fc8d62",0.000885006,"8da0cb"
7,1,2000000,0.00218248,"fc8d62",0.00313246,"8da0cb"
7,1000001,3000000,0.0020601,"fc8d62",0.00287293,"8da0cb"
7,2000001,4000000,0.00223759,"fc8d62",0.00291735,"8da0cb"
7,3000001,5000000,0.00277219,"fc8d62",0.00379193,"8da0cb"
7,4000001,6000000,0.00266028,"fc8d62",0.003415,"8da0cb"
7,5000001,7000000,0.0025137,"fc8d62",0.00302489,"8da0cb"
7,6000001,8000000,0.00250246,"fc8d62",0.00324743,"8da0cb"
7,7000001,9000000,0.00303615,"fc8d62",0.00352575,"8da0cb"
7,8000001,10000000,0.00331776,"fc8d62",0.00371794,"8da0cb"
7,9000001,11000000,0.00236018,"fc8d62",0.00319525,"8da0cb"
7,10000001,12000000,0.00210008,"fc8d62",0.00290738,"8da0cb"
7,11000001,13000000,0.00219447,"fc8d62",0.00314836,"8da0cb"
7,12000001,14000000,0.00279653,"fc8d62",0.00325934,"8da0cb"
7,13000001,15000000,0.00263079,"fc8d62",0.00302875,"8da0cb"
7,14000001,16000000,0.00184617,"fc8d62",0.00292254,"8da0cb"
7,15000001,17000000,0.0018038,"fc8d62",0.00252297,"8da0cb"
7,16000001,18000000,0.00214168,"fc8d62",0.00250956,"8da0cb"
7,17000001,19000000,0.00235497,"fc8d62",0.00265666,"8da0cb"
7,18000001,20000000,0.00241893,"fc8d62",0.00285333,"8da0cb"
7,19000001,21000000,0.00196603,"fc8d62",0.00270018,"8da0cb"
7,20000001,22000000,0.00161012,"fc8d62",0.00229687,"8da0cb"
7,21000001,23000000,0.00210216,"fc8d62",0.00253921,"8da0cb"
7,22000001,24000000,0.00282013,"fc8d62",0.00360542,"8da0cb"
7,23000001,25000000,0.0025827,"fc8d62",0.00344428,"8da0cb"
7,24000001,26000000,0.00210236,"fc8d62",0.00292289,"8da0cb"
7,25000001,27000000,0.00292185,"fc8d62",0.00393445,"8da0cb"
7,26000001,28000000,0.00272139,"fc8d62",0.00336442,"8da0cb"
7,27000001,28624509,0.00188741,"fc8d62",0.00213965,"8da0cb"
7,28000001,28624509,0.00091617,"fc8d62",0.000999186,"8da0cb"
8,1,2000000,0.00144337,"fc8d62",0.00239293,"8da0cb"
8,1000001,3000000,0.0014515,"fc8d62",0.00278887,"8da0cb"
8,2000001,4000000,0.00209857,"fc8d62",0.0031792,"8da0cb"
8,3000001,5000000,0.00193614,"fc8d62",0.00297149,"8da0cb"
8,4000001,6000000,0.00147934,"fc8d62",0.00243782,"8da0cb"
8,5000001,7000000,0.00250658,"fc8d62",0.00330337,"8da0cb"
8,6000001,8000000,0.00346598,"fc8d62",0.00449282,"8da0cb"
8,7000001,9000000,0.00290417,"fc8d62",0.0037534,"8da0cb"
8,8000001,10000000,0.00214919,"fc8d62",0.00254255,"8da0cb"
8,9000001,11000000,0.00247838,"fc8d62",0.00272982,"8da0cb"
8,10000001,12000000,0.00292127,"fc8d62",0.00345251,"8da0cb"
8,11000001,13000000,0.00274367,"fc8d62",0.00366432,"8da0cb"
8,12000001,14000000,0.0024351,"fc8d62",0.00353991,"8da0cb"
8,13000001,15000000,0.0023123,"fc8d62",0.00362182,"8da0cb"
8,14000001,16000000,0.0024794,"fc8d62",0.00371889,"8da0cb"
8,15000001,17000000,0.00223096,"fc8d62",0.00313753,"8da0cb"
8,16000001,18000000,0.00191101,"fc8d62",0.0027385,"8da0cb"
8,17000001,19000000,0.0022118,"fc8d62",0.00290741,"8da0cb"
8,18000001,20000000,0.00264027,"fc8d62",0.00314027,"8da0cb"
8,19000001,21000000,0.00288847,"fc8d62",0.00372515,"8da0cb"
8,20000001,22000000,0.00309519,"fc8d62",0.0040729,"8da0cb"
8,21000001,23000000,0.00245746,"fc8d62",0.00310765,"8da0cb"
8,22000001,24000000,0.00168886,"fc8d62",0.00254101,"8da0cb"
8,23000001,25000000,0.00208665,"fc8d62",0.0029013,"8da0cb"
8,24000001,26000000,0.00177109,"fc8d62",0.00224997,"8da0cb"
8,25000001,27000000,0.00199898,"fc8d62",0.00265944,"8da0cb"
8,26000001,28000000,0.00203847,"fc8d62",0.00278927,"8da0cb"
8,27000001,29000000,0.00138155,"fc8d62",0.00202641,"8da0cb"
8,28000001,30000000,0.00201525,"fc8d62",0.0024762,"8da0cb"
8,29000001,31000000,0.00232267,"fc8d62",0.00291756,"8da0cb"
8,30000001,32000000,0.00194674,"fc8d62",0.0026583,"8da0cb"
8,31000001,33000000,0.00179318,"fc8d62",0.00256094,"8da0cb"
8,32000001,34000000,0.00203756,"fc8d62",0.00299024,"8da0cb"
8,33000001,35000000,0.00248129,"fc8d62",0.00302857,"8da0cb"
8,34000001,36000000,0.00241748,"fc8d62",0.00291695,"8da0cb"
8,35000001,37000000,0.00236096,"fc8d62",0.00336888,"8da0cb"
8,36000001,38000000,0.00247028,"fc8d62",0.00356229,"8da0cb"
8,37000001,39000000,0.00235728,"fc8d62",0.00346657,"8da0cb"
8,38000001,40000000,0.00213155,"fc8d62",0.00312278,"8da0cb"
8,39000001,41000000,0.00192033,"fc8d62",0.00262083,"8da0cb"
8,40000001,42000000,0.00203851,"fc8d62",0.00269179,"8da0cb"
8,41000001,43000000,0.0023922,"fc8d62",0.00313448,"8da0cb"
8,42000001,44000000,0.00308751,"fc8d62",0.00398277,"8da0cb"
8,43000001,45000000,0.00294241,"fc8d62",0.00361659,"8da0cb"
8,44000001,46000000,0.00232721,"fc8d62",0.00289961,"8da0cb"
8,45000001,47000000,0.00205425,"fc8d62",0.00296906,"8da0cb"
8,46000001,48000000,0.00245583,"fc8d62",0.00339451,"8da0cb"
8,47000001,49000000,0.00277481,"fc8d62",0.00360364,"8da0cb"
8,48000001,50000000,0.00337625,"fc8d62",0.00445015,"8da0cb"
8,49000001,51000000,0.002891,"fc8d62",0.00386406,"8da0cb"
8,50000001,52000000,0.00152286,"fc8d62",0.00210887,"8da0cb"
8,51000001,53000000,0.00219859,"fc8d62",0.0030821,"8da0cb"
8,52000001,54000000,0.00266563,"fc8d62",0.00382803,"8da0cb"
8,53000001,55000000,0.00194826,"fc8d62",0.00274336,"8da0cb"
8,54000001,56000000,0.00174868,"fc8d62",0.00230501,"8da0cb"
8,55000001,57000000,0.00205001,"fc8d62",0.00306544,"8da0cb"
8,56000001,58000000,0.0023947,"fc8d62",0.00371728,"8da0cb"
8,57000001,59000000,0.00241366,"fc8d62",0.00329482,"8da0cb"
8,58000001,60000000,0.00210093,"fc8d62",0.00276733,"8da0cb"
8,59000001,61000000,0.00210549,"fc8d62",0.00309054,"8da0cb"
8,60000001,62000000,0.00214513,"fc8d62",0.00295054,"8da0cb"
8,61000001,63000000,0.00228512,"fc8d62",0.00272812,"8da0cb"
8,62000001,64000000,0.00190879,"fc8d62",0.00264459,"8da0cb"
8,63000001,65000000,0.00154024,"fc8d62",0.00235847,"8da0cb"
8,64000001,66000000,0.00196209,"fc8d62",0.00255269,"8da0cb"
8,65000001,67000000,0.00218033,"fc8d62",0.00281197,"8da0cb"
8,66000001,68000000,0.00231391,"fc8d62",0.00292233,"8da0cb"
8,67000001,69000000,0.00265589,"fc8d62",0.00349947,"8da0cb"
8,68000001,70000000,0.00258345,"fc8d62",0.00399698,"8da0cb"
8,69000001,71000000,0.00241596,"fc8d62",0.00383618,"8da0cb"
8,70000001,72000000,0.00279248,"fc8d62",0.00377531,"8da0cb"
8,71000001,73000000,0.00249761,"fc8d62",0.00322715,"8da0cb"
8,72000001,74000000,0.00295049,"fc8d62",0.00359321,"8da0cb"
8,73000001,75000000,0.00284266,"fc8d62",0.00349873,"8da0cb"
8,74000001,76000000,0.00200415,"fc8d62",0.00270591,"8da0cb"
8,75000001,77000000,0.00316709,"fc8d62",0.00355632,"8da0cb"
8,76000001,78000000,0.00378056,"fc8d62",0.00384701,"8da0cb"
8,77000001,79000000,0.00322298,"fc8d62",0.00380229,"8da0cb"
8,78000001,80000000,0.00257727,"fc8d62",0.00347363,"8da0cb"
8,79000001,81000000,0.00303174,"fc8d62",0.00368009,"8da0cb"
8,80000001,82000000,0.00363016,"fc8d62",0.00441349,"8da0cb"
8,81000001,83000000,0.0027299,"fc8d62",0.00370267,"8da0cb"
8,82000001,84000000,0.00204072,"fc8d62",0.00291087,"8da0cb"
8,83000001,85000000,0.00272908,"fc8d62",0.00356639,"8da0cb"
8,84000001,86000000,0.00309356,"fc8d62",0.00371246,"8da0cb"
8,85000001,87000000,0.00278298,"fc8d62",0.00341086,"8da0cb"
8,86000001,88000000,0.00209256,"fc8d62",0.00300643,"8da0cb"
8,87000001,89000000,0.001946,"fc8d62",0.00282444,"8da0cb"
8,88000001,90000000,0.00282844,"fc8d62",0.00381156,"8da0cb"
8,89000001,91000000,0.00296871,"fc8d62",0.0038713,"8da0cb"
8,90000001,92000000,0.00291716,"fc8d62",0.00388556,"8da0cb"
8,91000001,93000000,0.0031471,"fc8d62",0.0041469,"8da0cb"
8,92000001,94000000,0.00289635,"fc8d62",0.00341187,"8da0cb"
8,93000001,95000000,0.00224364,"fc8d62",0.00283797,"8da0cb"
8,94000001,96000000,0.00264196,"fc8d62",0.00324005,"8da0cb"
8,95000001,97000000,0.00327969,"fc8d62",0.0037917,"8da0cb"
8,96000001,98000000,0.00297057,"fc8d62",0.00357657,"8da0cb"
8,97000001,99000000,0.00266401,"fc8d62",0.00333371,"8da0cb"
8,98000001,100000000,0.00219372,"fc8d62",0.00286444,"8da0cb"
8,99000001,101000000,0.0020497,"fc8d62",0.00258958,"8da0cb"
8,100000001,102000000,0.00205222,"fc8d62",0.0025392,"8da0cb"
8,101000001,103000000,0.00245223,"fc8d62",0.00293865,"8da0cb"
8,102000001,104000000,0.00288561,"fc8d62",0.00360711,"8da0cb"
8,103000001,105000000,0.00263794,"fc8d62",0.00324227,"8da0cb"
8,104000001,106000000,0.00269416,"fc8d62",0.00321225,"8da0cb"
8,105000001,107000000,0.00246182,"fc8d62",0.00325239,"8da0cb"
8,106000001,108000000,0.00207116,"fc8d62",0.00275052,"8da0cb"
8,107000001,109000000,0.00205152,"fc8d62",0.00245253,"8da0cb"
8,108000001,110000000,0.00236165,"fc8d62",0.0025472,"8da0cb"
8,109000001,111000000,0.00258418,"fc8d62",0.00290579,"8da0cb"
8,110000001,112000000,0.00234872,"fc8d62",0.00305237,"8da0cb"
8,111000001,113000000,0.0025976,"fc8d62",0.00334575,"8da0cb"
8,112000001,114000000,0.00299795,"fc8d62",0.00377468,"8da0cb"
8,113000001,115000000,0.00290142,"fc8d62",0.00364558,"8da0cb"
8,114000001,116000000,0.00248957,"fc8d62",0.00315502,"8da0cb"
8,115000001,117000000,0.00201612,"fc8d62",0.00268288,"8da0cb"
8,116000001,118000000,0.00246784,"fc8d62",0.00323206,"8da0cb"
8,117000001,119000000,0.0030021,"fc8d62",0.00397918,"8da0cb"
8,118000001,120000000,0.00241978,"fc8d62",0.0035155,"8da0cb"
8,119000001,121000000,0.00200238,"fc8d62",0.00277185,"8da0cb"
8,120000001,122000000,0.00191057,"fc8d62",0.00292491,"8da0cb"
8,121000001,123000000,0.00172795,"fc8d62",0.00334413,"8da0cb"
8,122000001,124000000,0.00210723,"fc8d62",0.0034802,"8da0cb"
8,123000001,125000000,0.00226856,"fc8d62",0.00316394,"8da0cb"
8,124000001,126000000,0.00192059,"fc8d62",0.00250777,"8da0cb"
8,125000001,127000000,0.00235957,"fc8d62",0.00296378,"8da0cb"
8,126000001,128000000,0.00258663,"fc8d62",0.00313599,"8da0cb"
8,127000001,129000000,0.00206078,"fc8d62",0.00245685,"8da0cb"
8,128000001,130000000,0.00223794,"fc8d62",0.0029375,"8da0cb"
8,129000001,131000000,0.00250199,"fc8d62",0.0035018,"8da0cb"
8,130000001,132000000,0.00177124,"fc8d62",0.00269565,"8da0cb"
8,131000001,133000000,0.00149409,"fc8d62",0.00220146,"8da0cb"
8,132000001,134000000,0.0020922,"fc8d62",0.00277607,"8da0cb"
8,133000001,135000000,0.0022911,"fc8d62",0.00284138,"8da0cb"
8,134000001,136000000,0.00260887,"fc8d62",0.00280998,"8da0cb"
8,135000001,137000000,0.00255077,"fc8d62",0.00280448,"8da0cb"
8,136000001,138000000,0.00230257,"fc8d62",0.00281675,"8da0cb"
8,137000001,139000000,0.00255042,"fc8d62",0.00322273,"8da0cb"
8,138000001,140000000,0.00279155,"fc8d62",0.00319897,"8da0cb"
8,139000001,141000000,0.00274818,"fc8d62",0.0032001,"8da0cb"
8,140000001,142000000,0.00259111,"fc8d62",0.00325238,"8da0cb"
8,141000001,143000000,0.0025127,"fc8d62",0.0030874,"8da0cb"
8,142000001,144000000,0.00261373,"fc8d62",0.00347052,"8da0cb"
8,143000001,145000000,0.0026283,"fc8d62",0.0036309,"8da0cb"
8,144000001,146000000,0.00238591,"fc8d62",0.00325235,"8da0cb"
8,145000001,147000000,0.00222368,"fc8d62",0.00296977,"8da0cb"
8,146000001,148000000,0.00204514,"fc8d62",0.00263261,"8da0cb"
8,147000001,149000000,0.00222432,"fc8d62",0.00279651,"8da0cb"
8,148000001,150000000,0.00273432,"fc8d62",0.003666,"8da0cb"
8,149000001,151000000,0.00268861,"fc8d62",0.00375707,"8da0cb"
8,150000001,152000000,0.00286877,"fc8d62",0.00385306,"8da0cb"
8,151000001,153000000,0.00292295,"fc8d62",0.00384798,"8da0cb"
8,152000001,154000000,0.00291383,"fc8d62",0.00382414,"8da0cb"
8,153000001,155000000,0.00310388,"fc8d62",0.00407516,"8da0cb"
8,154000001,156000000,0.00280132,"fc8d62",0.00380234,"8da0cb"
8,155000001,157000000,0.00258387,"fc8d62",0.00354655,"8da0cb"
8,156000001,158000000,0.00249217,"fc8d62",0.00335567,"8da0cb"
8,157000001,159000000,0.00227322,"fc8d62",0.00363194,"8da0cb"
8,158000001,160000000,0.0021583,"fc8d62",0.00323015,"8da0cb"
8,159000001,161000000,0.00246884,"fc8d62",0.00329088,"8da0cb"
8,160000001,162000000,0.00253483,"fc8d62",0.00356558,"8da0cb"
8,161000001,163000000,0.00210928,"fc8d62",0.00279851,"8da0cb"
8,162000001,164000000,0.00253677,"fc8d62",0.00286466,"8da0cb"
8,163000001,165000000,0.00302114,"fc8d62",0.00318001,"8da0cb"
8,164000001,166000000,0.00278518,"fc8d62",0.00303359,"8da0cb"
8,165000001,167000000,0.00259685,"fc8d62",0.00301253,"8da0cb"
8,166000001,168000000,0.00217254,"fc8d62",0.00260933,"8da0cb"
8,167000001,169000000,0.00232277,"fc8d62",0.00276674,"8da0cb"
8,168000001,170000000,0.0026376,"fc8d62",0.00338386,"8da0cb"
8,169000001,171000000,0.00289786,"fc8d62",0.00364586,"8da0cb"
8,170000001,172000000,0.00283617,"fc8d62",0.00338808,"8da0cb"
8,171000001,173000000,0.00226364,"fc8d62",0.00296237,"8da0cb"
8,172000001,174000000,0.0018097,"fc8d62",0.00239827,"8da0cb"
8,173000001,175000000,0.00213379,"fc8d62",0.00285391,"8da0cb"
8,174000001,176000000,0.00254799,"fc8d62",0.0035467,"8da0cb"
8,175000001,177000000,0.00255982,"fc8d62",0.00327577,"8da0cb"
8,176000001,178000000,0.00269603,"fc8d62",0.00339078,"8da0cb"
8,177000001,179000000,0.00264779,"fc8d62",0.00329115,"8da0cb"
8,178000001,180000000,0.00258882,"fc8d62",0.0033236,"8da0cb"
8,179000001,181000000,0.00278167,"fc8d62",0.00372524,"8da0cb"
8,180000001,182000000,0.00257574,"fc8d62",0.00346352,"8da0cb"
8,181000001,183000000,0.00249189,"fc8d62",0.00308956,"8da0cb"
8,182000001,184000000,0.00269171,"fc8d62",0.0033796,"8da0cb"
8,183000001,185000000,0.00284285,"fc8d62",0.00400142,"8da0cb"
8,184000001,186000000,0.00281695,"fc8d62",0.00369479,"8da0cb"
8,185000001,187000000,0.00215846,"fc8d62",0.00259469,"8da0cb"
8,186000001,188000000,0.00214811,"fc8d62",0.00254094,"8da0cb"
8,187000001,189000000,0.00199699,"fc8d62",0.00236166,"8da0cb"
8,188000001,190000000,0.00226815,"fc8d62",0.00283792,"8da0cb"
8,189000001,191000000,0.00300805,"fc8d62",0.00374247,"8da0cb"
8,190000001,192000000,0.00273599,"fc8d62",0.0033385,"8da0cb"
8,191000001,193000000,0.00228992,"fc8d62",0.00287969,"8da0cb"
8,192000001,194000000,0.00252527,"fc8d62",0.00314442,"8da0cb"
8,193000001,195000000,0.00314137,"fc8d62",0.00391979,"8da0cb"
8,194000001,195669025,0.00275773,"fc8d62",0.0034546,"8da0cb"
8,195000001,195669025,0.00109055,"fc8d62",0.00127906,"8da0cb"
9,1,2000000,0.00177639,"fc8d62",0.00270308,"8da0cb"
9,1000001,3000000,0.00210264,"fc8d62",0.002773,"8da0cb"
9,2000001,4000000,0.0023113,"fc8d62",0.00293164,"8da0cb"
9,3000001,5000000,0.00249758,"fc8d62",0.00312086,"8da0cb"
9,4000001,6000000,0.00236264,"fc8d62",0.00310029,"8da0cb"
9,5000001,7000000,0.00207382,"fc8d62",0.00289618,"8da0cb"
9,6000001,8000000,0.00207682,"fc8d62",0.00300068,"8da0cb"
9,7000001,9000000,0.00221596,"fc8d62",0.00301096,"8da0cb"
9,8000001,10000000,0.0017079,"fc8d62",0.00284782,"8da0cb"
9,9000001,11000000,0.00184981,"fc8d62",0.00324509,"8da0cb"
9,10000001,12000000,0.00232721,"fc8d62",0.00306971,"8da0cb"
9,11000001,13000000,0.0025398,"fc8d62",0.00315836,"8da0cb"
9,12000001,14000000,0.0026059,"fc8d62",0.00357107,"8da0cb"
9,13000001,15000000,0.00269321,"fc8d62",0.00334506,"8da0cb"
9,14000001,16000000,0.00245456,"fc8d62",0.00285068,"8da0cb"
9,15000001,17000000,0.00242724,"fc8d62",0.00303469,"8da0cb"
9,16000001,18000000,0.00253703,"fc8d62",0.00319223,"8da0cb"
9,17000001,19000000,0.00171964,"fc8d62",0.00249886,"8da0cb"
9,18000001,20000000,0.00162565,"fc8d62",0.00242866,"8da0cb"
9,19000001,21000000,0.00236604,"fc8d62",0.00322348,"8da0cb"
9,20000001,22000000,0.00194768,"fc8d62",0.00289614,"8da0cb"
9,21000001,23000000,0.00192124,"fc8d62",0.00285674,"8da0cb"
9,22000001,24000000,0.00250382,"fc8d62",0.00333378,"8da0cb"
9,23000001,25000000,0.00235219,"fc8d62",0.00335223,"8da0cb"
9,24000001,26000000,0.00212353,"fc8d62",0.00330716,"8da0cb"
9,25000001,27000000,0.0018587,"fc8d62",0.00261043,"8da0cb"
9,26000001,28000000,0.00244938,"fc8d62",0.0032007,"8da0cb"
9,27000001,29000000,0.00265082,"fc8d62",0.00364936,"8da0cb"
9,28000001,30000000,0.00242125,"fc8d62",0.00323943,"8da0cb"
9,29000001,31000000,0.00295572,"fc8d62",0.00364058,"8da0cb"
9,30000001,32000000,0.0025752,"fc8d62",0.00316927,"8da0cb"
9,31000001,33000000,0.0016104,"fc8d62",0.00222459,"8da0cb"
9,32000001,34000000,0.00193781,"fc8d62",0.00263115,"8da0cb"
9,33000001,35000000,0.00232486,"fc8d62",0.00288171,"8da0cb"
9,34000001,36000000,0.00208236,"fc8d62",0.00294098,"8da0cb"
9,35000001,37000000,0.0017487,"fc8d62",0.00265692,"8da0cb"
9,36000001,38000000,0.0018725,"fc8d62",0.00237603,"8da0cb"
9,37000001,39000000,0.00230629,"fc8d62",0.00294108,"8da0cb"
9,38000001,40000000,0.00242656,"fc8d62",0.00336285,"8da0cb"
9,39000001,41000000,0.00257126,"fc8d62",0.0033808,"8da0cb"
9,40000001,42000000,0.00278107,"fc8d62",0.00347895,"8da0cb"
9,41000001,43000000,0.00239964,"fc8d62",0.00298498,"8da0cb"
9,42000001,44000000,0.00189673,"fc8d62",0.00222932,"8da0cb"
9,43000001,45000000,0.00177994,"fc8d62",0.00255246,"8da0cb"
9,44000001,46000000,0.0013001,"fc8d62",0.00263574,"8da0cb"
9,45000001,47000000,0.00202568,"fc8d62",0.00307916,"8da0cb"
9,46000001,48000000,0.00271703,"fc8d62",0.00333895,"8da0cb"
9,47000001,49000000,0.00231531,"fc8d62",0.00313944,"8da0cb"
9,48000001,50000000,0.00239339,"fc8d62",0.0032872,"8da0cb"
9,49000001,51000000,0.00272038,"fc8d62",0.00353847,"8da0cb"
9,50000001,52000000,0.00279649,"fc8d62",0.00359183,"8da0cb"
9,51000001,53000000,0.00285497,"fc8d62",0.00349729,"8da0cb"
9,52000001,54000000,0.00261287,"fc8d62",0.0032144,"8da0cb"
9,53000001,55000000,0.00213909,"fc8d62",0.00291013,"8da0cb"
9,54000001,55551413,0.00144653,"fc8d62",0.00210174,"8da0cb"
9,55000001,55551413,0.000405328,"fc8d62",0.00060741,"8da0cb"
